inning,pitch_count,velocity_drop,earned_runs,pitch_type,pitcher_hand,batter_side,next_batter_side,batter_slugging,replace_decision
7,145,0.40488672605738785,5,Slider,R,R,R,0.23957410459225167,1
4,79,4.427879628674623,1,Slider,R,L,R,0.5922535925778767,1
8,119,2.359409070762501,7,Cutter,R,S,R,0.3695495921500678,0
5,122,1.069361990917617,2,Fastball,L,L,R,0.24973601260642356,1
7,82,6.174545696821126,4,Cutter,L,L,L,0.24738559654294195,1
3,57,1.7393346740420537,6,Slider,L,L,L,0.42299845257517904,1
7,147,1.7894016964395112,0,Changeup,R,S,S,0.5243667497805942,0
8,69,2.200614281103384,4,Fastball,R,R,S,0.5883764134307206,0
5,59,4.694134110624219,6,Slider,L,L,L,0.5405165779993962,0
4,27,5.277327453525986,2,Slider,R,R,L,0.7387731682051126,1
8,27,0.1408201896107597,2,Sinker,L,L,R,0.29212045614545973,1
8,123,1.9349570889103225,4,Changeup,R,L,R,0.6974039395516396,1
3,53,3.4477667400422627,5,Changeup,L,L,R,0.5169363652424395,1
6,76,2.655815617289865,0,Slider,L,L,S,0.716338215961883,1
5,41,7.073365268087088,4,Slider,R,L,S,0.45599800305188903,0
2,106,6.30166984709135,4,Cutter,R,L,S,0.48908011976257687,0
8,59,5.00712172431062,7,Curveball,R,S,S,0.45339041468161495,0
6,105,2.704339327976318,5,Changeup,L,R,R,0.25787952804103165,0
2,114,5.6053787587692785,4,Changeup,L,R,S,0.2870035280990094,1
5,32,6.749104102766355,0,Sinker,R,S,S,0.5105177887738257,1
1,47,4.758643018871894,3,Cutter,L,L,R,0.5199253808826616,1
6,103,6.275691735147033,0,Fastball,L,S,R,0.48067890019607756,0
9,81,5.992839691197982,5,Sinker,L,S,L,0.2077070186720028,1
1,112,4.573898489282578,4,Sinker,R,S,R,0.5033464432900954,1
3,106,2.4974657345720876,1,Fastball,L,R,S,0.28023482499357305,0
7,43,5.966257264010174,1,Fastball,R,S,R,0.5398240624314735,0
4,117,1.6543709308608516,2,Changeup,R,L,S,0.37296407155509714,1
9,26,6.23590677177227,7,Curveball,L,S,L,0.7948989578103485,1
3,56,6.436373537140264,3,Curveball,L,R,L,0.4155491181081411,0
5,87,6.577159036562985,7,Cutter,R,R,L,0.6924841455492914,1
3,105,3.783327767827661,6,Fastball,L,L,S,0.34735677172669654,0
7,106,1.5398461421633733,6,Fastball,L,S,S,0.313690914880133,1
5,34,0.7977888005285498,5,Slider,R,L,L,0.33265273027920533,0
9,142,5.946890003903394,7,Cutter,R,S,L,0.3998702211821402,1
7,126,7.090091076238505,2,Sinker,L,L,S,0.7093201634820758,0
2,108,5.206706870695253,6,Sinker,L,L,S,0.658376104679398,1
4,144,1.1532804831069567,2,Cutter,R,L,S,0.46125671804181284,1
9,132,7.479171588140592,1,Changeup,L,R,S,0.3128535268011129,0
2,126,7.9128161163145565,0,Changeup,R,R,L,0.22922422670901418,1
9,106,3.4670288794793755,2,Cutter,R,S,L,0.5711250427859498,1
5,87,4.75860231419017,2,Curveball,R,R,R,0.6240513393849236,1
2,34,6.217828160013262,6,Cutter,R,L,R,0.5636832813736675,1
4,84,5.891118320400357,7,Curveball,R,R,S,0.5007525466349096,1
7,73,7.742297535467594,3,Changeup,L,R,L,0.7837175876321416,1
8,112,0.9190647286303113,6,Cutter,L,S,S,0.2147981463861489,1
3,39,4.645798929142446,1,Curveball,R,L,R,0.7930449488916262,1
1,52,5.535451357384737,0,Slider,R,R,S,0.36578873698971553,0
4,119,7.12078739350136,3,Slider,R,R,R,0.4298868654975041,0
2,96,6.992877021745206,0,Cutter,R,S,R,0.6515203669230258,1
8,126,7.82399834849032,6,Fastball,R,S,L,0.3362689378866689,0
4,139,4.096627631501432,7,Cutter,R,L,S,0.6259097708255065,1
2,93,6.646086934505813,0,Changeup,L,S,L,0.3995305587522291,0
6,30,3.4182536650186215,2,Changeup,R,L,R,0.764334899815942,1
6,50,3.378511022848258,3,Slider,R,L,R,0.30302438142756727,0
4,31,2.026786915782872,2,Curveball,L,R,S,0.7590703632084101,0
6,143,6.545898296153839,7,Slider,L,R,S,0.6746440288669358,1
2,97,7.886520846508125,4,Curveball,R,R,S,0.3021418003216052,1
2,115,2.050733826778063,0,Cutter,R,R,S,0.43257803408355133,0
4,69,0.44905270416857856,3,Fastball,R,R,R,0.26257781675322356,1
8,136,6.524339499352059,1,Changeup,R,L,R,0.5598323395665795,1
7,36,4.961840420278049,2,Cutter,R,R,R,0.7763166892046673,1
9,148,7.677590404408035,4,Slider,R,R,L,0.24753854442078155,1
8,83,2.017913752615618,5,Sinker,L,R,L,0.3548680781226484,1
5,106,0.5682212640102486,7,Sinker,R,L,L,0.6532140682559615,1
2,35,3.9395380869320125,4,Cutter,R,S,S,0.4749893653102051,0
5,82,0.6837281837211799,4,Fastball,L,S,R,0.4033733949813014,1
8,95,2.0943200088216596,2,Curveball,R,R,L,0.5607143487482473,1
9,104,1.0078228865533463,1,Fastball,L,S,S,0.3763826310543096,0
9,128,1.7930574372806296,6,Slider,L,L,S,0.3973143897812156,1
1,36,0.8491572225711348,3,Fastball,L,R,S,0.6836669194050471,1
9,77,7.631247995418283,0,Changeup,R,L,R,0.4349503293729969,1
7,98,2.228501707597884,1,Sinker,L,L,S,0.6203344024695543,0
9,80,3.5511806879405237,2,Fastball,L,R,L,0.2904576462232057,1
8,132,7.188894461073779,5,Cutter,R,L,S,0.4392926515629472,1
1,140,5.418572703691795,3,Curveball,L,R,R,0.531152407509264,1
8,53,4.944299844494195,0,Changeup,L,L,R,0.36037829105165975,1
8,89,5.644505522886697,5,Changeup,L,S,S,0.45296088202109347,0
3,36,6.630578056843055,3,Changeup,R,S,R,0.6558942589200364,0
1,39,7.021354142814087,7,Slider,L,S,R,0.29690282971006254,0
8,78,5.141117365320212,0,Slider,L,L,L,0.5004507234200708,0
3,88,7.120058197552462,6,Cutter,R,R,L,0.3570691364836962,1
3,121,4.283180219403815,0,Curveball,L,S,S,0.4461429553653652,1
1,139,2.2183268501473874,4,Fastball,R,R,R,0.42523255684499717,1
5,76,7.040613671070755,5,Cutter,L,S,R,0.5932042406348164,0
7,102,4.331782619304697,5,Slider,R,S,R,0.6603007470706339,0
9,148,7.249100700537874,2,Cutter,R,L,L,0.4998426136143196,1
7,32,0.32134251160464977,7,Curveball,L,S,R,0.299951265708875,0
9,25,3.1801260123298842,1,Cutter,L,R,L,0.721174821759458,1
8,116,7.582440146899746,6,Sinker,R,R,R,0.311721206800295,1
2,113,1.997200742066422,4,Sinker,L,S,L,0.5470703608281203,1
1,129,7.532289968307941,7,Changeup,R,R,S,0.5163812516468353,1
7,70,7.631219689033999,4,Fastball,L,R,S,0.3719963544272366,1
7,70,7.057138513806888,3,Slider,L,R,R,0.7717680247006911,0
8,106,4.50934436074639,5,Slider,R,R,R,0.6059987258476678,1
5,87,5.175515592645108,0,Sinker,L,R,L,0.4819886550101864,1
3,103,6.956935987598953,0,Curveball,L,S,L,0.4660918246465499,1
8,61,6.207176659113475,7,Curveball,L,R,L,0.2554729438140251,1
6,76,5.040750795643293,6,Curveball,L,R,R,0.6684085300139615,1
3,81,7.858075262965621,3,Slider,R,S,L,0.25018612377872007,1
1,26,5.485413090669553,5,Changeup,R,L,R,0.3204324686162204,0
3,131,7.803855939582089,2,Fastball,R,R,L,0.2986969523115527,1
5,45,0.45910779685672587,0,Curveball,R,L,R,0.24089349247219083,0
3,38,1.1116829659376997,4,Slider,L,L,L,0.6977508336623137,0
1,28,3.6116707680039246,4,Changeup,R,S,L,0.743776817843911,0
5,80,3.079035687074521,5,Curveball,R,L,L,0.5753105395857414,0
7,39,6.261878730856222,0,Curveball,R,L,R,0.7266530788475603,0
7,125,1.28491221175363,0,Fastball,L,L,S,0.6050379334699241,1
9,69,7.808761432891909,2,Sinker,L,S,S,0.6110033933333539,1
3,100,2.520527002087312,5,Fastball,R,R,R,0.7336827404274582,1
7,29,3.4313896619212754,0,Cutter,L,S,R,0.2551571853870799,1
1,84,2.1979602595201833,2,Sinker,L,S,S,0.2328389590251606,1
4,27,4.634908938612378,4,Sinker,R,S,S,0.2321549453939618,0
4,41,0.46902960338067157,2,Sinker,R,R,L,0.45074291835740554,0
5,37,1.1974200445635903,0,Curveball,R,L,L,0.7678364040404053,0
7,28,5.966381627349794,1,Cutter,L,R,R,0.7219594673827467,1
7,73,1.4920046672384313,7,Slider,R,L,S,0.6691781029997221,1
4,45,1.8841156124533027,5,Fastball,L,R,S,0.4423491302010245,1
7,113,6.343857885798702,6,Sinker,L,S,R,0.6945094776640107,0
3,119,0.7464094268580288,0,Sinker,R,S,S,0.33109407992069806,1
6,45,3.4997905821667272,1,Changeup,L,L,L,0.5512110842616411,0
2,53,0.1845070959778159,4,Curveball,L,S,S,0.6475536971184435,1
9,27,2.7744591945432306,5,Curveball,R,S,S,0.2554646413477421,0
5,67,5.591851220886036,6,Cutter,L,R,L,0.7244814294926207,1
6,126,0.7208262377378265,3,Fastball,L,L,S,0.6363913870265019,1
4,73,7.106677014230081,5,Sinker,L,R,L,0.5199672875957577,1
7,138,7.275992343525728,4,Sinker,L,R,L,0.2374450048095582,1
9,100,0.8399230010010807,4,Cutter,L,S,L,0.6167112575428193,0
7,115,7.9258594910062135,4,Curveball,L,R,S,0.4683503720393946,1
1,121,2.3802364271639114,2,Fastball,R,L,L,0.642006326935674,1
1,81,0.6728133690528484,6,Curveball,R,S,R,0.2218222301720511,1
9,65,0.040536915978098165,7,Fastball,R,L,S,0.544855693478045,0
9,106,3.2681831661109007,4,Curveball,R,L,L,0.46821215461838644,1
4,118,5.0384798856489414,3,Changeup,L,L,R,0.45788920076492295,1
9,58,2.657433999226506,0,Sinker,R,L,R,0.5105432475486373,1
3,72,6.693738923796982,1,Cutter,R,R,L,0.27420130439468376,1
7,99,5.732850204520401,5,Fastball,R,S,R,0.761270997668678,1
6,35,2.8012922557442614,5,Cutter,R,R,L,0.6228212657643755,1
8,123,5.874477332868837,4,Fastball,R,S,R,0.2509095711787745,1
9,89,7.5239018957539985,1,Fastball,R,R,S,0.24767576845383257,0
5,127,0.7447679883441367,4,Sinker,R,S,L,0.3263971212684645,1
1,66,2.448831681260935,7,Fastball,R,L,R,0.34383350095839504,1
3,28,3.7066075129335463,2,Curveball,R,L,R,0.49529017589991003,0
8,53,3.9839210220381487,1,Slider,R,R,L,0.5218732471139116,0
6,105,4.337565159088589,4,Curveball,R,R,S,0.28748467831886526,1
8,134,2.4050152523091883,4,Slider,L,L,L,0.7841191761012387,1
9,83,5.338077167858793,3,Sinker,R,R,R,0.6948613637696717,0
4,53,5.160676028238638,3,Sinker,L,R,L,0.580092640339681,0
1,31,4.622572050172911,6,Curveball,R,S,S,0.3667433012801735,0
1,116,0.9100937736870129,3,Slider,R,S,R,0.7462039780079519,0
4,140,3.815743128767556,6,Sinker,L,S,S,0.38914631281184586,1
7,106,2.8498150999150047,2,Fastball,L,R,S,0.39154232668797334,0
2,121,3.928307758704981,7,Fastball,L,L,R,0.41175561407090955,1
3,115,7.374931484120208,6,Slider,L,L,S,0.2287610519936523,1
1,133,3.8442507452672663,1,Slider,L,L,R,0.23711241073197942,1
5,66,0.11184633471609473,2,Cutter,L,L,S,0.4854819535096019,0
1,77,3.5106939046730474,0,Fastball,L,S,S,0.729052044680472,0
8,140,6.565185440395057,4,Curveball,R,S,R,0.7654248585669483,1
1,137,6.240487385745346,4,Cutter,L,R,S,0.6654309021026228,1
1,24,4.107120588225448,7,Slider,L,L,S,0.4426530755478062,0
2,115,1.9981521028745224,4,Sinker,L,R,S,0.3862949290527634,0
2,40,3.7207093033163607,3,Curveball,L,L,L,0.32942274029798996,0
6,147,4.509617755345533,4,Changeup,R,L,S,0.5230700275720248,1
7,143,7.998971506193071,6,Changeup,L,R,L,0.489476309620123,1
5,40,5.153424721355019,3,Sinker,L,S,R,0.48013804528202236,1
1,73,5.554119440500908,0,Changeup,L,R,R,0.38973377543056,1
1,123,3.9316331485444156,2,Sinker,L,R,R,0.5491561308020493,0
3,130,2.835916406260239,7,Curveball,L,L,L,0.5647590830307655,1
2,135,6.503623869177648,2,Sinker,R,S,R,0.7251167565558214,1
5,76,3.9594585947138894,6,Slider,R,R,R,0.656841946239658,1
6,147,7.957521039716201,2,Curveball,R,S,S,0.3979335061194669,1
7,139,3.6569645941443527,3,Cutter,L,S,L,0.42772213779031887,1
4,89,0.544002269180619,7,Cutter,L,S,L,0.3436999425722439,1
7,114,5.460625096720662,5,Changeup,R,S,L,0.30251132975045175,1
8,118,0.37313160740648854,5,Slider,R,L,R,0.26533493742507586,0
1,61,2.0040127750776264,1,Cutter,R,L,L,0.22047227222946394,0
6,89,2.8299060222392267,5,Fastball,R,L,R,0.45060901895336997,0
8,21,5.915868684970621,7,Fastball,R,L,R,0.7754731078247425,0
5,128,3.9538874112609026,1,Changeup,R,L,R,0.522806999478002,0
4,84,0.2291674504820529,0,Changeup,R,R,R,0.6452941291658701,1
2,89,4.934798810207377,1,Changeup,R,S,S,0.43863337649889933,1
6,88,3.291489899413299,0,Cutter,R,L,L,0.4306432147897075,0
6,140,7.374676079736857,4,Slider,R,S,L,0.2751214686984071,1
1,128,3.9964984891218833,6,Sinker,R,L,R,0.37991081247171277,1
9,79,5.671801167514712,2,Sinker,L,L,R,0.7572031743576682,1
6,112,1.7509479386363749,6,Changeup,R,R,R,0.4941209141310553,1
3,31,6.087788516253226,5,Curveball,L,S,S,0.3226056098535754,1
4,122,5.767642483869379,3,Changeup,L,L,R,0.5982522475257559,1
4,131,7.232653668330466,0,Sinker,L,L,L,0.44326874945310174,1
3,84,0.2705731337535937,7,Sinker,L,R,L,0.6964003853961436,1
3,67,3.580005580939609,7,Sinker,L,S,S,0.25569652545711685,1
3,107,5.433243221917041,5,Cutter,R,S,R,0.5130845295489195,1
4,81,0.7613112006417202,3,Slider,L,L,L,0.6807272785682141,0
7,63,3.284832537191299,3,Changeup,R,R,S,0.712269839075675,1
4,74,7.537172824529563,2,Fastball,R,R,L,0.43780748674378095,0
9,127,3.487475927129026,6,Changeup,R,L,S,0.6446246137080152,1
1,66,7.883238267845051,4,Changeup,R,S,R,0.7794258990433387,1
8,21,0.45471248863855696,4,Slider,L,L,L,0.5731567155666479,0
7,132,5.74263820912713,6,Curveball,L,S,L,0.6869540022964955,1
2,30,4.648129889986156,1,Changeup,L,R,R,0.5442497284131171,0
8,131,4.0043174170570035,5,Changeup,R,L,R,0.6741275682093859,1
1,109,7.766779211880075,4,Sinker,L,L,S,0.7644191165736605,1
9,74,1.037203203929029,2,Cutter,R,L,R,0.6268771543459712,1
9,36,7.167991613447307,5,Slider,L,S,L,0.29265719456707784,0
2,87,5.529923289092882,3,Cutter,R,S,L,0.24915205903453702,0
7,71,2.0719685863970616,0,Sinker,R,R,R,0.6872519268121444,0
3,116,7.213353165058347,0,Changeup,L,S,R,0.35501981738356997,0
7,67,3.434359342888106,7,Changeup,L,S,R,0.7251590797767342,1
9,48,6.513818624584567,7,Fastball,R,L,R,0.31769348444824325,1
4,46,3.1106921363791997,4,Cutter,L,R,L,0.7466280209969149,1
1,123,6.807446619465928,7,Sinker,R,R,S,0.6831292721761973,1
2,79,5.093032947560389,1,Slider,L,L,L,0.7287577475569977,1
1,125,1.1283730686698172,0,Changeup,R,S,L,0.33962444332981,1
5,88,5.197305307756221,1,Fastball,R,S,S,0.7271201889580192,0
5,133,1.530758101614981,0,Fastball,R,L,R,0.5525358886749396,0
7,40,3.2953810231533014,1,Curveball,L,L,S,0.2504049409260221,0
9,121,1.3623646740162698,6,Slider,R,S,L,0.7586243246989446,0
9,114,0.17612892533694868,1,Fastball,R,R,R,0.3167850668636963,0
3,124,1.69509231559966,3,Slider,R,L,R,0.3280992710883678,1
3,144,4.290976189793006,2,Changeup,L,S,R,0.6224185700711209,1
3,21,3.852487742218768,0,Curveball,L,L,R,0.5498385605267597,0
4,85,4.01197676428851,5,Sinker,R,R,R,0.7417948616009717,1
8,132,1.9814950275728105,4,Slider,L,R,R,0.38417251754244164,1
6,61,5.481289604913489,2,Sinker,R,S,S,0.22503286613120288,1
8,39,5.634106294562766,3,Curveball,R,R,R,0.7969996128921637,0
1,116,2.8637426044773244,3,Sinker,L,L,S,0.3876463216366721,1
8,87,7.049360707793395,3,Slider,R,R,S,0.297156073229693,1
4,94,5.152185733084383,4,Sinker,R,S,S,0.7906286671226441,1
1,144,5.704314202069054,7,Slider,L,L,R,0.5377362141437625,1
8,66,2.2187193435115153,7,Cutter,R,R,R,0.2893148612391084,0
4,24,0.00489308124469634,0,Curveball,R,R,R,0.7014928970503858,1
6,68,6.9230048968168765,0,Slider,L,R,R,0.7672513878540888,1
8,143,6.579395076638468,6,Cutter,R,S,L,0.728768013743609,1
4,56,0.9855351043426417,7,Cutter,R,S,L,0.319171601545243,0
3,38,2.992841079650452,6,Curveball,R,R,R,0.231612778557986,0
9,59,5.290714467108661,1,Changeup,R,L,L,0.42277980900646395,0
3,36,5.2168868577498255,1,Curveball,L,R,R,0.41290701231393734,1
9,118,6.882802678468452,5,Slider,R,L,R,0.44355145827094267,0
2,112,1.1221452930834284,1,Changeup,R,L,R,0.6793883917057886,1
2,61,3.4395179822809503,4,Curveball,L,S,R,0.20578793031765633,1
2,142,0.7777953434113982,2,Curveball,L,R,R,0.6048880768499043,1
6,126,3.116761987509025,6,Curveball,R,S,R,0.7910924188063555,1
3,91,0.12085956470163506,0,Curveball,L,R,R,0.439491917966091,0
9,84,7.186184520881016,1,Changeup,L,L,S,0.4910344621299002,1
4,128,4.216351974629449,6,Slider,R,S,S,0.5767850738455852,1
1,72,6.798418086418829,7,Cutter,R,S,L,0.3713503626570306,1
4,43,0.47923760802691007,4,Curveball,L,S,L,0.6311102433427481,0
1,47,1.819664883783365,4,Cutter,L,L,S,0.32179818502281904,1
5,81,2.075039961769445,7,Cutter,R,S,S,0.23887520459177147,0
4,36,3.0935319571103044,5,Cutter,R,R,S,0.6807973017684286,1
8,39,6.422930979180369,1,Curveball,L,R,L,0.3059111543132641,1
8,22,3.092462989851941,6,Curveball,L,L,R,0.6388961346026151,1
7,70,1.637228237170616,7,Sinker,R,S,L,0.7227846130066498,0
3,22,0.5199220827101474,6,Curveball,L,R,R,0.22746479782036644,0
1,92,0.6359339868214997,5,Curveball,L,S,R,0.6240174918268235,0
1,124,6.080377647687819,6,Fastball,L,R,L,0.5877413500288198,1
3,137,3.558423928293064,3,Slider,R,L,R,0.5743276786799159,1
6,53,5.809448976000122,3,Fastball,L,R,L,0.37721495241250436,1
7,81,5.45829697410958,3,Sinker,L,R,S,0.22737776826776704,0
6,139,1.0828996940820623,1,Changeup,R,R,S,0.2590916555903997,0
6,134,1.1431034735381376,4,Fastball,L,L,L,0.3637487882211844,1
6,32,6.042736123473071,4,Fastball,R,R,L,0.44371307080669925,1
3,88,5.770146347883338,0,Fastball,R,L,L,0.7508580131898273,1
6,96,3.024246134994483,6,Slider,R,L,L,0.610445273719505,0
8,20,0.6193781066627206,3,Cutter,R,R,R,0.21567095070454984,0
2,108,0.0967841735876176,1,Changeup,L,S,S,0.7518284742564316,1
5,66,2.305255595693959,0,Changeup,R,R,L,0.6322099924526452,1
1,23,0.0737781886978155,4,Slider,L,L,L,0.49554407883902474,1
1,29,1.8405809688296273,6,Sinker,R,S,S,0.4778091967355566,0
5,47,3.3560059216907083,6,Fastball,L,R,L,0.75990989678022,1
3,140,0.9713261224956335,0,Cutter,R,R,S,0.5300048974693725,1
4,145,0.83422206265237,3,Curveball,L,R,S,0.5016658008112197,1
3,81,7.171499485749893,7,Slider,R,R,L,0.6647746968868364,0
1,86,4.683760232183114,6,Sinker,R,R,R,0.5558694345799493,0
1,93,7.475645494102252,6,Cutter,R,S,L,0.34931647076231365,0
5,114,2.7666093102854337,7,Sinker,R,R,R,0.7993274473959295,1
6,55,5.417159498633305,6,Slider,R,L,L,0.3684677556656196,1
3,131,1.637533396974323,2,Slider,L,L,R,0.6098758913212032,1
9,132,4.94672253823953,3,Curveball,R,S,S,0.4938415510366442,1
5,129,1.0366858400798753,3,Sinker,R,L,S,0.27310033589348565,0
8,133,0.016645113410286072,1,Cutter,L,S,L,0.7753873289553237,0
1,86,7.452254411276632,2,Sinker,L,L,L,0.4014380043261341,1
5,145,4.4391550094016745,6,Sinker,R,S,R,0.5942101973294777,1
3,105,7.415525302256316,5,Fastball,R,R,R,0.642624241108537,1
1,38,2.6706521896165762,2,Sinker,R,L,R,0.43682949821511396,0
4,88,2.6222885532940543,2,Cutter,L,L,R,0.35644257167087035,1
5,29,3.2052400141842536,4,Cutter,L,S,R,0.23534177259189232,1
7,147,5.648327871665346,0,Fastball,R,S,L,0.7709386584597702,0
1,118,4.526469073489394,4,Curveball,R,S,S,0.5492486828980061,1
3,51,7.4028392567929435,5,Cutter,R,L,R,0.6298469710156727,0
2,131,0.20352720905951482,2,Sinker,L,S,S,0.4813112657543172,1
9,43,5.6655675037802915,1,Sinker,R,R,S,0.3399248755755594,1
6,54,2.6426215149324346,5,Fastball,R,S,L,0.7972476221721803,1
3,102,1.4418692145476895,6,Slider,R,R,R,0.7804375924272027,1
8,89,4.083164980160792,3,Slider,R,R,R,0.7159963295256679,1
8,128,4.040510273439968,7,Fastball,R,S,R,0.7496774808924633,1
2,118,1.0960882295074272,6,Slider,R,R,R,0.5450244579295558,1
6,52,1.6151684490631188,3,Cutter,R,R,L,0.42067293772743153,1
7,75,3.265317319212439,4,Fastball,L,R,L,0.40589147252272717,0
2,31,3.2704912991385227,6,Sinker,L,S,R,0.7602348608508533,0
2,30,2.5404651169574777,5,Cutter,L,S,R,0.7753193517887473,0
1,89,1.1883612120798475,4,Changeup,L,R,S,0.4642909873505485,0
8,60,0.034989432807836174,1,Curveball,L,L,S,0.5642540408368086,0
1,125,7.761880499424165,3,Sinker,R,R,R,0.6831618089962027,1
9,22,7.547993837631416,6,Sinker,L,S,R,0.6215048400519922,0
6,22,3.8692030334090814,4,Curveball,R,R,S,0.7218071096885452,1
7,103,7.960414026200046,6,Curveball,L,R,S,0.5651794480333496,1
7,126,5.389234646257946,0,Fastball,R,S,R,0.5494889528347234,0
3,39,0.5508603008603323,4,Changeup,L,S,S,0.4254685870283625,0
2,115,0.941745592661019,4,Curveball,L,L,L,0.24396683381293938,0
9,143,7.328886750957102,2,Cutter,R,R,S,0.23332528330520247,1
8,40,5.040417617197027,0,Sinker,L,R,R,0.29105055098905674,0
7,133,6.745469013258809,0,Curveball,R,R,L,0.23466385248668853,1
9,32,7.186157197070754,6,Changeup,R,L,L,0.5210864334836531,1
4,105,3.5835360902590887,1,Cutter,L,L,S,0.4421462707372107,1
4,54,0.3882076126135443,7,Cutter,L,R,R,0.21576529592032023,1
1,66,1.5062427911785763,6,Fastball,L,S,S,0.21313604852053272,1
8,144,0.5325755784194808,2,Fastball,R,R,S,0.5138093563257975,1
3,129,1.5099187655880586,0,Slider,L,R,S,0.5294679336448025,0
7,56,3.2842634116470144,2,Changeup,R,R,L,0.2223714235831734,0
2,40,0.9455744841198834,2,Cutter,L,S,S,0.6019926403351935,0
2,33,1.3338659824427461,3,Changeup,L,L,S,0.27552084299313584,0
7,110,3.5665742565734337,6,Curveball,R,L,S,0.49671039240461873,1
6,79,2.7213676031079164,0,Sinker,L,R,S,0.2952878170534525,0
3,143,3.741264993504328,3,Curveball,L,R,R,0.2234369643330662,0
9,42,3.4333762220724964,6,Sinker,R,R,R,0.3274191212442761,1
6,130,5.155824207839068,4,Slider,L,S,R,0.4784874635692613,1
6,143,7.497516391006836,7,Cutter,R,R,L,0.6463455675005088,1
1,49,0.8629147075539398,6,Sinker,L,S,R,0.35933469785576533,0
4,134,0.7940811944735593,4,Cutter,L,R,S,0.6110387274256435,1
6,109,6.822448888727216,3,Sinker,L,R,S,0.7176161717341463,0
6,57,4.051173637219673,4,Slider,L,R,R,0.3618666837339716,1
5,102,6.131240188547538,3,Curveball,R,L,L,0.5133356207267943,0
1,46,1.7233752288582513,6,Cutter,R,R,L,0.4456610899992084,0
8,123,6.630900585340414,1,Sinker,L,R,L,0.2164798553243889,1
5,135,7.390772993541567,7,Changeup,R,R,S,0.4351239736162584,1
5,34,5.083864124371906,2,Cutter,L,R,R,0.4263202265290883,0
7,22,0.8470321717904179,7,Sinker,R,S,L,0.57313805824754,1
4,29,7.162358513250711,1,Sinker,L,S,S,0.7198588075816839,0
6,139,6.339901818960571,0,Curveball,R,R,L,0.6031211505639764,0
4,147,6.007022212115919,1,Cutter,R,S,L,0.4132299877322706,1
3,30,0.2938255112473245,1,Cutter,R,R,R,0.46932232204540225,0
7,88,6.39170020205577,4,Fastball,R,R,S,0.7322953002102617,1
8,83,1.103608083746856,5,Sinker,L,S,L,0.5834013078340399,0
4,33,1.779089409575107,6,Cutter,R,S,S,0.433904768414614,0
2,69,4.61707867895406,7,Sinker,R,R,L,0.5600987120221553,1
3,91,2.1198461833350644,5,Slider,R,L,R,0.5865994078229306,1
1,88,5.290785650495358,7,Slider,R,R,L,0.4893652324467895,0
8,146,4.864563581592653,3,Changeup,R,R,R,0.7192284836132332,1
3,35,0.865196784106101,0,Cutter,R,L,L,0.6876336317772369,1
7,97,5.248116636732051,5,Changeup,R,S,R,0.514646499484807,1
5,120,7.39163927859944,4,Curveball,L,L,L,0.7750122973256415,1
5,75,1.288879241486665,0,Sinker,L,R,L,0.7719293014924677,0
7,124,4.776496167543099,7,Curveball,L,S,L,0.7796379114697336,1
9,67,2.7349229754935527,2,Fastball,R,L,S,0.33230405567116805,1
5,36,3.6768933741888317,3,Fastball,R,L,S,0.2620245366323936,0
1,130,2.2960014326317593,4,Cutter,L,R,L,0.5714574867581116,1
1,89,2.833045090781562,1,Cutter,L,L,S,0.6365410160427795,0
2,99,0.23129458613245824,6,Changeup,L,R,S,0.3841982654539896,0
6,112,7.852413903337765,2,Changeup,R,S,L,0.522607095512003,0
9,57,4.998399376581986,1,Cutter,L,L,L,0.5887172569662241,0
8,120,4.005644723951082,5,Cutter,L,S,L,0.4780182168713951,1
5,81,3.0697227960026137,6,Fastball,R,S,S,0.5248048165742472,1
1,140,4.314996470592221,0,Fastball,L,R,S,0.24511657040550552,0
7,67,3.0408479897264318,2,Fastball,L,L,S,0.7964604584661961,1
5,29,2.8792634199493863,6,Cutter,R,S,L,0.42720549700280186,1
6,55,3.711572333776105,6,Changeup,R,L,S,0.32313949918817864,1
7,23,2.2078642693695265,4,Slider,L,L,S,0.48800916547438045,0
3,63,1.4403991997342835,1,Slider,L,L,R,0.3904779299501351,1
3,75,4.452847185442348,5,Changeup,L,L,R,0.4349143078014713,1
5,61,6.742123489202409,1,Changeup,L,S,L,0.5377204665816233,1
6,133,1.2226254218071384,0,Changeup,R,L,L,0.36706038160585586,0
9,40,0.2618747248337492,0,Fastball,R,R,S,0.5998883882201146,0
5,98,1.9744939612322892,5,Curveball,R,R,R,0.4590400905082025,1
1,88,7.837765147630487,3,Cutter,R,L,R,0.25048735530883265,0
4,89,6.6300645899467145,7,Fastball,R,L,L,0.7321518773746278,1
5,86,4.7669284282287725,5,Slider,R,R,S,0.4864319020146055,1
5,67,7.433991321945087,7,Cutter,L,L,L,0.7537592940145872,0
7,55,3.562232934697957,3,Changeup,L,S,S,0.42838530433423927,0
4,46,7.866244820601391,5,Sinker,L,L,R,0.5255872295676592,1
1,91,2.3704163609542723,5,Slider,R,L,S,0.7241370827831521,0
5,120,1.9224459961275127,0,Changeup,L,S,R,0.4773293770553238,0
7,115,5.104385609176088,7,Sinker,R,L,R,0.5798771253465664,1
6,147,3.025231743602883,3,Changeup,R,S,R,0.3482351104078508,1
5,45,5.010924335810063,5,Changeup,R,S,L,0.34287452237441063,1
4,85,2.4399641464214863,6,Cutter,R,R,L,0.5255891244222282,0
2,41,4.9433460547039285,1,Slider,R,R,L,0.5679127683226419,1
4,36,2.205970084680291,0,Slider,L,L,S,0.5934658196571776,1
3,26,0.4077765505511195,6,Changeup,R,R,L,0.6611834488215415,0
1,126,7.297087215385467,6,Fastball,L,L,R,0.7535475182566487,1
8,87,7.0656416149876975,2,Curveball,R,L,L,0.3440862856619783,0
5,147,7.7663851941813755,0,Sinker,L,R,R,0.5716783351007046,0
4,56,5.732217409771238,7,Fastball,L,R,L,0.46587634582812615,0
8,57,5.4617694218824235,5,Cutter,L,L,S,0.25353684680678484,1
7,115,4.472024560598646,4,Sinker,L,L,S,0.47213498706299045,0
2,20,1.0075393308201814,4,Curveball,L,L,R,0.6744149419684209,1
1,61,1.5138824875941603,6,Fastball,R,S,L,0.2474728413664547,0
4,82,2.3157575093802896,6,Sinker,L,L,L,0.5637308754069512,1
8,100,7.121250900587155,0,Slider,R,L,R,0.44604285362900165,1
2,27,1.383756196824601,7,Fastball,L,L,S,0.592439456767501,0
3,46,7.382985395903125,2,Changeup,R,R,L,0.6928218219239783,1
1,71,4.182285864411337,0,Cutter,R,R,L,0.5249874337002298,0
1,110,5.724557083784577,2,Fastball,R,S,L,0.38237258000490737,0
3,105,0.8819558934445322,5,Sinker,L,L,S,0.25409040224466284,1
5,35,2.152268390207287,1,Fastball,R,L,L,0.37322049908592153,1
3,85,7.6681488654514105,1,Sinker,L,L,S,0.4187914664272804,1
1,24,2.129199575437851,2,Curveball,R,L,L,0.5847644113638439,1
1,101,2.372173763129169,6,Changeup,L,L,S,0.4330111589477097,0
8,137,1.5807790787286358,3,Curveball,R,L,R,0.4416211615529065,1
2,100,1.032589322454636,1,Cutter,L,R,S,0.37429487974001874,1
3,89,1.8660611316319837,7,Cutter,R,S,R,0.4177297800126716,1
2,134,5.138615135606387,4,Sinker,R,R,L,0.3596165881626441,1
3,26,3.642941868028508,0,Changeup,R,R,L,0.6404773651921871,0
7,69,4.430046690703189,5,Curveball,L,R,L,0.7897769244550188,0
1,130,0.9789186301281942,3,Changeup,R,S,R,0.640787766104723,1
8,66,6.416931577303201,6,Curveball,R,L,L,0.2441773593334079,1
2,131,6.272757604638784,7,Sinker,R,S,S,0.5796251435913284,1
3,62,0.1727192891414031,4,Sinker,R,R,S,0.6217364308555078,1
9,110,3.0681207560824397,7,Sinker,L,R,R,0.666946771134542,1
7,48,0.5501648157691825,0,Slider,L,R,S,0.6576117854907582,1
4,147,6.336846235319665,4,Changeup,L,R,R,0.5050330111403682,1
5,115,5.898157465005635,3,Cutter,R,L,R,0.35745356853862165,0
2,136,7.215904754345249,2,Curveball,L,R,L,0.27235478309955635,0
8,89,1.891231671624917,0,Slider,R,R,R,0.20502355835412608,1
4,149,3.650367065022391,7,Cutter,R,L,S,0.20091039325752233,1
9,89,1.475903017315182,4,Curveball,R,R,S,0.7617240602151256,0
5,129,2.969879475792956,5,Slider,L,L,L,0.5647724159789477,1
9,75,4.177946012535072,6,Cutter,R,S,R,0.5445176872181082,1
4,108,0.4266463187087117,5,Cutter,L,L,L,0.42599448984202276,0
5,119,5.718963285419082,4,Slider,R,R,L,0.679115868262514,1
9,148,4.346346882968602,6,Cutter,L,L,L,0.33210785277029176,1
8,76,6.631672137685387,3,Curveball,L,R,L,0.6428484686846138,0
3,70,2.174244009529578,3,Curveball,L,R,L,0.41767814996623814,0
1,131,7.226568842154036,6,Cutter,R,S,R,0.6246547344508111,1
3,123,7.989554024243547,5,Fastball,L,R,S,0.6238372439626869,1
4,146,7.3543875070213955,5,Sinker,L,R,R,0.38918343350745843,1
2,74,6.223139806665233,6,Slider,R,R,R,0.7605541332245864,0
1,20,6.498950422990246,3,Fastball,L,L,L,0.5045971665070601,1
7,109,4.589953940356692,2,Curveball,L,R,S,0.35464124775580114,1
8,72,1.521230903300884,1,Cutter,L,R,R,0.6042759348456653,0
7,92,5.4163254811817385,4,Changeup,R,R,R,0.6505187213289361,1
5,127,5.702024016479452,7,Changeup,L,S,S,0.7704105893763946,1
1,27,7.8830811221432455,2,Sinker,L,S,R,0.24396429399742015,1
7,61,4.330410530050575,4,Fastball,L,L,S,0.5239655267067014,1
7,44,2.170952120200451,5,Fastball,R,S,R,0.4942250778666474,0
9,57,5.469380173916054,7,Fastball,L,S,L,0.3861482233041919,1
3,104,7.835006557331637,2,Curveball,L,L,S,0.6606877777738923,0
9,43,1.417711266152752,5,Sinker,R,S,R,0.31656007016797827,0
1,79,2.6079833482848214,6,Sinker,L,R,R,0.3966544313445908,1
1,130,4.335047630181449,6,Curveball,L,R,S,0.6596911940531525,1
4,85,1.3617170790560387,7,Sinker,L,R,S,0.4863619523882756,0
9,72,0.17776511615950685,5,Cutter,R,S,S,0.2816571392271302,0
6,125,2.695864979530005,5,Curveball,L,L,S,0.7365583016678188,1
3,115,6.922966412008464,0,Cutter,R,S,S,0.6384846760850724,0
1,58,0.3477471945897186,1,Cutter,L,L,S,0.5376452723447983,1
4,61,3.4314324721353398,5,Fastball,L,R,L,0.565595346488529,1
9,130,6.09760618340866,7,Changeup,R,L,L,0.5755918092703255,1
3,123,7.625460775287082,4,Fastball,L,R,S,0.49957650617645405,1
9,96,7.883803192035458,3,Curveball,L,S,R,0.6468446255396569,1
7,27,3.3757550448699334,1,Slider,R,S,L,0.6291948467382462,0
4,45,7.60307435503294,4,Curveball,R,L,L,0.20167405966712781,1
3,62,0.28335178624690993,7,Changeup,R,S,R,0.266330490862427,0
5,129,5.96733550398845,0,Curveball,L,L,L,0.21518664718781932,0
5,119,5.141968277068903,5,Changeup,R,S,L,0.30134312908794375,1
3,82,1.9961748606892185,4,Slider,L,S,S,0.24336890887666882,1
9,68,4.058548005437191,4,Slider,R,S,L,0.31627577771530413,1
4,134,1.036429902083965,4,Sinker,R,L,L,0.5231071541624447,1
5,84,6.972777207612488,1,Cutter,R,L,L,0.6018180773585524,1
4,90,2.8631846843651836,5,Curveball,L,L,S,0.75115029245524,0
5,26,5.008355763725732,4,Cutter,L,S,R,0.6435770804407073,0
7,99,1.270210290298098,3,Fastball,L,R,R,0.21889850265530802,0
9,86,1.6493187570496568,7,Fastball,R,L,R,0.4812257111688904,1
7,120,7.935650966425216,5,Fastball,L,R,R,0.6053819148366713,1
5,114,6.024691155530634,2,Sinker,L,L,L,0.3890773163818013,1
7,106,7.695774958192566,3,Fastball,R,L,S,0.42133764305971066,1
5,110,2.366809321696353,0,Fastball,L,R,S,0.6816811146097852,0
3,122,1.316503012958563,6,Curveball,R,R,L,0.22822094848515484,1
7,145,4.0245477078306475,1,Cutter,R,S,R,0.5237997764110387,1
2,132,3.957346257818747,7,Cutter,L,R,S,0.682695725613542,1
9,23,1.399572110063903,2,Changeup,R,L,L,0.678448276441868,0
1,107,5.865756556651282,1,Fastball,L,R,L,0.27234558500612016,1
6,22,2.8942202755098725,1,Slider,R,R,L,0.70691896401804,0
7,110,1.4909218474441381,4,Changeup,L,R,L,0.24636532444140175,0
8,22,2.655867156346307,3,Changeup,L,R,S,0.7544388894015281,0
9,100,4.509269597080121,2,Curveball,L,S,L,0.32977943859421766,1
2,113,5.811767457443546,4,Changeup,R,L,S,0.26914238670190666,1
2,145,3.8551270884598763,7,Slider,L,L,L,0.2443727634479173,0
5,132,4.204759918626988,2,Cutter,R,L,L,0.40604446420223395,1
5,119,1.1115674875419872,5,Changeup,L,S,S,0.40914407645742623,1
6,72,7.317527397665857,5,Curveball,L,R,L,0.5156897841084253,1
3,106,7.429793583936355,3,Fastball,R,L,R,0.6397680054694213,1
8,108,5.4674127233440295,4,Slider,L,L,S,0.5058509507243474,0
1,73,0.14105127147219765,2,Fastball,L,R,S,0.7873683079934755,1
6,39,4.296593727226608,6,Sinker,R,L,L,0.32619329257160024,0
4,132,5.033751776708908,5,Changeup,L,R,S,0.3263341702586219,0
1,68,7.95723378366488,7,Cutter,L,S,S,0.622961395583838,1
7,48,7.968535641558375,4,Curveball,R,L,R,0.3885063568211589,1
9,67,6.860889882604459,1,Slider,L,L,S,0.3029614832694041,0
4,32,0.5106479362089082,5,Cutter,L,R,R,0.6754673828657167,0
4,22,7.6262111262298395,0,Slider,R,S,S,0.33573255102456756,1
6,21,4.901289977215993,2,Curveball,R,L,R,0.6493500331903821,0
3,35,6.4070941638334356,6,Curveball,L,R,S,0.3240144375742405,0
6,113,3.2575427974868285,7,Changeup,R,S,S,0.7636495055053474,1
7,121,2.557355769876718,5,Slider,L,R,R,0.3770607367149908,0
3,64,3.705953163870464,3,Sinker,R,L,R,0.6498346900490579,0
7,90,1.1749961037506154,2,Sinker,L,L,R,0.7048636274816089,0
3,75,2.8565291100264485,0,Changeup,R,L,S,0.2735825366772283,0
2,146,6.860939998146229,2,Slider,L,R,L,0.24081905661895217,1
4,51,0.3036038900870519,2,Slider,L,S,L,0.5590104669053511,0
8,68,1.2070243745968359,5,Fastball,L,L,S,0.5720567153369163,1
9,32,1.0009292771958842,2,Changeup,R,L,S,0.5736529714109743,0
7,44,3.2246043416018244,3,Slider,R,R,R,0.47370316394033923,0
1,79,7.975895207126894,0,Slider,L,L,R,0.760825019561248,1
3,78,1.3868634416910615,5,Curveball,R,R,R,0.6152609601765979,0
9,77,1.1638611967940813,0,Fastball,R,L,L,0.24453000363414476,0
1,39,7.320445838209236,3,Sinker,R,S,S,0.6710046475936947,1
9,76,7.056404135727726,7,Sinker,R,L,S,0.3652952806530769,1
8,73,0.25792295997243553,2,Curveball,R,R,L,0.6338199636941889,0
1,131,6.01364768143452,7,Changeup,R,L,R,0.23552581147400486,0
6,105,5.243725611811437,2,Sinker,L,R,R,0.660015221098418,0
5,56,6.141926478821672,5,Changeup,L,R,R,0.525659814915036,1
6,103,3.956019638367377,0,Slider,R,R,R,0.6324509097248563,1
5,67,7.931033747586365,2,Cutter,R,S,L,0.49655261200150064,0
6,137,0.35077614968770554,6,Curveball,R,S,R,0.6806684813095987,1
5,67,1.8749726912304459,1,Changeup,L,L,R,0.7682159944110962,1
5,131,3.1723678957889208,7,Slider,L,R,L,0.6454917242733147,1
4,129,3.5982235325256253,2,Slider,R,S,R,0.6465002282574435,1
3,25,7.370939221596149,7,Curveball,L,R,L,0.3300184788562176,1
3,97,4.480034912618071,6,Sinker,L,L,R,0.4126806622242325,1
4,42,0.36088796416315105,7,Slider,L,R,S,0.2750252541626714,0
9,145,3.262903707405295,2,Fastball,L,S,R,0.5194575018210292,1
2,103,3.3319232989525593,4,Sinker,L,S,S,0.46793474583254036,0
9,32,7.723927507502278,0,Cutter,L,R,L,0.37682045924993124,0
1,66,4.7935767281688655,0,Curveball,R,R,R,0.24151408318928166,1
1,63,5.0852085692715105,6,Curveball,L,R,R,0.7588360598545445,0
5,124,5.7060242500101666,7,Curveball,R,R,R,0.56324705103478,0
6,33,6.160314525456986,1,Slider,R,R,S,0.3949970529430069,1
6,140,5.0804085616199135,1,Slider,L,R,R,0.4086330862961163,0
3,55,1.897554809071484,1,Curveball,L,L,L,0.4372480942353842,0
7,27,6.9923673147293135,0,Curveball,R,L,R,0.6869785263560313,1
9,35,5.8569584032850415,4,Fastball,L,S,L,0.32626313598530465,0
8,110,5.934963880775647,4,Changeup,R,R,S,0.7138814340505151,1
6,139,7.9724539138779935,3,Sinker,R,L,L,0.3868328140275603,1
8,79,6.4202122789065275,0,Sinker,L,R,S,0.7226361853983343,0
5,29,6.633211225241226,3,Fastball,L,S,S,0.7375321562037598,1
8,50,7.611244125681267,7,Curveball,L,L,S,0.6179989282054905,1
4,40,1.209071998791151,7,Slider,R,R,L,0.7368378564011169,1
8,100,3.981819011824543,2,Slider,R,R,L,0.6482619401173946,1
2,52,4.644536188726301,1,Curveball,L,R,L,0.28672386559232244,0
5,50,2.634205833779661,3,Changeup,L,R,R,0.7736999353949034,0
9,55,6.715226751156044,5,Cutter,L,R,L,0.31406402835078784,0
4,87,6.099356973165787,7,Cutter,L,R,S,0.49677718754460726,1
6,109,5.767064596064992,3,Fastball,R,S,L,0.4300823692890739,1
1,28,7.977195518065335,0,Sinker,L,R,S,0.40888745426896433,1
9,49,2.075050987267124,1,Changeup,R,R,L,0.6701708322121214,1
1,134,5.8836580134033705,7,Cutter,L,L,L,0.3745750708439797,1
5,64,4.411235799247205,1,Changeup,R,R,S,0.5226064345449455,0
4,23,2.5039134599510087,4,Slider,R,R,L,0.4019694550746875,1
3,88,1.2846949657850066,3,Slider,R,L,R,0.7360855391085177,0
6,42,7.167070696540377,4,Changeup,L,L,R,0.2930710056445482,0
2,35,4.7636438616627625,3,Curveball,L,R,S,0.3052956176338891,0
3,41,6.599470701126357,0,Cutter,L,S,S,0.26673485970971306,0
5,91,4.362759872012359,0,Cutter,R,L,S,0.654679191926369,0
9,67,1.7598166452321564,2,Slider,L,L,R,0.2968955268768493,1
2,126,2.700390504802602,3,Sinker,L,R,S,0.5198629310314422,1
8,26,3.052310739788372,7,Fastball,L,L,S,0.6600683698699861,1
2,70,7.783478500029618,3,Cutter,R,R,R,0.26931379924334153,1
5,84,0.045066227051060004,1,Slider,L,S,S,0.7582835383574709,1
7,28,7.885328184196056,6,Slider,R,S,L,0.3704194459834328,1
8,101,7.843693080878645,1,Changeup,R,R,L,0.675383335977041,1
1,64,7.969206324241092,7,Changeup,L,S,L,0.6761361266893771,0
6,141,3.8127054313570774,6,Sinker,L,R,L,0.4090063482322982,1
1,29,7.710471756967997,4,Changeup,R,L,R,0.5303482668822677,1
2,92,3.1647934547986187,2,Fastball,L,L,L,0.5785023728720742,1
1,67,0.21035552534709367,0,Cutter,R,R,L,0.4493317114296945,1
5,106,1.7947774909741163,3,Fastball,R,R,R,0.41472929626003446,1
9,130,7.562369959499077,7,Fastball,R,L,R,0.7112790048123192,1
6,35,0.11011754668319984,4,Changeup,L,R,R,0.32115792851762426,0
1,72,4.3679530833838,2,Sinker,R,L,L,0.6769606530166428,1
1,59,0.6048127111574324,1,Slider,R,R,S,0.32223523057983317,0
2,119,2.291172627420628,2,Curveball,L,L,S,0.620071254176176,0
9,39,0.7047428056950933,4,Slider,R,S,L,0.3725793430749872,0
3,88,6.876228968904451,0,Slider,R,S,S,0.7564266940113453,0
1,64,4.728565677181646,1,Slider,L,L,S,0.5632277841560385,0
5,25,7.216851725746503,5,Slider,R,L,R,0.520110340015615,1
7,58,5.506825596321827,1,Fastball,L,L,L,0.3771170494228159,0
6,121,7.768233049960798,0,Changeup,L,L,L,0.5051987887548162,0
1,149,4.079021238083253,7,Changeup,R,L,S,0.23951998882855882,1
5,126,5.109684654102996,6,Slider,L,S,L,0.28600819479297634,1
5,58,4.610470559112453,1,Curveball,R,L,R,0.3770207268954606,1
6,137,3.874083435572902,4,Cutter,L,R,S,0.7695556624032971,1
3,101,6.767674923384101,6,Slider,R,S,R,0.4807253027723942,0
5,73,5.1562010853628815,1,Slider,L,L,S,0.4402521339520985,1
7,129,6.410498118843782,3,Curveball,R,R,L,0.6635342631991942,1
5,31,6.290911492819306,2,Fastball,R,S,R,0.6162139584927331,1
5,129,1.5283612852423625,6,Slider,L,R,R,0.5983719919889636,1
5,57,5.2013082601411496,4,Curveball,R,L,R,0.563417315142475,1
3,26,1.597184153450673,0,Fastball,R,R,S,0.27797928229122054,1
1,97,4.666563825950167,4,Fastball,L,R,S,0.4343457002175966,0
5,84,5.419477475570404,3,Sinker,L,S,R,0.7407055751878517,0
9,121,7.977880572700695,6,Sinker,L,R,R,0.775801945302355,0
1,120,0.24433582519790686,1,Sinker,R,R,S,0.4596074999835918,0
3,63,0.7299391529097674,7,Slider,R,S,L,0.2006330555470753,0
4,50,0.616213570969852,1,Fastball,R,L,L,0.49959469577040666,1
1,96,3.1868902901339204,5,Slider,L,R,R,0.336306036361382,0
1,67,6.57270689188651,4,Slider,R,L,L,0.31284168817303926,0
8,101,6.752450662297085,1,Changeup,R,S,S,0.37027540671919557,0
2,146,5.8958367657692135,1,Cutter,R,L,L,0.2735768160542053,0
8,103,7.1750259346395815,3,Cutter,L,R,S,0.22751813309120922,0
7,29,2.58287955335562,0,Changeup,L,R,R,0.46682044361490826,0
2,48,0.705237154018393,5,Slider,R,L,L,0.35753067880279554,1
6,67,0.4652242239188009,5,Curveball,L,L,L,0.3537164941381704,1
6,135,6.81706175695509,5,Fastball,L,R,S,0.3329333626869998,1
3,32,5.84349035482953,6,Changeup,R,S,S,0.49798474895894856,0
2,66,5.588922448088967,2,Sinker,L,R,R,0.6399357849819318,0
1,122,2.7174107083653505,4,Changeup,L,R,R,0.5941440617573028,1
6,110,3.0392415089458096,7,Changeup,L,L,S,0.7855616274807018,1
5,72,7.664908231194554,0,Changeup,R,R,S,0.7484013357231103,1
9,111,0.5104379527834801,2,Cutter,L,L,R,0.4504033963986793,0
1,96,6.189853895502341,0,Slider,L,S,S,0.6877880135147804,1
7,63,2.477066589667145,7,Changeup,R,R,L,0.31068274331058543,1
5,21,0.3124369473004487,4,Changeup,R,S,R,0.32738496653643034,1
5,120,5.940560885939648,5,Changeup,R,S,L,0.620554060567433,1
2,76,2.6472950854269968,3,Curveball,R,R,S,0.33002515705742574,1
3,76,5.777180149942373,3,Curveball,R,L,R,0.47071475932855905,1
7,53,5.661235064944961,3,Fastball,L,L,R,0.3932273849994765,0
6,77,4.278295003464921,0,Slider,R,R,R,0.3395829274597796,1
2,54,6.21898503368439,4,Changeup,L,L,S,0.2926696197111288,1
6,94,4.648306593369948,1,Fastball,R,L,R,0.5671094801995268,0
2,52,2.2930948227860855,7,Sinker,L,S,R,0.23371336894857386,0
2,134,5.872922408515352,1,Fastball,R,L,R,0.6215313721951381,1
2,94,4.713118527021789,3,Sinker,L,L,R,0.73683662523088,0
3,92,0.10181825351936435,6,Sinker,R,R,S,0.4060830848639823,1
2,97,7.213153422162475,0,Slider,L,S,R,0.4479310198007768,1
4,28,4.365148946594507,1,Curveball,L,L,R,0.5543496091081919,0
9,67,6.949018123836254,0,Slider,R,R,S,0.5997434043359713,1
6,86,7.061894711857957,4,Fastball,L,L,R,0.5268862679645245,1
1,138,3.559733253880708,6,Sinker,L,S,L,0.6142096310951717,1
8,138,4.0612799716098475,6,Slider,R,S,R,0.6851354418919271,1
7,105,3.3260351014048153,3,Curveball,L,S,R,0.7940269315504569,0
3,125,3.595494202464364,2,Fastball,L,S,L,0.4356434998748358,0
1,95,7.1611772717738225,3,Slider,R,S,S,0.5508086664530913,0
5,59,6.305152111743288,2,Changeup,L,S,R,0.42571192995926577,0
4,38,1.0122054105246239,6,Changeup,R,R,L,0.3427572601944263,0
8,66,4.882462252320767,1,Slider,L,S,S,0.7985472792745487,0
1,84,7.967253123090738,6,Slider,L,L,S,0.20832993291917,0
1,49,4.764405609859886,5,Sinker,L,L,L,0.23881951440705715,0
4,145,6.286973004744844,2,Sinker,L,L,S,0.5498263605468704,1
8,85,6.152491787049367,5,Curveball,R,L,S,0.6259074884089035,0
5,24,2.8025402069786285,0,Fastball,R,S,L,0.6373019769679857,1
2,112,2.974794421631671,7,Slider,L,S,S,0.6219879522692695,1
6,116,5.792611374323226,6,Fastball,L,R,L,0.673160329597307,0
5,113,3.999868252838681,5,Changeup,R,S,S,0.6467933754869479,1
2,125,4.564565673043104,2,Fastball,R,L,L,0.5275862786261543,1
3,104,5.703246322918701,1,Cutter,R,R,S,0.4820682653371318,0
9,77,6.220600216312402,1,Curveball,L,R,L,0.6321628827630403,1
7,98,2.172132621864571,6,Curveball,L,R,R,0.6393972849679131,0
7,27,1.1743500754957035,3,Fastball,L,R,S,0.3995299787468647,1
6,31,2.334357173789802,1,Curveball,R,S,L,0.2017729174853783,0
8,113,4.060306600736604,0,Fastball,L,R,S,0.3885846675504636,1
4,110,2.737130538376313,2,Fastball,R,S,S,0.5208429241508761,0
8,52,4.54690207078075,4,Changeup,R,R,R,0.5156661333234585,0
4,119,0.42772579300502755,1,Fastball,L,S,S,0.4279199760491719,0
8,34,4.078003292910138,5,Curveball,R,S,S,0.7593994320690345,0
9,133,2.9438792555016633,2,Cutter,L,L,R,0.4858127977347958,1
3,148,4.277334039143059,3,Slider,R,S,L,0.2834297563777322,1
3,30,3.3802668390798143,4,Curveball,L,R,L,0.3161333289708526,1
2,74,2.2738068051003397,3,Cutter,L,R,L,0.2567511748729299,0
3,21,7.232863243661086,0,Curveball,R,S,L,0.3609674053102583,0
3,84,1.4781199073708553,3,Cutter,R,S,L,0.38283596223742605,0
5,35,5.450924604644477,2,Curveball,L,S,L,0.4004980721052168,0
5,125,7.397157700659313,4,Slider,L,S,R,0.7017044038678906,1
2,49,4.309359677483465,6,Changeup,R,L,L,0.6592872517536212,0
6,29,7.0112679086358565,3,Changeup,L,L,R,0.497666323806189,1
5,81,0.998811827466275,3,Slider,L,L,S,0.4666089384661453,1
6,104,3.950310162051265,7,Curveball,R,L,R,0.4268581632027535,0
1,86,3.656202243847515,6,Cutter,R,L,R,0.20813886292284023,0
5,60,0.06495045629595886,5,Fastball,R,S,R,0.7518361726208891,0
9,37,3.546058730874676,5,Curveball,L,L,R,0.37489663769362097,1
2,77,2.9522380510607826,0,Slider,L,L,L,0.7051382484452309,0
1,79,5.358389822196923,6,Sinker,R,S,S,0.644500552187897,1
9,107,7.5066382286121485,6,Changeup,R,S,S,0.26864632459169746,1
9,46,0.6863287060962922,2,Changeup,R,R,S,0.38793878692451755,1
9,87,2.6198110937169847,3,Curveball,L,R,R,0.4907922732234022,1
6,41,3.552517899154015,2,Cutter,L,R,R,0.35729608971078713,0
8,59,3.6414830242750664,1,Slider,L,L,L,0.44126589248961395,0
1,128,6.19847776673803,0,Slider,R,S,L,0.3694579247098637,0
4,93,3.5471653266675265,5,Cutter,R,R,S,0.5814314814261834,0
1,85,0.2172904116292269,6,Cutter,L,R,R,0.4163965140584332,0
8,25,5.68083275674265,0,Curveball,R,L,R,0.40777803835809645,0
1,131,7.078637561165373,0,Curveball,R,R,R,0.362943179790262,0
3,37,4.111237700397383,2,Sinker,R,S,S,0.6809154271434967,0
4,100,4.648868173588043,6,Changeup,L,S,S,0.5875607002611309,1
8,121,1.3034915117523687,5,Changeup,R,R,R,0.6325788882481869,1
6,129,1.7651675574316563,5,Cutter,R,S,R,0.43631961430669575,1
7,49,1.8813619129968941,7,Fastball,R,R,S,0.7036837849691455,1
8,141,3.4459357990503623,3,Fastball,R,R,S,0.4498246919404586,1
2,81,7.425161767165137,3,Fastball,L,S,L,0.30589828810862674,1
8,139,4.174278133719088,2,Slider,L,S,L,0.5063976716412242,1
3,126,1.5367811616108211,2,Curveball,L,L,L,0.4669456458252016,0
7,95,2.128701886951597,7,Cutter,L,L,R,0.2550438205005203,1
3,28,3.072120237817474,7,Changeup,R,R,R,0.5976039595460723,1
7,58,4.986071805542395,1,Fastball,L,S,R,0.6871974579878176,0
2,43,3.520265224032043,7,Changeup,R,R,S,0.41369502909565214,1
6,144,3.1395587534153995,7,Curveball,R,L,L,0.6555280026804932,1
3,137,4.517828803191958,4,Sinker,R,R,S,0.5515114939614555,1
3,53,1.9346799596357238,7,Sinker,R,S,S,0.36379914914036526,1
9,80,0.6312261806766575,4,Cutter,L,S,S,0.40638609967375583,1
7,98,0.19531451857777693,7,Fastball,L,L,R,0.7676752418773984,1
5,69,2.0100733077370165,0,Fastball,R,R,R,0.3294738479137329,1
7,70,0.7327362731557496,3,Sinker,L,R,S,0.29115133137718496,0
9,71,2.6907251081661343,5,Cutter,L,S,L,0.2454027971925769,1
1,141,6.183468322878045,6,Changeup,R,L,R,0.7253514576533027,1
7,27,5.730354643894707,0,Curveball,L,S,R,0.6032724055994794,0
6,132,4.8874209823042305,6,Sinker,R,S,S,0.26999908147098317,1
9,64,6.82000195103583,5,Sinker,R,L,R,0.6593940887395273,1
1,107,2.2565409963542136,3,Curveball,R,S,L,0.5776478437476844,1
4,47,7.080430024239726,3,Curveball,L,R,S,0.7917286354766706,1
9,138,3.1939133573534333,1,Sinker,R,R,R,0.5068501966375775,1
4,126,3.2071465461330124,2,Changeup,R,R,S,0.5098516835541791,0
3,46,3.242812909004172,6,Changeup,R,S,S,0.3495605242498152,1
9,100,0.7847549299278516,2,Fastball,L,L,L,0.3145542891770446,1
2,120,7.803923986648446,2,Changeup,R,L,L,0.6401198998273581,1
4,81,1.1080542226012735,4,Slider,R,L,R,0.4235968975040078,0
6,81,2.727085795753476,2,Cutter,R,L,S,0.6346261636204924,0
2,45,2.554402562614057,4,Changeup,R,L,R,0.6646648449941468,0
8,140,0.5974354625336771,5,Curveball,L,S,R,0.7419743896372268,1
8,43,1.2180810408950133,7,Changeup,R,L,R,0.45646296334167724,0
1,58,0.35886668948308653,0,Fastball,L,R,L,0.25750474097180875,1
3,143,2.3392359484841077,6,Cutter,R,S,S,0.2130331303625856,1
9,40,6.933255392231252,7,Cutter,L,R,S,0.37512864335980967,1
5,113,2.715537645899076,4,Curveball,R,L,L,0.7594861933407087,0
6,134,0.9895346565390337,3,Cutter,L,L,L,0.6486797663316224,1
4,140,5.165550947071344,1,Slider,L,R,R,0.5354893470008188,1
2,32,7.972807296439284,6,Cutter,R,R,R,0.3437696261165921,0
8,38,1.8585903162554205,1,Sinker,R,S,L,0.6277003956485134,0
6,100,2.2365680429645556,3,Curveball,R,L,L,0.6445085118603898,0
5,142,7.774776434246308,5,Cutter,L,L,S,0.3382675939897924,1
9,87,1.430210300403897,6,Changeup,L,L,S,0.6248751500601475,1
1,38,4.089712539673311,0,Fastball,L,R,S,0.2721399466738237,0
5,83,1.9172170641287591,1,Sinker,L,L,L,0.26100920169612685,0
6,120,7.458815183209951,6,Sinker,R,S,R,0.23313970624258037,1
5,85,7.852168116610352,3,Changeup,L,S,S,0.6861191392851202,0
6,85,6.517582768960123,1,Sinker,R,R,L,0.362366806398437,1
6,94,2.5182705265024845,4,Slider,L,R,L,0.5625056580883585,1
7,64,3.22789980224404,5,Slider,R,S,R,0.28668979300539393,1
4,106,1.9384454693313709,7,Fastball,L,R,S,0.46545540030491434,1
8,86,7.126063736071932,7,Fastball,L,R,S,0.21662067244913716,0
7,22,7.316466221505265,7,Fastball,R,L,L,0.7159710303998019,1
9,43,3.3509652979683775,1,Fastball,L,S,S,0.5238490749416586,0
7,107,5.252264559224015,5,Cutter,L,L,R,0.734306188467555,1
3,36,1.3244254381975509,5,Sinker,L,S,S,0.480670066874082,0
3,59,3.479487202907272,4,Changeup,R,L,R,0.38979646142372615,0
8,25,5.051992853387981,6,Slider,L,S,L,0.44048149163083977,0
5,138,3.0832249481441565,5,Cutter,R,S,R,0.3463099122430175,1
4,139,2.8607962054916793,4,Fastball,L,S,R,0.7313373353395625,1
8,54,0.007991938135541332,7,Curveball,L,R,R,0.3773699115560465,1
6,132,6.434347710216913,1,Curveball,R,L,R,0.3753244291714365,1
2,48,7.114700896171586,1,Changeup,R,R,L,0.5789712040547272,1
4,26,7.755708236366657,5,Slider,R,R,R,0.27363737361115104,0
4,72,5.754171080553724,4,Slider,L,S,L,0.33150774815712614,1
6,42,4.390338498959077,1,Changeup,R,S,S,0.4579410185417017,0
6,116,2.154276158469675,5,Fastball,L,R,S,0.3095656498850673,1
1,95,7.9943958077079875,6,Fastball,L,R,S,0.3543949433098681,1
8,29,4.718022836256845,0,Sinker,R,R,S,0.6199567520103569,0
6,136,5.44923257864357,2,Slider,L,S,L,0.3679046519484447,1
3,43,5.459249295642541,6,Slider,L,S,L,0.5823176688055858,0
9,58,6.762014366057452,6,Slider,L,S,S,0.49664429267270804,1
2,85,0.07738031077535368,2,Fastball,L,L,R,0.6605746808875086,1
8,25,1.7619755234509746,3,Curveball,R,R,S,0.6504335571562898,0
3,40,5.324272001360112,5,Changeup,L,R,S,0.3185284276994198,1
5,92,7.161165894596542,2,Changeup,L,L,S,0.7659440350163613,1
6,93,5.48271025537085,0,Cutter,R,R,L,0.6813242273242587,1
6,55,3.307930331949441,5,Cutter,R,R,S,0.5195693574475786,1
4,63,2.8924439669620927,2,Curveball,L,R,S,0.5358548076599932,1
3,110,5.903584066266563,2,Slider,R,L,S,0.697301965960293,1
4,79,5.929901577097548,0,Curveball,R,L,L,0.49049144874372874,1
1,112,4.856463940045523,7,Cutter,L,R,S,0.48709228455275083,1
4,102,2.3317361927786964,4,Sinker,R,S,S,0.5781107779805235,0
1,102,7.401238547124349,7,Cutter,L,R,R,0.25298482576264725,1
1,96,4.415039536949113,7,Changeup,L,R,S,0.5492840837969848,1
6,45,6.323938849986645,7,Curveball,L,S,L,0.33434480200739075,1
5,40,1.714466097294653,2,Fastball,R,R,R,0.2700225773988657,0
4,139,2.752326308917823,6,Cutter,L,R,S,0.68924858247401,1
3,149,6.9966361310987395,7,Changeup,L,L,L,0.42909007284365,1
1,127,0.40085623951974725,3,Slider,L,R,R,0.5016885989751902,0
6,46,4.098522490053297,6,Curveball,R,S,L,0.37607418576832674,1
2,90,3.853643838752072,7,Cutter,R,L,R,0.21854361549228746,1
8,69,6.009841511264657,2,Fastball,L,L,L,0.4654350932638123,1
5,114,2.2551501647946592,7,Cutter,L,S,R,0.6501565112905823,1
7,42,1.7525345748767958,2,Fastball,R,S,S,0.6549985640331695,1
2,100,7.40906271018587,0,Curveball,L,L,S,0.7532274649464865,0
8,39,4.573677215667718,7,Sinker,R,R,S,0.7042420957487185,0
2,143,0.837516546269236,7,Fastball,L,R,S,0.7894000143958864,1
4,32,1.5442892977145686,0,Fastball,R,L,R,0.5429771105176624,0
1,22,7.990608476113986,5,Changeup,L,R,R,0.23056178807241692,1
5,148,1.5648719700175393,3,Sinker,L,L,R,0.7180373966624618,1
9,109,4.88380409082943,1,Curveball,R,S,R,0.7712208458784802,0
1,54,3.361024631964945,0,Cutter,R,R,R,0.47850379456826114,0
9,33,7.084792758798683,7,Sinker,R,R,R,0.26836184411979447,0
8,69,6.041348738362622,1,Slider,L,L,S,0.21477428746695904,1
6,97,4.7756111700945265,7,Curveball,R,L,R,0.5681061054265598,0
7,22,0.08591185438385995,3,Sinker,R,R,L,0.6005741973665171,0
3,59,7.038361659947677,2,Curveball,R,R,L,0.20972916774444614,1
1,70,3.55733976670973,5,Slider,R,R,L,0.7695565650223635,1
5,20,7.452621224148612,2,Cutter,R,S,R,0.5253421850785159,0
2,123,3.9643121028336097,6,Changeup,R,R,S,0.5673643294299424,1
5,136,5.553795913461804,5,Sinker,L,R,L,0.5384903677417711,1
8,135,0.5543411957331372,1,Cutter,R,L,R,0.3901613568798805,1
9,71,5.9612132282142865,6,Slider,R,S,R,0.7403490170274389,1
2,139,2.7039682504953833,3,Cutter,R,L,S,0.20228588149618776,0
3,105,2.810872114654247,3,Curveball,L,R,R,0.6483160661833389,0
3,65,0.9492467576751196,0,Changeup,R,S,R,0.41649857298309356,0
1,95,1.1748571891216182,7,Fastball,L,R,L,0.31413428054477366,1
8,29,1.486072449649681,1,Sinker,R,S,L,0.4616637158321589,1
6,80,2.625649348571379,5,Cutter,L,S,L,0.31882095023081036,1
8,37,7.135759302204844,0,Fastball,R,S,L,0.7212984438565468,1
9,105,2.9460819058406438,1,Changeup,L,S,L,0.6773636294656493,1
5,147,5.7949016525057475,6,Fastball,L,S,R,0.7141980958622935,1
3,123,0.6619800311189712,0,Cutter,R,S,R,0.7015225408191756,0
5,120,4.728790394175941,0,Slider,L,L,S,0.6948882333132378,0
5,25,3.8551298501635163,3,Sinker,R,L,L,0.5488541853837884,0
5,104,7.823663575636036,3,Curveball,L,R,L,0.7411798674150571,1
3,70,6.769662159031704,2,Curveball,L,S,L,0.2354897907926256,0
4,55,3.638638179509198,2,Sinker,L,S,L,0.3715248321745235,0
9,90,6.20114211236271,3,Fastball,L,L,L,0.327538566548,1
9,119,1.5443099303502201,3,Curveball,R,R,R,0.27264824999816556,1
2,44,4.498690619134225,6,Sinker,R,R,R,0.2038104337971342,1
8,63,0.5969524445496655,7,Sinker,R,L,L,0.4415866744340664,1
8,33,2.7847122580134647,0,Curveball,L,L,R,0.6344005550620312,0
7,48,1.8068974529773625,2,Slider,L,S,L,0.5869317016755308,1
8,93,5.751278522601687,3,Fastball,R,L,S,0.5906278194589915,1
3,69,3.9207255297148915,1,Slider,R,S,L,0.7328726976045195,1
6,24,6.008563830784084,1,Slider,R,R,S,0.7744117699094597,1
1,129,4.122363501051565,2,Changeup,L,S,S,0.6083548637960112,0
7,141,0.6918755372131082,1,Fastball,L,L,L,0.2509543871997408,0
1,107,5.882941197860214,5,Slider,R,S,L,0.6060219536664649,0
9,76,6.665834111902445,0,Cutter,R,S,L,0.5328649864771103,0
1,45,7.2282498073023405,2,Curveball,R,L,L,0.23863985350290137,0
1,25,4.575935562453665,5,Fastball,L,S,R,0.35426995407668904,1
7,79,6.028682871995961,3,Changeup,L,R,R,0.3426200865942647,0
2,119,6.0163546950610165,6,Slider,R,S,S,0.6636835811745331,0
5,31,1.2459980783915547,6,Cutter,R,L,L,0.4071241885110352,0
8,94,1.313765499676566,5,Curveball,L,L,R,0.5003986503973405,1
8,22,0.5670840464730089,1,Curveball,R,L,R,0.671435276513588,0
3,82,2.5593090811224117,0,Cutter,R,S,R,0.7619084853377303,1
7,38,3.788068701928516,3,Fastball,R,R,S,0.5229284376331331,1
3,37,7.9831828220337355,4,Curveball,L,L,R,0.5331781177117887,1
6,99,3.447946736545356,0,Curveball,R,L,L,0.25751975108359715,0
6,92,5.809940708058967,7,Curveball,L,R,R,0.4965907614896265,1
3,145,5.547176210180277,1,Sinker,R,L,L,0.611880021117694,1
7,91,1.6358556020046366,0,Slider,L,S,R,0.31343115741720395,1
3,57,0.4680572115954913,6,Slider,L,L,L,0.2667569535914537,0
8,87,4.3680540122687,4,Curveball,R,L,S,0.7180017510675658,0
4,99,5.602444738515809,7,Changeup,L,S,R,0.2689259354226443,1
1,61,7.986014321490048,4,Sinker,L,R,R,0.7478457585103468,1
4,83,2.868888418249366,0,Curveball,R,R,S,0.36419376063661446,0
7,97,7.170916496648774,6,Fastball,R,L,S,0.39797820138091894,0
4,146,3.0554596469534916,3,Sinker,L,S,S,0.515347764864927,1
6,124,5.515293667444102,6,Changeup,R,S,L,0.3128622259043584,0
9,95,4.786023444136416,5,Fastball,R,R,L,0.6131320695181781,0
1,149,0.42383034642077533,3,Cutter,R,R,R,0.514335380246213,1
5,141,0.627107415762068,4,Cutter,R,R,L,0.7676677491673758,0
7,63,0.16611271779568781,2,Slider,R,S,R,0.7467302600857402,1
1,121,2.966672676751916,2,Sinker,R,S,S,0.661827905813114,0
4,81,5.966408390128086,3,Slider,R,S,R,0.31088767555899355,0
6,20,1.3820431519257816,2,Slider,L,L,S,0.32827505783876454,0
2,36,4.846823747071166,3,Sinker,R,L,S,0.36108422541520274,1
5,35,2.310622240248623,1,Cutter,R,R,R,0.700486613163992,1
1,28,6.375940991832577,7,Sinker,R,R,L,0.5887673262918518,1
6,78,6.3871691920239275,3,Fastball,R,L,L,0.3053481308805925,0
6,138,6.203316119731388,1,Changeup,R,L,R,0.4749548156957584,0
4,138,4.198668110411014,5,Slider,R,L,L,0.7849401838957193,0
8,60,2.2765336806388135,4,Cutter,L,L,S,0.639350468900358,1
4,85,6.4755523510290764,2,Slider,R,R,S,0.7605714468490083,1
8,94,1.4888044955139321,5,Curveball,L,L,L,0.6853026436108275,1
8,30,2.318076816229248,5,Changeup,L,L,L,0.6350356907171963,0
5,27,1.471581649284973,6,Fastball,L,S,S,0.697951882355035,1
4,118,5.393681283101182,6,Slider,L,R,R,0.6155419448208621,0
2,91,5.489888224926545,4,Curveball,R,R,L,0.5404200373150703,1
3,132,5.220079942294024,0,Curveball,R,S,L,0.6415316856855813,1
3,126,3.3248117349173425,7,Changeup,R,R,R,0.33767878911022287,1
4,53,0.8013680576114659,0,Cutter,L,R,S,0.49420945705783115,0
4,76,7.289356676120169,5,Cutter,R,L,R,0.7708341833472641,1
5,136,4.061847712097905,5,Slider,L,L,R,0.6851674555217375,1
4,139,3.255777559288732,6,Slider,L,R,R,0.7557801911657716,0
8,90,4.710599145986346,4,Cutter,R,S,L,0.7804690591489212,1
6,59,1.5423234865528466,7,Fastball,L,S,S,0.5522992813149994,1
6,122,1.0603902328389951,3,Fastball,R,R,S,0.3177054871306034,1
8,143,3.2442017716635485,3,Curveball,L,R,L,0.6446300982868758,1
7,142,1.8177655527992842,7,Changeup,L,R,R,0.2043988068775786,0
8,119,1.9543223562973164,2,Fastball,R,R,L,0.2534848962197359,1
2,77,7.140091902228235,4,Slider,L,L,R,0.37166865315852926,1
9,128,4.246073417486599,0,Fastball,R,L,R,0.20911242246495132,1
1,140,3.867752514586809,4,Changeup,R,R,R,0.610011925120777,1
8,111,5.515836749828779,4,Slider,R,S,R,0.6899506312084511,0
4,69,7.612384909413917,7,Changeup,L,L,L,0.6522611603495114,1
4,124,0.8975885157645127,7,Cutter,R,R,R,0.2866883817371464,1
5,136,6.668276536874058,6,Changeup,R,S,L,0.6823432964626133,1
8,46,4.672153438942767,2,Changeup,R,L,R,0.6970940305590827,1
5,51,1.169322830494698,3,Changeup,R,L,L,0.2579169217144356,0
8,20,2.377194549511933,5,Slider,L,R,S,0.49543222598528125,0
1,36,3.858891331717916,0,Changeup,R,S,L,0.6128750949207766,0
9,103,5.529417156619384,2,Changeup,R,R,S,0.44401115082794557,1
6,64,1.9408561356276177,7,Sinker,R,L,L,0.7335596197481711,1
3,85,4.279030523740719,0,Sinker,R,S,S,0.5174849438309532,1
8,51,5.477373019326894,0,Curveball,R,L,L,0.27327181652597426,0
9,64,3.5899260067800496,3,Slider,L,R,R,0.518260507873268,1
6,28,6.904207688961407,5,Sinker,R,R,S,0.5464636195286889,1
7,49,6.955672822723235,5,Changeup,L,L,R,0.7721779560768558,1
1,103,3.765529741123566,6,Fastball,R,R,S,0.4531929686462128,1
5,79,7.783405683271197,3,Changeup,L,R,R,0.7358195846590962,1
5,20,0.6046807392435785,2,Fastball,R,L,R,0.39198212634805374,0
4,24,0.02689902658349297,1,Cutter,L,S,L,0.47138221967657823,0
6,82,3.0453461104313524,2,Cutter,L,L,R,0.6051624054717637,0
7,84,4.808776490980074,2,Slider,R,L,S,0.7313033178140895,1
9,97,5.033601259597287,1,Slider,L,S,S,0.6644702415207897,1
1,133,3.8115658903506286,0,Cutter,R,R,S,0.29327654216013976,1
6,44,0.9990665059251693,4,Slider,R,S,L,0.31621853986681087,1
7,62,1.3639801743031539,1,Fastball,L,L,L,0.24093014336636254,0
3,76,6.8171838708160735,4,Fastball,L,S,S,0.5728873452544696,0
8,91,6.94328905391409,7,Curveball,L,R,R,0.4641993100098534,1
5,46,5.3911883028857615,0,Slider,R,S,L,0.7255017653472826,0
9,147,5.313743778231059,1,Slider,L,S,R,0.7936451943839937,1
5,125,4.78145702422246,3,Curveball,L,L,L,0.7271344514126343,0
9,90,1.6234070856159057,2,Changeup,L,S,L,0.22797390052373892,0
4,86,3.4260056020792256,1,Fastball,R,L,L,0.7666152549330396,0
9,109,5.56715721170703,1,Changeup,R,R,L,0.26179335892985967,0
5,23,4.2980181760267095,0,Sinker,L,S,S,0.4683229838803337,0
9,125,0.14864267244079343,3,Curveball,L,S,L,0.37839806706190915,1
3,98,7.628454453760787,1,Sinker,L,L,L,0.2938669896971463,1
4,115,6.758528420577147,7,Sinker,R,L,S,0.3027424575013253,1
9,112,2.084360112877903,3,Slider,L,R,S,0.4075003753678787,1
6,93,4.931671481330369,4,Changeup,L,L,S,0.215236448228109,1
2,145,7.385915069825502,1,Slider,R,L,S,0.23879386055028473,1
7,35,0.768088096909211,7,Curveball,R,R,R,0.6285679373767783,1
2,135,4.024235846373605,3,Cutter,L,L,S,0.5757396043416081,1
2,37,3.649944206770356,2,Slider,L,L,S,0.2596146555587474,0
1,35,3.2816400422682586,0,Sinker,R,L,S,0.45940665996134067,0
3,149,6.6847088711434,5,Sinker,L,L,R,0.5646255985419619,1
6,75,3.0451691735796587,3,Changeup,R,R,S,0.2585860946454674,0
8,98,0.5093066659280607,0,Changeup,L,R,R,0.7831980535660175,1
9,122,0.5267019373144199,5,Curveball,L,L,L,0.7091018015933375,0
7,47,0.3419568521968719,7,Changeup,L,S,R,0.3363479736684383,1
4,24,3.273163374992298,1,Fastball,R,R,S,0.511318005683649,0
6,125,5.74725022158688,1,Slider,L,S,R,0.5046105826912679,0
5,41,1.6297796954441237,4,Sinker,R,L,R,0.40052650243758947,1
8,136,5.171748163452396,0,Fastball,L,L,R,0.6557815464654777,0
1,119,5.496707776829633,2,Curveball,R,R,R,0.5949715782303764,0
1,32,2.0416169921247835,6,Sinker,L,S,R,0.7185303992730285,1
6,84,4.804461248485034,2,Fastball,R,R,R,0.20306018321522806,0
2,105,5.478946720214779,3,Fastball,R,R,R,0.5624016564906377,0
5,83,3.7329089824170056,2,Sinker,L,R,R,0.7956544036190318,1
1,51,2.6937327782407605,5,Slider,R,L,L,0.6735226984666907,0
7,99,4.953212412594619,0,Slider,L,S,L,0.40658955317373435,1
1,70,7.822776698624455,1,Cutter,L,L,S,0.2936603775609443,0
4,98,3.4147312749518246,0,Fastball,L,L,S,0.4569677324870575,1
9,125,3.1338807702809683,0,Slider,R,L,S,0.45456165822389105,1
1,82,3.714135219408907,1,Fastball,L,R,S,0.5511641427967479,1
4,95,0.6097471475603857,5,Fastball,L,L,S,0.239639530975148,1
6,79,4.42530623737112,7,Curveball,L,L,S,0.4323149126658072,1
6,84,2.629579097738109,0,Curveball,R,L,L,0.7128765059218574,1
8,136,0.9713769786500999,2,Sinker,L,L,L,0.5861734199475099,0
1,100,3.730053928938987,3,Fastball,L,L,L,0.4608183648359137,0
7,124,0.027071892591819413,6,Curveball,L,L,R,0.38614991663499665,1
1,147,3.2142819613020714,3,Sinker,L,S,R,0.36786811701851946,0
7,90,0.845882143411604,0,Slider,R,R,S,0.6490512359804854,1
3,105,0.19434162719824233,5,Fastball,L,L,L,0.4572074057323777,0
8,90,6.595800369956017,1,Curveball,L,R,S,0.3477357601729236,1
3,65,7.329990426261078,4,Slider,L,S,L,0.6876329501083953,1
1,66,1.6613971868728532,5,Fastball,R,S,L,0.3593645158534917,1
8,98,4.31438611067409,0,Sinker,L,R,S,0.23866370285987382,0
3,149,2.2236652570478794,0,Fastball,L,S,S,0.528855691285071,1
2,146,3.9486195093774574,4,Curveball,L,L,R,0.367431438851507,1
1,128,3.493050567153282,3,Slider,L,S,L,0.2029301182560525,0
3,138,2.1524084406438853,5,Fastball,L,L,R,0.5009353574834949,1
2,120,5.6031486370823815,3,Fastball,L,R,R,0.7367264331146881,0
2,25,1.0119276745620338,6,Sinker,R,R,R,0.5864804173401938,1
6,145,0.424582257370937,4,Cutter,R,R,R,0.21089259872849833,0
1,122,6.141403464298233,1,Fastball,L,R,L,0.42725989538233655,0
2,56,5.327440249765439,6,Cutter,R,R,L,0.3482246433033632,1
6,56,3.9882089931711837,0,Cutter,R,R,R,0.6022655121744355,1
3,27,3.7423181637803324,2,Slider,R,L,L,0.47414588514804573,0
4,96,3.9792910359314098,3,Changeup,L,R,R,0.3036402071326098,1
1,59,3.496192608789383,3,Sinker,L,S,S,0.4737727309827808,1
8,126,3.143138366649433,5,Cutter,R,L,R,0.7588365273446329,1
7,111,3.9975248230889626,6,Slider,L,L,S,0.4464790527282042,1
7,37,4.2281213692780835,6,Sinker,R,L,R,0.7221987037040372,1
3,76,5.535218512668967,3,Curveball,L,L,R,0.4852640439872022,1
3,102,5.689657285872181,7,Cutter,R,R,L,0.6545896478530364,1
2,51,3.021032641121157,1,Changeup,L,R,S,0.6715095899589765,0
1,44,3.30832418194791,4,Curveball,L,R,L,0.6564471244418661,0
7,52,2.989577357889784,1,Sinker,R,S,R,0.5830990456252123,0
7,107,4.292286189005683,3,Cutter,L,R,S,0.771492970042639,1
2,123,3.6268283033135624,5,Cutter,L,R,R,0.7571467114474006,0
7,53,7.1167717050895485,0,Changeup,R,S,S,0.3816702374480557,0
8,121,5.570890135331781,3,Fastball,L,R,S,0.6167967077979097,1
1,146,7.1892510700355645,0,Changeup,R,R,R,0.5988740449303901,1
9,88,5.6730959324754044,5,Slider,R,L,R,0.3201566307899179,0
7,59,7.767937188190513,0,Slider,R,R,L,0.3590408554485848,0
3,99,5.085894226042153,3,Changeup,R,S,L,0.3864523983701595,0
8,50,7.7084011053044375,3,Changeup,L,L,R,0.3989518143744353,1
7,135,1.2653591232754087,0,Changeup,L,S,L,0.7126176230253545,1
8,82,0.4198214466352308,1,Changeup,R,S,L,0.6544119127436577,0
6,67,4.633001481630874,1,Changeup,L,R,R,0.6846406535626073,0
9,106,7.867945646398199,5,Cutter,L,L,S,0.7478149281308828,1
5,67,3.3408419784191743,1,Sinker,L,R,R,0.5086052344380224,0
3,80,1.6963468975436768,6,Sinker,L,L,L,0.701259209871228,1
3,97,4.172331593548112,2,Curveball,R,L,R,0.617203257616274,1
1,37,5.190388996631109,0,Slider,L,L,R,0.4788760313365497,1
8,47,2.5214295641271116,2,Slider,R,S,S,0.3163123983113241,1
2,99,5.718154867994076,2,Sinker,R,R,S,0.4581628921814407,1
3,35,7.800916056365806,6,Sinker,L,L,L,0.32394714143484504,1
8,96,7.175704973684935,0,Curveball,L,L,L,0.372299631216091,1
8,45,2.332682988097562,2,Changeup,L,S,L,0.3701087165745831,1
4,47,2.6137894651567866,5,Sinker,R,L,L,0.6566199938525192,0
4,124,2.9723297955967087,5,Sinker,R,L,L,0.5046733560726528,1
5,96,3.1564222271491627,0,Curveball,L,R,R,0.6758856794298542,0
6,28,0.8025559935462354,4,Changeup,L,S,R,0.7264443831391614,0
5,70,6.095702711114314,4,Slider,R,S,L,0.5670018241747359,1
7,95,2.9227141088856037,7,Sinker,R,L,S,0.444322992995173,0
2,141,7.038559813643618,6,Fastball,L,L,S,0.7140633143021897,1
7,51,7.41552498496087,0,Slider,L,S,L,0.5405211317626462,1
7,76,0.19545047446150488,0,Slider,L,L,R,0.71416204227631,1
1,73,7.90802455942565,0,Fastball,R,L,S,0.35925334903829187,1
7,135,5.680181852001477,1,Curveball,R,S,S,0.5394552478213506,1
5,81,4.1631378079436985,0,Cutter,L,L,S,0.32704895445789606,1
3,103,3.1162208669804263,5,Changeup,R,R,S,0.6190143070765823,1
3,75,4.148145060877703,5,Changeup,R,L,R,0.5521346034105732,1
4,42,2.5969977918275555,3,Slider,R,S,R,0.5335998538254498,0
2,36,4.981502509572386,4,Fastball,L,R,S,0.5834647893517788,1
2,97,0.7438422115583299,7,Slider,L,L,R,0.42524174878111076,1
1,41,4.968980823294482,4,Slider,L,R,R,0.3151859049469286,1
5,127,2.202758801107553,6,Sinker,R,S,L,0.6838476231393729,1
4,36,0.14107863241877094,0,Curveball,R,R,L,0.4306218634058922,0
2,34,4.421646129303021,4,Changeup,L,L,L,0.7933616792883837,1
3,133,4.627582046821571,0,Cutter,L,L,L,0.488601307896695,1
7,67,3.412552037692288,0,Fastball,R,S,S,0.4940084633346131,0
7,132,0.5782898604025348,4,Cutter,L,R,L,0.6066910639433403,1
4,116,7.146743622433532,4,Fastball,R,R,L,0.6000423074683616,0
5,110,4.891446457823111,3,Changeup,L,S,R,0.30831124947778976,1
5,35,0.9257063965517567,6,Curveball,L,S,S,0.3633861766754467,0
6,117,4.087444612753181,7,Cutter,L,S,R,0.3389098382768032,0
9,130,3.9780345275877718,2,Fastball,R,S,R,0.23204307119052411,1
2,20,0.48321495034341577,3,Slider,L,L,R,0.21344667611158963,0
5,60,4.85487762882358,3,Changeup,L,L,L,0.5869948896990074,1
3,67,6.4666111913725155,4,Curveball,L,S,S,0.4991548712346659,1
4,127,5.992064433987825,7,Sinker,R,S,L,0.7367573749920662,1
6,122,1.6237553133134668,6,Slider,R,R,S,0.3804627254659302,1
8,147,6.898340236433691,5,Curveball,L,L,R,0.6725081233052825,1
1,49,2.7403373252748073,6,Fastball,L,R,S,0.26189242034237836,0
8,64,7.572067026335531,3,Slider,L,R,R,0.6898649965850069,1
7,99,0.5739837138057098,5,Sinker,L,L,L,0.7526991622957278,0
1,58,3.8896695081587414,4,Sinker,L,S,R,0.5764023701931019,0
2,64,4.7769950174203935,1,Curveball,R,L,L,0.6415760714883953,0
3,97,1.9812007877968378,0,Changeup,R,R,L,0.7926768674125253,1
1,100,6.171041509761822,2,Cutter,R,L,L,0.42691222740190304,0
9,112,5.015165438485736,5,Sinker,L,S,R,0.2176167279677247,0
8,51,0.14487549830364443,1,Sinker,R,L,L,0.6095618281580204,1
2,43,4.866948725569887,5,Cutter,L,S,S,0.20799786024321404,0
9,135,3.931825875347571,0,Slider,R,S,S,0.5409867598029423,1
7,32,1.5682336136280615,0,Changeup,L,R,S,0.5584867598995638,0
9,98,7.965985816476237,6,Changeup,R,R,S,0.5507004268721782,1
6,75,7.17729755862092,2,Curveball,L,S,L,0.29955134142125733,1
6,72,2.340061560232508,3,Slider,R,S,S,0.24600564923594925,0
4,87,4.32856736638893,0,Changeup,R,R,R,0.7446462123992394,0
2,53,2.532017119282326,2,Curveball,L,S,S,0.5249608037095693,1
7,47,6.203966013088625,5,Changeup,L,L,S,0.3938504500006298,1
5,69,7.4426514655716405,5,Slider,L,S,R,0.6630471756648655,1
6,149,2.8706288553150685,5,Changeup,L,S,R,0.7529925679114111,1
2,130,6.44467399314902,6,Changeup,L,R,S,0.4425297714470262,1
5,113,3.987260341705639,5,Changeup,R,R,L,0.2589831291948055,1
4,66,3.1726284904926185,5,Cutter,R,R,R,0.6155699854700478,0
9,45,7.507374816790159,4,Fastball,R,L,L,0.7445165835109653,1
6,103,4.0832375097522515,0,Slider,L,S,L,0.7882442392570019,1
2,125,3.739284002059719,6,Cutter,R,S,S,0.6881251359330711,1
1,111,5.379475215698744,0,Fastball,R,R,L,0.36093001151484294,0
5,139,2.0898736081462754,3,Sinker,R,S,L,0.4149321429465573,1
9,94,2.598342966306526,6,Changeup,R,S,L,0.2820438255635169,1
6,141,7.4563666899089815,7,Changeup,L,L,S,0.6276473451999851,1
7,60,5.428238763495539,3,Cutter,L,S,R,0.30155264129260434,1
5,71,6.613097182168045,6,Curveball,R,L,S,0.45917965461803073,0
6,101,2.168894095483437,4,Slider,R,S,R,0.5190533575939335,0
5,93,4.350321519438976,0,Fastball,R,R,L,0.4295196313643096,1
9,85,7.771170135915986,6,Changeup,R,R,R,0.289817621363291,1
6,43,2.549631192225741,3,Slider,R,S,R,0.3738922669164658,0
8,47,1.283811810536335,6,Changeup,R,R,R,0.5796590208240258,0
2,136,4.087088065797312,2,Changeup,L,L,R,0.636094195204038,1
9,133,3.1025687097990096,5,Changeup,R,R,L,0.5687816685337229,0
5,80,1.2766178622937083,5,Slider,R,L,R,0.7794512022845612,1
7,88,7.108411061626944,7,Cutter,R,S,R,0.5681781552843638,1
1,133,7.925791284430223,0,Slider,R,S,L,0.33520372025273387,0
5,94,4.548657445519982,5,Slider,R,R,R,0.4946317498366712,1
2,78,6.197414146987632,5,Sinker,R,S,S,0.7017376258237551,1
6,149,6.872306956370396,7,Curveball,R,S,R,0.395480974809712,1
1,34,5.607856048174615,2,Curveball,R,L,S,0.6422184587306599,1
3,124,0.3532483928938497,1,Cutter,R,L,S,0.6711151581202117,1
5,117,1.2610738537345423,4,Curveball,R,S,S,0.7603791339035437,0
4,54,0.5679135292110917,3,Cutter,L,R,L,0.44070523236536474,1
3,50,0.07903685313645248,1,Changeup,R,R,S,0.3556545450730685,0
5,146,2.4479712700578924,3,Changeup,R,R,S,0.5047689540919705,1
8,38,3.138847683852478,1,Slider,L,S,L,0.7962099844901427,0
4,43,1.9282378586874058,5,Changeup,R,R,L,0.7412779825196696,1
1,103,0.5168371846905675,3,Curveball,R,R,S,0.3703730382112791,1
7,111,4.238904726693421,4,Fastball,R,S,L,0.31802944129262806,1
8,137,2.186554559657133,0,Slider,R,L,R,0.48617477173670276,1
3,66,6.368297238908498,2,Cutter,L,L,S,0.2994647072521548,1
6,122,0.06442097300224958,1,Changeup,R,S,S,0.6548187803265979,0
2,140,6.740216410300882,2,Slider,R,L,R,0.22196756029629328,1
7,113,7.638029431567656,7,Slider,R,R,L,0.33483544618187755,1
8,61,5.7290805052285565,2,Slider,R,S,R,0.21093248456433014,0
6,130,5.869152522100532,3,Changeup,R,S,R,0.33604295224648606,1
6,48,7.468498492821865,0,Cutter,L,L,L,0.23138735078624992,0
5,143,1.672570282402793,3,Slider,L,S,L,0.6041313938147725,0
8,36,7.956524545668613,7,Slider,R,S,S,0.5421642959809791,0
1,33,6.187849627028335,2,Slider,L,R,S,0.32834832660342694,0
4,69,5.8125656666223495,5,Sinker,L,S,S,0.32304631022207253,0
4,76,2.888724631962342,6,Changeup,L,S,L,0.37471610491188545,1
3,123,4.366219883244884,4,Sinker,R,S,S,0.6789277520570833,1
3,58,5.231342306186776,0,Curveball,R,S,R,0.2903019609037122,1
4,115,4.9627428905377275,0,Cutter,L,L,S,0.2730204898531219,1
1,55,5.639877107820646,5,Slider,L,S,L,0.5048302009364842,0
2,133,0.659053912627285,2,Sinker,R,R,L,0.7189700803338464,0
9,56,2.8451874626535743,7,Slider,L,L,S,0.3344666026470542,1
2,33,3.4720001327638172,3,Sinker,R,S,L,0.26375377494833185,1
5,142,2.0850343829997318,5,Slider,R,L,L,0.49501313729919855,0
9,102,1.38101816215379,4,Changeup,L,S,S,0.6392929291590002,1
9,92,1.1114198393029024,1,Curveball,R,S,S,0.5709934028841085,0
8,121,2.931067138052681,3,Slider,L,L,R,0.450899399263445,1
1,100,3.947533604500527,0,Sinker,L,L,L,0.22423883348009993,1
1,102,0.5038115211732856,5,Slider,L,L,S,0.3803559734385068,1
9,63,7.571664756724396,7,Changeup,R,L,R,0.7515508540047089,0
8,87,6.121946582886067,3,Cutter,L,R,L,0.3337174765071496,1
9,67,5.8468141854837326,1,Cutter,R,L,L,0.5683727862112976,0
7,76,1.3828841999098156,7,Curveball,L,R,R,0.7444656415347859,1
3,94,4.830406144097512,6,Cutter,R,S,L,0.49286568271331316,1
3,41,4.2377995744693395,6,Slider,L,S,S,0.4677673197562488,0
2,65,7.85975076629355,4,Changeup,L,L,R,0.28463836985235164,1
5,30,5.981374160641264,6,Slider,R,S,R,0.7883669834238087,0
3,50,4.606095069729849,6,Slider,R,R,S,0.3060017659950114,1
6,139,6.806501331760978,5,Curveball,L,R,R,0.4888746541180877,1
2,75,1.2407541668856759,4,Cutter,R,L,S,0.3027976459655916,1
3,57,0.12173223752781759,1,Cutter,L,L,S,0.4090300915091719,1
5,40,5.521866667316186,1,Cutter,L,L,L,0.7304052887852597,1
1,129,0.7864916818978998,6,Sinker,R,R,L,0.5859924306180906,1
1,113,0.9234691198680736,2,Slider,R,L,L,0.20590654894401425,0
9,27,5.957445811396244,7,Changeup,L,R,L,0.7800574817196146,1
7,91,2.1642787530719128,7,Changeup,L,R,L,0.6703444967618428,1
1,138,5.029049724551143,0,Slider,L,S,S,0.7985215898490139,0
8,53,7.3392554087419875,2,Fastball,L,S,R,0.6577200225299502,1
3,124,2.5317962531028666,3,Slider,R,L,R,0.6589121946656491,1
8,106,1.7371532627193504,1,Sinker,L,L,L,0.6196272800488338,1
5,83,0.8525030699284137,2,Cutter,R,L,S,0.4539476599350364,0
1,21,1.043698891357809,0,Slider,L,L,S,0.38896714730263926,1
7,128,0.49778156303074184,0,Sinker,R,R,S,0.5151122588577748,0
5,45,0.701139030637921,1,Fastball,L,L,R,0.3069425413873433,0
6,102,3.4560367104732315,7,Slider,R,S,S,0.6334586881354327,1
6,126,2.566920360191758,5,Cutter,L,L,L,0.7983914780393753,1
8,88,5.652486514583984,7,Curveball,R,R,S,0.560560701448416,1
9,116,6.961933265976015,2,Changeup,R,S,L,0.7138745159493765,1
2,49,6.278185625139074,4,Fastball,R,S,R,0.30339726078057233,1
9,27,4.245098053325218,7,Curveball,L,L,R,0.6950422699981689,0
9,57,0.8195369298612274,1,Changeup,R,S,S,0.7444600429402437,1
7,100,5.678138271532428,6,Curveball,R,S,R,0.7033205375681282,1
1,127,2.9026297978149884,3,Slider,L,L,R,0.5763557214869623,0
7,84,0.6852031513232815,2,Slider,L,L,S,0.7558280330532166,0
5,86,6.739731257701005,2,Changeup,L,R,R,0.7768802019126357,1
6,109,2.7057321374600445,1,Changeup,R,S,L,0.6892181874731009,0
7,114,1.7459906600925708,5,Slider,R,L,S,0.5282687811353112,0
5,91,6.971616516950745,2,Slider,R,S,L,0.7011794496754868,1
7,62,7.2170709475760395,2,Sinker,R,L,R,0.4231644233370745,1
9,65,2.711766697532479,3,Changeup,L,R,S,0.4079548542280853,1
3,144,2.8384113542509875,5,Changeup,R,L,L,0.4087444649294384,1
8,58,4.637028220665153,3,Sinker,L,L,S,0.31953094146177663,1
2,70,5.867531950485265,4,Changeup,R,R,L,0.57376691808145,1
7,23,0.5051936152549077,3,Cutter,L,L,L,0.5968868916826746,0
2,140,4.746749257507774,6,Sinker,L,R,S,0.7157837708925328,0
4,99,7.622560494268653,4,Cutter,R,S,L,0.6167064473098984,0
7,96,2.0967511774396295,3,Slider,R,S,S,0.6679622852957251,0
3,74,7.27061771277547,4,Cutter,R,S,R,0.6132992698255355,0
2,39,7.601346726104749,5,Fastball,L,L,L,0.6182273045197642,1
7,53,2.153229127768718,3,Slider,L,R,L,0.40432906365209265,0
1,141,6.033614927082804,3,Fastball,R,L,L,0.7795308648130217,0
8,128,1.91020006655648,1,Curveball,L,L,L,0.583274517478637,0
3,145,5.900889293857062,3,Fastball,R,L,R,0.5522819137364793,1
2,73,6.379359770310607,4,Curveball,R,R,S,0.7083300276794335,1
3,108,1.9776456296851954,1,Fastball,R,L,S,0.4525736293216576,1
5,72,5.72695634866588,4,Curveball,R,L,S,0.257751497481615,1
8,69,6.496836310912719,7,Curveball,L,R,R,0.34406154440552056,0
7,91,2.868630976855294,3,Slider,R,R,R,0.6848550145888401,1
7,35,1.3416222079178155,3,Changeup,L,S,S,0.6390886305249068,0
7,32,0.7357165385401085,7,Changeup,L,R,S,0.27031327056843024,1
8,39,4.603053628879535,4,Slider,L,S,R,0.24179163413349475,1
1,85,7.824784954525706,7,Curveball,L,S,R,0.573143716487419,1
4,66,6.583602560177729,5,Changeup,L,L,L,0.7631889500744644,0
6,141,3.4867171114764224,5,Changeup,R,L,S,0.3049524101982498,0
9,73,4.2929672228396685,6,Fastball,L,L,S,0.5294132957507753,1
2,25,2.2362230832945516,5,Cutter,R,L,S,0.6871804660402829,1
1,33,1.3045269388805085,2,Slider,R,L,S,0.5172155899815801,0
2,105,3.856649265858186,1,Cutter,R,L,S,0.4106758429952558,1
7,46,3.7080125293374815,1,Curveball,R,L,L,0.6743438662452172,0
3,26,4.175439622430082,7,Fastball,L,S,R,0.6627355690340312,1
2,21,7.622436684511526,5,Changeup,L,S,L,0.6982912353567517,1
7,99,4.831162401158178,7,Sinker,R,L,L,0.7670611286287341,1
2,79,4.84617469297899,3,Fastball,R,L,S,0.290378668347548,1
3,43,1.0241981028886142,1,Slider,R,S,L,0.4044684892044385,1
7,34,7.971910929414563,4,Curveball,R,S,L,0.7915923884837566,1
4,114,6.182759553877348,3,Fastball,R,R,S,0.5567217530342421,1
1,100,7.017626752752038,1,Fastball,R,R,L,0.6020779619014207,1
5,37,3.3144032946479527,0,Fastball,L,L,L,0.7304571529671786,1
9,39,4.017024766284999,1,Changeup,L,L,R,0.6146264615556412,1
8,134,4.176670473298212,5,Curveball,L,L,S,0.609940183395886,0
9,59,1.5527563143168415,4,Changeup,L,S,S,0.262701794748769,0
9,58,5.515913250615657,1,Fastball,R,L,L,0.5041045552704201,1
7,51,7.223813788939653,7,Changeup,L,L,S,0.6039160606064574,1
4,143,1.309646545107352,6,Changeup,L,L,R,0.6843750435916411,0
5,127,0.690546187889316,2,Slider,R,R,L,0.4479428580323778,1
1,46,5.905751244322738,5,Cutter,L,R,R,0.27412103193120074,1
1,129,2.1856146533838565,6,Cutter,R,L,L,0.4194953751186622,1
3,116,4.990900332938635,6,Slider,R,S,L,0.4578412108436617,0
8,93,5.566066703937445,2,Slider,R,R,S,0.6506053744571313,1
2,36,2.5752861086545744,3,Sinker,R,L,S,0.21186854102129493,1
4,68,6.521156779406275,7,Changeup,R,R,L,0.4314786938411972,1
2,100,4.399911856913735,2,Sinker,L,S,R,0.4687301697540554,0
5,135,6.951995263614422,4,Changeup,R,S,L,0.5300693574821942,1
9,42,6.10634842047158,0,Curveball,L,S,L,0.7819996959878697,0
1,117,6.94860505629963,0,Cutter,R,S,L,0.6443612374096552,1
5,91,0.1612910569431527,3,Changeup,R,L,R,0.33345755703029656,0
9,76,1.9480500859087577,7,Curveball,R,S,S,0.5801973857954031,1
1,105,0.720063523567509,3,Sinker,L,L,S,0.40767683092140894,0
9,42,3.5366641375147934,7,Cutter,R,S,R,0.686848744410518,1
8,124,7.119680972922546,2,Curveball,L,L,S,0.30264183570936554,1
4,86,3.7403220981349534,7,Curveball,L,S,L,0.28670185264590936,1
5,53,6.797704356643153,6,Slider,L,L,S,0.2608363270154941,1
5,52,2.617425904154543,4,Fastball,R,R,S,0.5264628103375759,1
6,65,2.7165605824420194,2,Fastball,L,L,R,0.27395304092153666,0
7,100,7.164493842615021,4,Fastball,R,L,R,0.22505216275132067,1
8,106,3.4065371720936124,7,Curveball,R,S,L,0.39947362453615654,0
8,34,6.318123902357331,4,Changeup,R,S,L,0.678899949851693,1
2,142,1.8931483830552107,0,Sinker,R,R,S,0.293644286157832,1
9,140,7.590406637421084,6,Fastball,R,S,R,0.4147341591173803,1
7,97,4.596625972244569,4,Changeup,R,L,R,0.46144282063492914,1
4,85,6.074588548627215,1,Cutter,L,S,L,0.7255820854185826,0
4,58,0.716125598359084,4,Sinker,R,S,S,0.485818016429868,0
8,37,3.9413138066442297,7,Sinker,R,L,S,0.5071732476214245,0
4,40,7.208307981872186,0,Fastball,L,R,R,0.3527748535487881,1
6,46,7.016309032346436,5,Curveball,L,S,R,0.6011257850380132,0
5,21,0.37451165787382035,2,Slider,R,S,R,0.2153974372678451,0
3,116,2.4295877530315737,4,Curveball,R,L,R,0.7786639402962019,1
2,58,3.546560051832641,1,Sinker,L,R,L,0.49887216998758005,1
9,75,1.3781185148463058,7,Changeup,L,R,L,0.23708795118229864,1
9,126,5.839986487919763,3,Cutter,R,S,R,0.5355022676381328,0
1,146,1.4760959647896925,2,Sinker,L,L,S,0.5083893008560446,0
3,32,2.7731175549590894,3,Curveball,L,S,L,0.3444214937933968,0
8,145,5.306245094862546,1,Sinker,R,L,R,0.32528576740714965,0
6,75,3.8567147561958395,0,Slider,L,L,R,0.3624594994971717,0
5,47,5.9085683090791505,5,Slider,L,S,S,0.27783920581698196,1
5,83,7.689663209782878,6,Cutter,L,L,S,0.5188534410282928,0
6,90,0.93237350172158,0,Fastball,L,S,R,0.7273615841908776,0
7,138,5.6765417311844875,5,Curveball,L,R,L,0.7538765540103416,1
1,119,1.8427532450569162,6,Sinker,L,R,L,0.7717922372817285,0
9,60,3.315813819260554,2,Curveball,R,S,S,0.5602245166948244,1
3,23,0.2629018063611186,4,Slider,R,R,L,0.5729294337069288,0
4,107,1.0872590583415915,4,Changeup,R,R,L,0.3863100531654913,0
1,103,2.5582183123911975,7,Curveball,L,R,L,0.7312073428326031,1
3,65,2.7358864423038796,3,Slider,L,R,R,0.492887324039792,1
2,107,7.196681731696766,0,Changeup,R,L,R,0.3675851764089437,1
2,26,5.934503274132121,7,Fastball,L,S,L,0.7794007163739762,1
1,96,7.777463745496329,4,Fastball,R,S,R,0.6232268874407922,0
8,112,4.792572082681924,7,Slider,L,R,S,0.47879086817056205,0
3,39,1.9337098567305437,5,Slider,L,S,L,0.24118210016972347,1
3,97,2.621240239373143,6,Fastball,L,S,L,0.2840969681843135,0
6,46,2.5586873863357367,4,Slider,R,S,S,0.3178860153412889,1
8,139,2.6119546213060127,0,Cutter,R,L,L,0.7417044548021476,0
9,44,5.383713384894525,0,Curveball,R,R,L,0.7829532736326181,0
9,71,4.24646342472333,1,Cutter,R,S,L,0.360187246774767,0
4,40,3.0833934246931545,6,Changeup,R,L,S,0.49898900895174003,1
5,37,1.1927181498297328,3,Slider,L,R,R,0.6751311885232703,0
2,58,0.17711330353716725,7,Slider,L,L,R,0.4307825125204128,0
9,34,1.7506774207015408,6,Changeup,L,L,L,0.4954263689826924,1
8,72,0.8597712317494501,7,Curveball,L,L,R,0.7325741123662213,0
3,57,6.283560246817915,0,Fastball,R,S,L,0.32450663224499005,0
9,71,0.8999836625110831,6,Cutter,R,R,S,0.7963114780411011,0
3,91,5.793825898454689,1,Curveball,R,R,S,0.4737837068046618,1
9,47,3.085269518208661,6,Fastball,L,S,L,0.354981772858193,0
2,137,0.5870271179502078,0,Fastball,R,R,L,0.7354963534097569,0
9,54,6.501840395452686,2,Slider,R,R,L,0.24590241053256065,1
8,118,4.637044561892907,5,Changeup,L,L,R,0.585391532746935,1
9,71,1.8860921029085844,5,Sinker,L,S,S,0.23701352522292485,1
5,102,7.157449394661343,2,Slider,R,L,L,0.7677155645359468,1
2,67,0.36206651096441167,2,Sinker,R,R,R,0.583831650081422,1
8,41,1.6145568655821032,7,Changeup,R,R,L,0.43878236545084565,0
6,142,6.016375422446888,7,Slider,L,S,S,0.45464182684734566,1
8,146,5.675023442479113,0,Cutter,L,L,S,0.2990819428431972,0
5,71,2.3141735497958242,7,Slider,L,L,S,0.416004868056337,1
2,98,0.4961990028222649,4,Cutter,L,L,L,0.742279384540226,0
6,148,6.8646245777995505,4,Sinker,L,S,S,0.6832249742558065,0
5,85,2.5095811045592207,2,Curveball,L,L,L,0.5968892789474389,0
5,83,1.5657073194261217,3,Curveball,R,L,R,0.7806693066940256,0
1,27,4.128494578887817,5,Sinker,R,R,R,0.5440620060275063,1
2,44,7.281817594259579,1,Sinker,R,R,R,0.3057668776390955,0
8,113,0.34837262274700276,2,Slider,L,L,L,0.6281690915431425,1
3,34,6.126432704247102,5,Curveball,L,L,S,0.5551489867297872,1
3,141,4.579785823509671,1,Fastball,R,R,S,0.4619282417029236,1
8,94,3.4035929324145355,6,Cutter,R,S,L,0.2881890106984639,1
8,123,5.95264355284048,1,Sinker,L,R,R,0.6065954154600065,1
2,57,7.726595395533058,2,Changeup,L,L,R,0.46643950284079144,0
8,134,1.8336496893015282,4,Cutter,L,S,L,0.5471800587001634,1
1,58,1.149178920576957,3,Slider,R,L,S,0.38924137404673853,0
6,127,7.303053961781576,5,Curveball,L,L,S,0.2934365439476062,0
8,36,5.35162461965843,2,Curveball,L,L,S,0.41594452013617644,1
3,137,3.503888172495728,1,Fastball,L,S,S,0.7112628967916936,1
8,58,4.586076562114265,7,Curveball,L,L,R,0.29573955945066394,1
1,54,5.964911241409952,5,Slider,R,S,S,0.48273998033291304,1
9,70,6.184255189645738,0,Slider,R,R,L,0.3785650659379619,1
9,66,7.3591534465517165,6,Changeup,L,S,S,0.7773993426529766,0
5,55,3.4147423111649813,7,Cutter,L,L,R,0.2508041202655715,0
4,83,2.34728728015516,0,Cutter,L,L,S,0.34720938656866973,1
6,114,5.117314134318735,5,Cutter,L,R,S,0.46973404489770565,1
7,124,3.325823194236243,5,Changeup,L,R,L,0.34836686607479733,0
5,32,4.756787631591823,1,Changeup,L,R,S,0.6239556484554867,0
9,131,3.3598863876476015,7,Changeup,L,S,S,0.42253107835666237,1
3,84,1.2239662934253959,2,Fastball,L,S,L,0.6684661597851929,1
7,27,3.7554140132716674,7,Changeup,R,S,L,0.5307640683642076,0
5,67,5.527342575528262,4,Curveball,R,S,L,0.45609440797083317,1
7,104,6.394270461341199,2,Sinker,L,R,L,0.41892567201945075,1
2,62,3.9466102143723747,3,Fastball,R,L,R,0.33321120262148907,1
4,104,1.3219031216832073,5,Curveball,R,L,S,0.35153503585498574,1
2,38,3.3175016771954526,0,Cutter,R,S,S,0.3058278223026924,0
7,42,6.290351430733586,1,Slider,R,R,R,0.7110471498930262,0
2,134,3.3028741649365827,7,Cutter,L,R,L,0.528970217689885,1
1,69,5.572246348833779,4,Changeup,L,R,S,0.4897251074030351,1
9,62,4.057709453424718,6,Slider,L,L,L,0.3933506236621672,1
1,118,1.9297850008751736,2,Cutter,L,L,L,0.5101213553869219,1
8,123,6.369204064184594,3,Fastball,R,S,R,0.7295324863481878,1
2,135,0.6737076325654963,7,Changeup,R,L,R,0.71365918011117,1
8,70,4.199122262041205,2,Cutter,R,R,L,0.5594546282749946,0
3,125,1.6711282739472395,6,Slider,R,L,S,0.5179742263323939,1
6,131,0.5365250283310052,3,Curveball,L,L,L,0.335469151436286,0
3,91,4.023471496665991,2,Cutter,L,L,S,0.615756881406111,1
7,99,3.9964972474793887,4,Fastball,L,S,L,0.7119907204054838,0
9,68,5.655207213405767,7,Slider,R,L,L,0.3834147846216098,1
2,66,5.958005544415239,4,Cutter,L,S,S,0.4613244680402626,1
5,91,5.822331909543174,1,Curveball,L,L,R,0.2640262274020298,1
6,26,3.2764698633340403,4,Changeup,L,S,R,0.7149185302354564,1
4,85,5.0535182978125,3,Changeup,R,R,L,0.25862507270211843,1
4,96,4.615561941151682,1,Changeup,L,R,S,0.6226024486358046,0
4,81,3.3724940489353568,6,Sinker,L,R,R,0.3121878103954506,1
2,57,4.777701553487946,4,Slider,L,S,S,0.640189213361247,1
4,144,7.5779830136501,0,Sinker,L,R,R,0.585607272965297,0
1,103,1.5431499494510188,7,Curveball,R,S,S,0.6142372645456753,1
6,48,7.2461767662842105,6,Curveball,L,S,L,0.5814787550142575,0
1,133,0.42764411186558693,3,Cutter,R,S,S,0.43800237388272406,0
6,98,2.4671137032132853,6,Changeup,L,R,L,0.5721159253419166,0
1,42,2.305161988892226,7,Slider,L,S,R,0.34079224351428467,1
6,125,5.010920863047246,6,Sinker,L,L,S,0.3643623551132895,1
8,120,1.0497996142183226,1,Sinker,L,R,R,0.23907992875515993,1
2,27,7.05878089471803,3,Changeup,L,L,R,0.5676965930313516,1
2,105,6.62841126772033,1,Sinker,R,R,L,0.7044769921856908,1
4,136,5.216526557482222,7,Changeup,L,S,S,0.42706998969066734,1
3,48,3.667310654337582,7,Cutter,L,S,L,0.32520696330800763,1
4,21,7.463648337136627,3,Cutter,L,S,S,0.6943577708901028,1
7,132,6.645972437764447,0,Cutter,R,R,R,0.5864758581374613,1
1,84,3.994521184649959,7,Fastball,R,R,R,0.7361177935216268,1
6,127,5.61498683563449,6,Fastball,L,S,S,0.2037461921117093,0
3,39,4.5354396174374765,4,Sinker,R,R,R,0.4406938719443576,0
7,56,4.703537907106116,2,Slider,L,L,R,0.7405748399388279,1
2,91,2.64780855549977,6,Slider,R,S,L,0.6052297596383842,0
2,46,3.696676836999174,2,Cutter,L,L,R,0.48131969103267813,1
4,142,0.6249714463179536,2,Curveball,R,L,R,0.44872929119702576,0
1,64,2.85878953331674,6,Slider,R,R,R,0.7370962863577273,1
3,102,5.566628122897216,1,Sinker,R,L,S,0.6990770598229796,1
9,139,7.6257282440494905,4,Fastball,R,S,R,0.20738707127056322,1
7,84,7.704512902104162,6,Sinker,R,L,L,0.27265403446610087,0
7,44,4.445782952999133,5,Sinker,R,R,L,0.5073891900790861,0
4,46,4.8529780144766566,1,Fastball,R,R,L,0.2687817223566819,0
2,125,1.48576948400774,6,Changeup,R,S,L,0.3648584266196111,1
4,63,5.562464864748246,7,Cutter,L,S,R,0.700945225526284,0
6,126,0.5652703413950899,6,Sinker,L,S,L,0.4316835603772353,1
3,55,2.2774854863955563,1,Curveball,L,S,S,0.4705487429262928,1
1,25,5.346906778283538,6,Cutter,L,S,S,0.30451460710555317,1
8,28,2.4824810523479144,1,Fastball,L,L,R,0.561388419001964,1
5,32,0.39877499291563456,6,Curveball,L,L,S,0.2721860902379034,1
5,60,6.65496327480771,5,Slider,R,R,S,0.5781328349920715,1
4,147,2.4826400570765044,6,Changeup,R,L,R,0.648041503952671,1
6,85,0.5048417988694274,7,Sinker,R,S,R,0.7241653468446132,1
3,104,0.5983053160229215,7,Fastball,L,S,L,0.5494687317729144,1
9,43,2.014070390310029,1,Changeup,R,R,L,0.3991726718364824,0
5,63,1.42412757777221,7,Sinker,R,S,R,0.7110060435711414,1
3,125,6.194400942241207,7,Sinker,R,R,S,0.5579745639659155,1
1,117,2.5734723733362754,4,Cutter,R,L,R,0.4148825615218234,1
6,79,6.43756628031866,6,Curveball,L,L,L,0.39352360827808164,1
2,28,1.3907679825852224,2,Cutter,R,L,R,0.39236849494710824,1
3,149,3.9430334363526702,7,Changeup,R,R,R,0.23380606769333506,1
1,75,5.50429706842503,3,Fastball,L,S,S,0.26080062539583243,0
9,41,5.215926830926839,1,Changeup,L,R,R,0.2538243061446071,0
8,100,4.80903527944215,6,Fastball,L,L,L,0.38731278155001037,1
2,119,7.398572815449358,4,Changeup,R,R,R,0.4843860126705325,1
8,32,1.828201181653955,0,Cutter,R,S,S,0.288548005053357,1
9,90,3.949753635696843,3,Changeup,R,R,R,0.6967707609741411,1
1,35,7.07194040057927,1,Slider,L,L,S,0.23936983307364287,0
5,64,0.6231501247612563,1,Cutter,R,S,R,0.7671869966517353,0
8,84,0.44710614602460197,6,Changeup,L,L,S,0.24466042098821952,0
2,89,1.8664183004663313,3,Changeup,L,S,R,0.7367997207485353,0
4,118,5.064169756304148,3,Curveball,L,S,R,0.3564249338605171,1
7,120,2.079037011598455,1,Cutter,R,L,R,0.7920480571402495,0
3,124,1.5219190704703918,4,Curveball,L,L,R,0.5127966958620251,1
5,113,3.6704185228663366,0,Cutter,L,L,R,0.2109846092253298,0
8,61,4.908784550155292,6,Fastball,R,R,L,0.36960141815092507,1
3,102,1.9884616561339232,7,Cutter,L,L,L,0.7640980414247194,1
4,124,2.4055294937899365,7,Cutter,L,S,R,0.37979949116248496,0
9,47,4.908474438492111,4,Changeup,R,R,S,0.4157649609049936,0
7,45,7.5659073759156215,7,Slider,R,R,S,0.22648892431655585,0
1,135,5.397933819504706,7,Sinker,L,R,L,0.3519538440875348,0
4,68,6.26323314867648,5,Cutter,L,R,L,0.3555920924639343,0
4,20,2.93448075804375,2,Curveball,R,R,L,0.6295842963378789,1
9,111,2.1780348750757286,2,Slider,L,R,S,0.5034609669324415,0
6,77,3.6341419456209803,2,Cutter,L,L,L,0.29660460844225206,0
9,98,6.4570626296933895,1,Slider,L,S,L,0.6773596354980229,1
6,100,3.6503971343244466,6,Fastball,L,L,L,0.5669112499302904,1
6,45,6.773803270318888,6,Slider,R,S,R,0.3610755829888781,0
5,96,7.9101758455610165,0,Fastball,L,R,R,0.33427018634001665,0
5,91,0.5762133258426907,0,Slider,L,L,L,0.7549448407336667,1
2,88,0.3632812486696295,6,Slider,R,L,S,0.5822337632983661,0
8,25,1.1967176233068946,5,Curveball,L,L,R,0.6844500469953252,0
8,42,3.0749574058747697,1,Sinker,L,S,L,0.3353104600243543,0
1,73,1.0483376731634593,1,Curveball,L,R,R,0.553241623964791,1
8,106,6.965315820950048,7,Changeup,L,R,S,0.23209375176788416,0
5,30,0.18517000821651042,7,Slider,R,R,L,0.5568322115656366,1
2,30,2.52634173068658,1,Fastball,R,S,L,0.32214954560660647,0
2,96,1.4775570359536427,0,Slider,L,L,R,0.6014556769375392,0
6,31,7.4523146412602586,7,Cutter,R,S,L,0.7591798418490932,1
9,72,5.3558480391202234,1,Fastball,R,R,R,0.4752258452844695,1
1,118,7.296242051610996,3,Cutter,R,S,S,0.38323779616914033,1
6,55,7.778629682483147,7,Changeup,L,S,R,0.2739603227380975,1
9,47,3.9767859494189537,3,Cutter,L,S,L,0.6023550348525972,1
8,121,1.87455286438421,3,Changeup,R,R,S,0.5505066597333214,1
6,26,1.5498302895727143,1,Changeup,R,L,S,0.5267424178165934,0
3,34,1.7833508934867242,3,Changeup,R,R,S,0.7615796390124454,0
8,43,5.668746460976023,6,Cutter,R,S,R,0.7868931901927365,1
9,49,0.3235658249840059,5,Changeup,R,L,S,0.6301902744234888,1
1,85,0.4108885842617189,1,Changeup,R,L,L,0.31759363386095946,1
9,80,4.8651435390652,5,Curveball,R,R,S,0.7680580516008839,1
6,97,5.136457173899252,3,Sinker,L,R,S,0.4069559968995486,1
6,60,5.32210339457968,1,Slider,L,L,R,0.24749296014062894,1
4,101,2.97504403670873,4,Changeup,L,S,R,0.34465087350645507,0
1,70,6.447559109713225,2,Fastball,L,R,L,0.6982258632580858,1
8,114,4.268996701812941,4,Fastball,R,L,L,0.3222588843495955,1
2,32,0.8437250400753555,2,Curveball,L,L,R,0.4370404372291943,0
1,109,6.376794456538762,2,Cutter,R,S,S,0.36410364158347275,1
2,101,7.624542290163666,3,Cutter,L,L,R,0.22869055298138952,0
1,28,0.4802905040188694,2,Cutter,L,R,R,0.5370314751584037,0
1,67,3.1308107096046394,2,Changeup,R,L,R,0.5772542102341265,0
9,68,3.900128358677981,4,Sinker,R,S,L,0.6746883355351945,1
1,72,1.1717660806265355,2,Sinker,L,S,L,0.44879630676074045,1
4,59,6.941671582263017,1,Cutter,L,S,L,0.2847982897272854,1
6,126,2.273197159120352,5,Cutter,L,R,L,0.5912934792062743,1
7,43,6.264068319505281,6,Slider,L,R,S,0.7340391177735905,1
2,127,5.367955856226528,5,Sinker,L,R,L,0.2718928188122186,1
6,52,4.784366579736187,7,Changeup,R,L,L,0.3095701448146832,1
7,42,1.5371427895724352,1,Changeup,R,S,S,0.3975188701471384,0
2,96,1.7656281644072456,7,Fastball,R,S,S,0.5901778781588298,0
2,73,0.37878723797255454,6,Fastball,R,S,R,0.5142874169634595,1
7,72,1.925699438258131,7,Slider,R,R,S,0.627421106532903,0
1,68,2.763548875684113,3,Curveball,R,S,S,0.2188025909948037,1
8,97,6.665162430899403,6,Changeup,L,L,L,0.6862746648766561,1
3,99,2.9311413337184424,6,Fastball,R,L,L,0.7924895185696772,0
6,121,6.036974262124851,7,Cutter,L,R,L,0.22799869188711305,0
9,141,3.5155382503639006,4,Changeup,L,R,L,0.49724928406523633,1
6,122,6.278946495951107,6,Changeup,L,R,S,0.6439485312672621,0
9,109,7.810172803496319,6,Changeup,L,S,L,0.48583962717421625,1
7,109,1.918732464460641,0,Sinker,L,S,L,0.5557638643666468,1
9,140,6.898732895711009,5,Fastball,L,S,R,0.7525561730622587,0
2,79,4.9745926904461975,4,Slider,L,L,S,0.5239061528326536,1
8,141,6.5383540927092385,5,Fastball,L,L,S,0.3419569151291372,1
8,49,5.212687218142442,0,Cutter,R,S,S,0.6431761040717592,1
2,149,3.391596058193201,7,Cutter,R,L,R,0.42525756708587653,1
4,102,1.8245995155343229,2,Curveball,L,L,S,0.3710690469552266,0
7,130,0.5602818026493201,0,Fastball,L,R,S,0.3490432618651226,0
4,127,4.284146915685736,2,Fastball,R,S,L,0.24761816614346568,0
4,130,7.922608756214925,5,Curveball,L,L,S,0.7597444039612786,1
6,44,5.90433444011365,7,Curveball,R,L,L,0.5380145333233246,1
6,69,2.618764331192133,6,Changeup,L,S,R,0.7730603684463548,0
3,33,6.617638400693882,4,Changeup,L,S,L,0.7170732925815901,1
9,95,6.1518720014112525,4,Cutter,L,R,R,0.2181370862286558,1
2,103,2.2530863468276543,3,Slider,L,R,R,0.3483711506778795,1
6,106,0.11445991835387748,5,Cutter,L,S,R,0.3892167419004363,0
7,49,0.9453011082715967,3,Sinker,R,L,L,0.49389308562594353,1
9,77,7.018449522496461,7,Fastball,L,R,R,0.6296771573884894,1
3,113,6.692504282438974,6,Slider,L,S,L,0.6084610494474603,0
3,60,2.3616720070268995,5,Changeup,R,R,L,0.7923631646873712,0
7,113,2.2815634102753632,7,Curveball,L,L,L,0.7539935604218508,1
4,76,6.342919896819769,6,Curveball,R,L,R,0.31176003112279477,1
8,83,7.5018997591633765,2,Cutter,R,S,L,0.7159202796018331,1
7,117,6.2330980543807994,5,Fastball,R,R,L,0.7057611573511857,0
5,35,4.844629416246092,5,Fastball,L,L,R,0.5448790372563955,1
7,107,1.9413708026544363,2,Curveball,R,L,L,0.4028724669922525,0
3,97,4.205983312762085,1,Cutter,L,R,R,0.3251700770493152,1
2,109,1.868094868746117,6,Sinker,L,S,R,0.3274744151113662,0
6,91,6.464091360774189,1,Cutter,L,R,R,0.40269570443948044,1
2,33,3.0956886361418983,5,Changeup,R,R,L,0.5023679042849267,1
3,50,6.66957773595221,1,Changeup,R,R,L,0.5502925286136249,1
6,85,3.0528737438618023,4,Changeup,L,R,S,0.39502404696613214,0
5,131,6.593195241599131,5,Sinker,L,R,S,0.41394748054538044,0
8,87,2.6665425213219356,0,Slider,R,L,S,0.20811162162464736,0
9,74,3.5210616369413588,2,Cutter,L,S,R,0.20127170873468636,1
3,142,4.92390735474126,3,Cutter,R,S,S,0.7443094722212127,0
3,44,0.5623009122393494,7,Sinker,L,L,L,0.20840823537605838,0
3,88,7.5856564945237155,7,Changeup,R,S,R,0.21987285228169373,1
6,121,4.588846288990426,2,Curveball,R,S,R,0.32338118475918903,0
1,137,4.062560117526418,5,Changeup,R,R,L,0.6460390919046425,0
7,45,6.715151768959297,0,Slider,R,S,S,0.607352248976677,0
1,59,6.9261018391746205,2,Sinker,L,R,S,0.5883062453544323,0
5,57,4.178083236232128,3,Curveball,R,S,L,0.5449718978786129,1
8,26,7.418098606349099,7,Cutter,L,L,L,0.32101939812167557,0
4,139,0.517902128611845,3,Slider,R,S,S,0.4387602442478263,0
5,54,0.9058063380097403,7,Slider,R,L,L,0.48686001454553857,0
4,97,4.774305840115521,0,Sinker,L,R,S,0.5494656851846182,1
4,57,2.8325268943486694,3,Curveball,R,R,L,0.31905758575540905,1
8,47,3.7138013295135908,4,Changeup,L,R,S,0.6374201988060191,0
2,119,2.6246337431773323,3,Changeup,L,R,L,0.38534876497440074,1
1,57,3.237802491559485,6,Fastball,R,L,R,0.5961344419740955,0
3,143,6.581170777170396,0,Curveball,L,S,R,0.5083898990388258,1
9,111,4.747809598834437,0,Changeup,L,R,R,0.5553286764225811,1
4,116,7.978756394267986,2,Slider,R,R,L,0.44788904374802563,1
5,25,6.2950335825677035,3,Sinker,L,R,S,0.4670414327223943,0
2,146,2.1893300328146132,3,Changeup,L,L,S,0.7209125970349843,1
4,34,2.1147609418135698,5,Sinker,R,L,S,0.485525202395581,0
2,127,2.687186160936057,5,Changeup,L,L,R,0.6763332941528666,1
2,62,6.746075845181942,0,Sinker,R,S,R,0.437014750816003,0
4,66,0.21830120520452478,5,Slider,L,S,S,0.6203192852202979,0
6,118,1.8414502309700618,2,Curveball,R,R,L,0.3397371190105988,1
7,33,7.239347362754136,6,Fastball,L,L,L,0.7502114004767828,1
3,134,5.119171488666016,2,Sinker,L,S,S,0.7803658000604228,1
3,21,1.8147767640084513,4,Changeup,R,S,S,0.7407946229099873,1
6,54,1.7531597458606427,6,Sinker,L,L,L,0.4078504180198697,1
3,29,6.900944814075444,4,Sinker,R,S,S,0.365894041850809,1
2,131,7.150060066216372,0,Changeup,L,L,L,0.30946377438668643,1
8,40,2.0490487276969223,2,Changeup,R,L,L,0.7237965653046687,0
5,34,3.364082864612258,2,Curveball,R,L,R,0.2711698693643316,0
1,131,6.676765909026537,4,Slider,L,R,R,0.5853981737054006,1
3,145,6.168059508879083,6,Slider,R,S,R,0.39887838964681244,1
8,104,6.511328852528676,5,Slider,R,R,S,0.31275079690022156,1
4,104,4.14718552630375,4,Slider,L,L,L,0.3106911787536525,0
7,24,7.292392386441385,7,Slider,L,S,S,0.7225820545918149,1
2,136,2.607612351635482,0,Slider,R,S,S,0.7158923216284889,1
7,91,1.2533770747801443,6,Changeup,R,R,S,0.3632172613979772,1
5,93,5.669858660518918,2,Changeup,R,R,L,0.22026016073188304,1
5,70,4.314835328055171,0,Slider,L,S,R,0.7214520671153206,1
6,43,6.836686150475848,4,Slider,R,R,L,0.2343952061888761,1
9,57,0.6492739929977196,7,Curveball,R,R,L,0.2508321113377726,1
6,63,6.749539227504535,3,Sinker,R,L,S,0.6931524208922527,1
8,94,2.3463572256705776,4,Curveball,L,S,S,0.6903317596550707,1
7,114,5.238845337345464,2,Cutter,R,L,R,0.3214938155552402,0
9,42,0.3210303126260463,0,Changeup,R,L,L,0.22293100582122827,0
4,143,4.876650370428806,5,Slider,L,S,R,0.2377893188673324,1
2,105,5.738173513498688,5,Sinker,R,S,S,0.4720335447937965,1
7,62,2.9500017160449623,2,Changeup,L,L,S,0.4509407492994893,1
6,59,1.7232856420971219,4,Cutter,R,S,R,0.3093733765694268,1
1,66,4.30104541282836,4,Curveball,L,L,R,0.7454241569782325,1
9,39,6.665526435485172,1,Cutter,L,L,L,0.5314455293169638,1
9,128,2.5883788663732066,4,Fastball,R,R,R,0.6844033544720134,1
2,87,2.0197543801702365,2,Curveball,R,L,R,0.2622356088820471,0
3,43,2.2314824691015014,6,Changeup,L,S,L,0.784075121833206,1
5,55,7.593057223333315,7,Curveball,L,L,S,0.6858425880841408,1
5,64,2.8742153261164773,6,Cutter,R,L,L,0.3726944253175051,1
1,149,0.0288339191062974,0,Slider,R,S,S,0.2124713305920635,1
8,47,6.253449663676958,0,Sinker,L,S,S,0.29870527251548823,0
8,42,5.594198362683121,1,Cutter,R,R,R,0.4511036994030693,0
4,110,1.028546116823751,5,Cutter,R,S,R,0.20179127143343475,0
7,122,7.8792339930793,2,Slider,R,L,R,0.2245043052563077,0
3,57,4.8644982824408896,7,Sinker,R,S,R,0.2591816130396919,1
6,113,4.006235927524812,4,Changeup,L,S,R,0.6858298759601456,1
9,72,3.0577541409831284,3,Sinker,R,R,S,0.5281194829695487,0
1,57,7.189382044509103,0,Changeup,R,L,L,0.31458845501246535,1
5,62,1.9517078513485062,2,Curveball,L,R,R,0.35867976328796436,0
4,122,2.286151201759215,6,Cutter,L,R,S,0.5853072492837288,0
8,133,0.9792864534925352,1,Curveball,R,L,R,0.39116609312944517,0
1,23,6.07295276467408,3,Slider,R,S,L,0.6092795027635016,1
9,24,4.7643942432468265,5,Fastball,L,L,S,0.6669369460789198,0
6,87,4.872529354035986,2,Changeup,R,R,L,0.38397465984369167,1
4,142,1.747763448155709,7,Slider,L,R,R,0.4199076146450718,1
9,99,5.209347113016671,4,Changeup,R,L,S,0.2300445322583298,1
5,30,6.123667577974912,5,Curveball,R,R,L,0.6918790033398561,1
5,139,2.863108245805514,6,Fastball,R,S,R,0.5636422156605806,1
5,45,6.410777151693698,0,Sinker,R,S,R,0.7329610968948419,0
1,55,2.7903247082561675,6,Cutter,R,L,S,0.3133517698027288,1
1,141,6.065107692074301,4,Sinker,R,L,R,0.7763602651054509,1
8,78,0.26984085966175186,1,Changeup,L,S,L,0.6240414035689681,0
8,115,4.409316811789221,0,Cutter,R,L,R,0.31796620428384825,1
6,25,7.756212485119093,3,Curveball,R,S,L,0.4777830878637432,0
4,117,7.849956805459126,0,Changeup,R,S,L,0.6193705678218357,1
2,75,2.254020626733925,6,Sinker,R,S,L,0.21018358881360458,1
2,113,3.5311927286428437,4,Curveball,L,S,L,0.6681719857755173,0
9,46,0.5038232638930644,5,Cutter,L,L,S,0.7686081707727599,1
5,139,6.986730460836798,2,Curveball,R,S,L,0.24889781920789253,1
4,44,4.548577225121713,6,Curveball,R,S,S,0.7388706566578973,0
1,105,3.080805431524136,2,Curveball,L,R,S,0.47866635746721353,1
7,31,0.9021644679132246,2,Slider,R,R,S,0.5093592302506013,1
3,106,7.574138283975113,7,Slider,R,R,R,0.7040648074248252,0
6,128,4.24175238256795,6,Changeup,L,R,L,0.5537948675395564,0
5,108,2.263423432663231,6,Curveball,L,L,R,0.41085545328441797,1
5,29,2.801721041052076,6,Sinker,R,R,L,0.639554663917155,1
5,93,2.1655774473771814,1,Curveball,R,R,S,0.2829962923526513,0
1,96,4.814478470855845,1,Curveball,L,R,R,0.5997650866443035,1
1,73,7.439708606244079,2,Slider,L,L,R,0.6647742667319477,1
3,121,6.853550426612515,3,Cutter,R,S,S,0.40086181509286767,1
4,120,3.68304700340782,4,Curveball,R,R,S,0.78213961376044,0
5,92,6.611994898408063,3,Fastball,L,S,S,0.5843611191464152,1
2,91,3.384843850210639,6,Changeup,R,R,R,0.2574072194174829,1
8,73,2.018457126069104,6,Slider,L,L,S,0.7797706559919133,1
2,22,7.867320922131423,7,Cutter,L,L,R,0.6463958397334721,1
9,130,2.4311005437665747,2,Fastball,L,L,L,0.6173868602703492,1
2,115,2.589793847895267,4,Curveball,R,S,S,0.3519498490450599,0
9,90,7.917542942292178,1,Sinker,L,L,R,0.483888132411055,1
7,38,1.071419945325239,0,Sinker,L,S,S,0.7406305428125273,1
8,53,6.084271904077561,0,Slider,R,L,S,0.3848926268435815,1
2,69,7.486502067861812,4,Curveball,L,R,R,0.4539991035846262,1
7,65,4.094359954203349,3,Changeup,L,R,R,0.35405118923096257,0
6,102,0.020174093622560285,7,Slider,R,R,R,0.3295409993326409,1
4,70,3.00047155290485,4,Fastball,L,R,S,0.2262290326663462,1
7,73,0.8925519390786167,3,Sinker,R,S,L,0.6421398520198647,1
4,109,3.329501287469566,6,Cutter,R,L,L,0.25445552120984255,0
2,100,6.3202140931382775,5,Cutter,L,S,S,0.5187945366049895,1
7,137,3.509692391070404,3,Changeup,L,S,S,0.22987728833801135,1
8,38,3.4554009707673803,7,Cutter,L,R,R,0.790326163952527,0
2,46,4.454315815350773,0,Cutter,L,L,L,0.6256674631576676,0
5,26,4.653524677981442,1,Changeup,L,S,L,0.5782307794779808,0
1,88,6.850370470391771,2,Sinker,R,S,L,0.31183605288672556,0
7,113,2.466843513831612,6,Fastball,R,S,R,0.5168324372395854,1
8,132,6.573370114944128,1,Slider,L,S,L,0.5021348476558092,0
6,126,4.527469989536378,2,Sinker,L,L,R,0.4151892108777359,0
5,139,2.4042363977371757,5,Slider,R,R,S,0.29366716728903186,1
6,61,2.361008352048617,0,Changeup,L,R,R,0.4202785609877254,1
2,32,2.889100136845796,6,Sinker,L,S,S,0.5654624421669776,1
1,37,4.981545940959804,2,Curveball,L,L,L,0.4924102270510815,0
7,61,1.8464938508795932,5,Changeup,R,L,S,0.5420265458114562,0
7,70,7.3626684933781394,6,Changeup,R,S,S,0.5432107338981137,1
2,132,4.599300673423203,3,Changeup,R,L,S,0.3468048723165063,1
2,120,7.360126215968054,4,Changeup,R,S,R,0.26658511973862753,1
1,22,0.3712348686332376,6,Cutter,L,R,R,0.5130508430506892,0
8,98,2.740890963691787,6,Cutter,L,R,R,0.7354232995181045,0
8,117,0.18246128550098462,2,Sinker,L,R,S,0.797219575497335,1
1,42,2.1780145207837585,1,Fastball,R,S,S,0.6715397334011062,1
8,78,6.896051778148705,0,Changeup,L,S,S,0.3326700797575687,1
9,132,0.2928777267376068,0,Slider,R,R,L,0.5781940168508422,0
4,87,3.489176799325959,6,Curveball,L,S,R,0.3433198474119128,1
1,73,0.9405365637858223,6,Cutter,R,L,L,0.5458713832916384,0
1,76,3.334725274082942,5,Slider,L,R,L,0.4884128257795554,1
3,130,6.710812674115019,4,Cutter,L,L,L,0.4289334167162666,1
5,79,4.984568267220153,3,Sinker,L,L,S,0.584983558304571,1
5,92,5.894050762651386,6,Fastball,L,S,R,0.7146271769896595,0
9,74,2.792832923596648,3,Curveball,L,S,L,0.4024859026375027,1
2,136,7.555181560081132,7,Cutter,L,R,R,0.49175267088458857,0
2,82,5.674096750236001,0,Curveball,L,S,R,0.4734949252690877,1
6,74,3.374390554276247,3,Curveball,L,S,S,0.3495343849158916,0
9,44,3.4117184018164393,6,Sinker,L,L,L,0.45266693543297226,1
1,45,7.349473423546381,6,Slider,R,S,S,0.21295070649372225,0
9,82,4.611237547483134,5,Cutter,R,R,R,0.5104592128884831,1
9,92,5.651033679224334,4,Curveball,R,S,L,0.6324756492106088,1
9,98,3.336281796105366,0,Sinker,R,R,R,0.42056685245660347,1
5,84,1.789542118117713,3,Changeup,R,L,R,0.6479445079510302,1
9,88,5.788474335955349,2,Curveball,R,L,S,0.6503936690002352,1
4,28,4.862590177131103,2,Curveball,L,L,L,0.7904692176505734,1
2,45,4.010743043398235,5,Cutter,L,R,S,0.5275664857796132,1
6,47,4.992167519955711,3,Changeup,R,L,S,0.4424384625242627,0
4,59,1.6662846885138691,2,Curveball,R,L,R,0.5837145947467932,1
6,46,6.3515096522556505,4,Cutter,L,S,L,0.5759457693682584,1
3,57,7.5853024401624465,1,Cutter,L,R,L,0.7924053120388375,1
6,104,7.128825153341622,4,Sinker,L,L,L,0.6246163367051183,1
2,83,2.571485962456137,5,Curveball,L,S,S,0.3839482765656719,0
2,49,3.248046186256607,4,Fastball,R,S,S,0.3125059137886217,0
9,118,6.467218398380489,3,Fastball,R,L,S,0.675635709242361,1
7,31,4.760937046596831,6,Slider,L,R,R,0.30785575190982245,1
3,110,4.383315549413194,4,Fastball,R,L,S,0.5764655434535602,1
1,49,7.4131357402675615,3,Fastball,R,S,L,0.27938974809627415,0
8,57,4.288199687816406,0,Cutter,L,R,R,0.6312232517986416,1
6,104,4.119509436698479,3,Cutter,L,S,L,0.6697368761052146,1
7,79,0.3361487301308772,5,Sinker,L,L,S,0.7943239432055251,1
9,57,0.5553356687211011,3,Curveball,L,R,L,0.7725301962508928,0
5,123,0.05936246304520143,0,Curveball,R,L,R,0.6282842067239551,0
1,48,7.305953806269069,6,Cutter,L,L,S,0.36651800262524137,1
7,131,3.267093280141605,1,Curveball,L,L,R,0.22623087508901504,0
5,40,3.7484910090673003,5,Cutter,R,S,S,0.5331449081083927,1
3,138,6.763095580739696,7,Fastball,L,R,R,0.6595882474509094,1
9,79,4.873970483006223,0,Curveball,L,R,R,0.20637425162495548,0
1,132,4.876012771124649,3,Fastball,R,S,L,0.5148807653622247,0
1,148,2.3722754348384996,5,Slider,L,R,S,0.7297327427842726,1
1,77,6.671266991396154,2,Sinker,L,R,S,0.5823307072887037,1
3,22,1.3266398083159503,3,Sinker,R,L,S,0.6102686141013747,0
6,42,0.4251967373835832,0,Curveball,L,L,R,0.4845993092080932,1
3,102,1.5328268601482584,7,Cutter,L,S,L,0.76589000471631,1
8,74,2.1418977501965175,7,Sinker,R,R,L,0.42478834504336066,0
2,129,2.258488462833654,3,Cutter,R,S,S,0.42745815741250115,1
9,135,5.364108788950141,6,Sinker,L,S,S,0.5106426372350166,0
3,81,1.7425966986291481,0,Slider,L,S,R,0.551559313479458,0
5,106,5.413266435959876,4,Cutter,L,S,R,0.5224550680626507,1
8,119,0.7290573858703979,1,Fastball,L,L,R,0.6911789385691276,0
2,46,1.1776196887832722,1,Cutter,R,S,L,0.7007077925509786,1
6,53,4.07057158792796,7,Slider,R,R,R,0.2789991845918671,1
5,52,7.375166420613141,5,Changeup,R,L,R,0.5576983064947397,1
9,111,6.876540710488912,0,Changeup,L,L,R,0.7903395275843335,0
5,115,7.750027539542425,7,Fastball,R,S,S,0.5597949599717541,1
2,114,5.203832522225367,1,Changeup,L,L,R,0.612898460069624,1
5,57,5.406518931328736,2,Cutter,L,L,S,0.7168217889896966,0
4,60,5.000183991451936,5,Slider,R,L,L,0.7199611305710989,1
7,98,4.982551382865578,2,Sinker,R,L,L,0.21031445608304555,0
6,147,1.1769627605406772,1,Fastball,R,L,S,0.34365947968230703,0
2,41,4.349911649311429,0,Changeup,L,L,S,0.7177269271001805,0
5,35,3.088543467613806,5,Cutter,R,R,R,0.6002604026319647,1
7,51,3.5402977262183475,2,Sinker,L,L,R,0.5790234731818983,1
7,57,4.188804584473899,6,Sinker,R,L,L,0.7159664849752971,0
5,117,1.0271693744180128,1,Cutter,L,S,L,0.6839300575039831,0
9,40,2.875901870816959,3,Curveball,R,L,L,0.6508103623972381,0
4,75,0.5075964870128287,2,Curveball,L,L,L,0.22841169300557554,1
3,65,7.837345043379193,4,Slider,L,S,R,0.6689929204595205,1
4,62,0.9482242305610091,5,Fastball,R,R,R,0.3203655818495041,0
5,139,2.068197908359636,2,Changeup,L,R,L,0.2156052558865351,1
6,65,7.130343413627178,5,Changeup,R,L,R,0.4951339221488811,1
3,67,3.8616803699131346,1,Cutter,L,R,R,0.7654160748770795,0
2,103,1.0850976121650424,7,Changeup,R,R,S,0.7318719067006547,1
4,50,3.0738443043147914,1,Slider,R,R,S,0.7892343382600568,0
5,90,0.9269439535310866,5,Curveball,L,R,L,0.34791928392815696,0
4,27,1.6017279766760142,1,Cutter,R,L,L,0.6172357420480834,0
3,149,0.4162387755987602,0,Fastball,L,L,L,0.2335077677934581,0
8,71,3.5058199563927994,5,Cutter,L,S,L,0.6820716806279739,1
4,64,6.453088973802078,0,Changeup,R,L,L,0.5142584792276235,0
2,56,4.687753429599164,5,Slider,R,L,R,0.7977716471345015,1
2,63,4.850762443876894,3,Fastball,L,R,S,0.343996674193068,1
1,136,1.6046722406659226,3,Cutter,L,R,S,0.6707889426215969,0
4,57,2.751150746018932,2,Changeup,L,L,S,0.30257341528172493,1
9,118,6.761936830726656,1,Cutter,L,L,R,0.3723092442973346,1
7,143,0.7028494746121163,7,Fastball,L,R,R,0.37733783411646327,0
7,25,6.86344522934827,3,Changeup,R,L,R,0.54672020813128,1
7,87,3.869520210118285,1,Curveball,R,L,S,0.41906575042168726,1
8,120,6.697179450600938,2,Sinker,L,R,S,0.46322902666960225,1
1,32,2.5440513551552026,0,Fastball,L,R,S,0.513083594537636,0
8,49,2.7107436126641664,3,Curveball,L,S,S,0.23373204467992048,1
4,119,6.012838946585142,7,Curveball,R,L,S,0.5992173957610981,0
4,21,6.279969387137761,4,Changeup,R,R,R,0.5895601456538845,1
4,77,1.837157423921174,7,Cutter,R,R,R,0.7788811058833374,1
6,55,7.782970598575244,4,Cutter,L,L,S,0.2800323079798516,1
7,91,0.6759208339586316,4,Slider,R,L,R,0.2185800705417041,0
6,145,0.5480237048170471,6,Fastball,R,R,S,0.2799361238385942,0
1,96,4.764033722288822,4,Fastball,R,L,S,0.4534789104018881,0
8,69,5.7819261421729715,4,Changeup,R,S,S,0.32836008015867835,0
7,51,7.687089033799791,4,Changeup,L,R,R,0.3297907709050335,1
6,117,3.2395662463908925,4,Slider,L,R,L,0.7216388012935309,1
6,62,0.2023312719170649,3,Slider,R,L,L,0.39429861372413655,0
5,144,4.823170715571256,4,Curveball,R,R,L,0.4500783611575764,1
6,114,2.317568164790175,7,Sinker,L,L,L,0.610490500638231,1
9,97,3.463576969563218,5,Slider,L,S,L,0.4039652244930197,1
9,73,3.907755857999482,5,Cutter,R,S,R,0.5326138475767799,1
8,66,0.5161008859042706,4,Curveball,R,S,S,0.5137260000116719,1
9,33,3.8878542765128223,6,Sinker,R,R,L,0.35691121879486243,0
8,74,3.410557334434518,2,Slider,L,S,L,0.630256528629789,1
8,82,5.700354122292746,3,Sinker,R,L,L,0.7004681553670289,0
1,38,5.165327289698757,7,Cutter,L,L,S,0.670073325364668,0
5,110,1.4817257452044883,5,Cutter,R,S,L,0.437173808123441,0
4,120,1.6491113456831759,7,Curveball,R,S,R,0.7597751038759037,1
2,56,2.008049430194986,2,Curveball,L,L,S,0.7393787025817189,1
8,126,1.4316035223774186,1,Cutter,R,S,S,0.3601014161047331,0
3,111,5.257705597347737,4,Changeup,R,S,S,0.2743647950616865,0
4,71,7.955441433602164,7,Curveball,R,S,S,0.7362847179912237,0
7,47,5.216866724127493,0,Fastball,R,L,L,0.6469139950772158,0
9,55,4.85345236953033,7,Changeup,R,L,L,0.3865943181388608,1
2,135,3.2794234668085798,6,Fastball,L,S,R,0.3829260569750996,0
3,83,2.5006420708780857,7,Sinker,R,L,L,0.393300913276951,0
4,37,7.2885900552518335,6,Sinker,L,S,S,0.7168003746644702,0
1,108,7.752014993137224,6,Sinker,L,S,R,0.34413876439006463,1
7,97,3.9742094047018224,4,Slider,L,S,L,0.5906520304192837,1
2,109,2.3216039640524597,7,Curveball,L,R,S,0.7006662876859191,0
5,27,6.1609776613581415,4,Curveball,R,R,R,0.432407235702299,1
1,34,1.0596543269350276,2,Cutter,L,S,R,0.23689473387266521,0
3,26,6.1247059011494525,6,Curveball,L,R,L,0.6553124040373653,0
2,36,6.55158699449071,6,Sinker,L,S,S,0.21192167657386396,1
1,105,0.9992315570173389,6,Fastball,L,R,L,0.698527013074602,0
7,137,7.81489175037251,1,Changeup,L,S,R,0.41651638497294585,0
5,83,7.884098323107827,2,Slider,L,R,S,0.6807925692917141,1
1,31,7.49375583461881,3,Changeup,L,L,R,0.5272167048332832,0
6,75,3.9682784752501146,6,Fastball,R,L,R,0.4155297351513725,1
5,120,1.9685931382146276,1,Slider,R,R,S,0.7395970994814456,1
3,35,4.656074247055304,7,Cutter,R,S,L,0.6602266955216235,1
7,21,3.359470707771486,5,Curveball,L,R,R,0.24842446255265477,1
9,147,1.6475891577375767,1,Curveball,R,R,S,0.7583548563742486,1
9,111,3.3894112769427807,7,Cutter,L,L,L,0.4802045969110987,1
9,124,5.311118685420724,1,Fastball,R,L,L,0.28937799106314366,1
2,50,0.5673064862879285,2,Cutter,R,L,R,0.6627269751372293,1
3,66,2.667344011568132,4,Sinker,R,R,S,0.5105678864047076,1
7,62,0.14235912010260154,4,Fastball,R,L,L,0.6036402813205922,0
5,84,5.995964043693405,4,Slider,L,L,S,0.616422658194731,1
2,69,5.1255301409336065,7,Changeup,R,L,L,0.3183147604686496,1
3,20,0.5013770776157269,7,Changeup,L,S,S,0.7825194786498428,0
6,141,7.717900476815743,7,Cutter,R,S,S,0.2633258513707737,1
7,47,0.18097245701680542,4,Curveball,R,R,S,0.5634767073952736,1
9,105,4.719685171808709,4,Cutter,L,L,R,0.28779819828627834,1
1,101,6.210939694392446,3,Curveball,L,R,L,0.7263795082213591,1
7,41,6.303170504357784,0,Cutter,L,R,L,0.3039477212138223,1
8,60,0.2742810847456303,5,Cutter,L,L,R,0.4646222513144386,0
3,95,7.251321061123514,1,Changeup,L,R,L,0.2521231757766986,1
4,108,7.3476133754169775,0,Sinker,R,L,L,0.4688199970642271,1
6,78,4.491122985234981,3,Curveball,L,L,R,0.20243737049572408,1
7,88,3.856665591097169,6,Sinker,L,S,R,0.4660821062250058,0
4,142,0.3589397045007985,6,Sinker,L,R,R,0.612735381743944,0
8,93,4.495633140078949,4,Sinker,L,R,S,0.3096980133632793,1
5,26,3.275032654161846,6,Changeup,L,L,R,0.5317914453884334,1
1,120,6.182451259269249,3,Sinker,L,S,S,0.4846301757185631,1
4,130,3.2310685350887027,5,Curveball,R,S,L,0.4009885282977321,1
3,71,5.468646666597678,5,Slider,L,R,R,0.6024793713160757,0
9,43,0.8112651699002464,3,Sinker,L,S,R,0.7970829214991868,0
8,45,1.0636181661277355,6,Sinker,R,R,R,0.7626674653133778,1
1,144,1.1176815251932668,0,Slider,R,R,R,0.7820618478817891,0
6,109,0.36420399839794815,1,Sinker,R,S,L,0.21212779318421177,1
9,141,4.33063087415843,2,Slider,R,L,S,0.3538368886403498,0
7,29,6.351741808349088,2,Fastball,R,R,L,0.7536537051103169,0
4,36,4.883289629549329,5,Changeup,R,R,S,0.22897571738655687,0
1,21,4.59963908442285,1,Changeup,L,R,L,0.4188853887788372,1
2,131,5.4449914272218916,4,Slider,R,R,L,0.5913213150832018,0
5,46,2.7171625845761183,3,Cutter,L,S,L,0.789792179473457,0
5,90,2.8956325731858312,6,Changeup,R,S,R,0.3654632110522734,0
8,137,2.5141607857673804,4,Curveball,R,S,R,0.6585102858710659,1
6,28,5.696871462828605,5,Changeup,R,S,S,0.5962214271134846,0
8,105,1.2931226853661943,7,Changeup,L,R,L,0.5680809626952664,1
2,42,0.10420224250339505,3,Curveball,R,L,R,0.645760743079053,0
3,92,4.769571573779939,2,Slider,R,L,L,0.3523553767668054,0
6,46,7.539050917873643,7,Slider,R,S,L,0.4032107097519984,0
3,112,4.875263335970438,5,Curveball,R,R,S,0.5362783550721434,1
6,100,6.263373223527161,5,Changeup,R,S,S,0.46338867928263416,1
6,103,5.382325675728241,1,Sinker,R,L,L,0.6331953508966031,1
2,62,3.97949322818413,0,Changeup,L,S,L,0.6803768523373777,0
7,26,5.747139214270768,5,Slider,R,R,L,0.5168059999046211,1
2,111,6.592832990841774,0,Sinker,R,R,S,0.43637380661467096,1
6,102,1.797853153373584,1,Fastball,R,R,S,0.7471075892156642,0
1,103,2.6890438438651643,5,Slider,R,S,R,0.6499093906094973,1
3,63,1.789805860026271,7,Curveball,R,L,S,0.6039456725048941,0
2,59,3.617383644723528,6,Sinker,L,R,L,0.23437959813445072,0
7,44,7.080516407333341,5,Fastball,R,L,L,0.5167064904092671,1
4,78,2.761656806682659,7,Fastball,L,L,S,0.2729012096319971,1
8,122,2.995735113044427,7,Curveball,L,S,R,0.5963039888636398,1
6,105,6.882937877375454,2,Sinker,R,S,S,0.3797761424866668,0
4,131,4.122994645957402,3,Cutter,R,L,S,0.6431026953660017,0
5,105,4.283591997179475,7,Slider,R,R,L,0.6668912616751246,0
9,117,6.886409626657703,6,Changeup,L,R,L,0.3802456721804861,1
7,81,3.924213896203786,0,Sinker,L,S,R,0.7857600114339522,1
9,27,5.452460277035162,2,Slider,R,R,L,0.5100168454374217,1
7,132,0.6851573269924858,6,Curveball,R,L,R,0.3307221748873691,1
1,79,1.4290537050150824,5,Changeup,L,R,S,0.6651180931750598,1
8,79,3.2350096057299647,1,Cutter,L,S,R,0.6564459794046662,1
4,125,3.958712542558999,4,Curveball,L,L,S,0.44833644487729285,1
3,21,7.725869609889836,2,Slider,R,L,S,0.5951673528867147,0
7,110,7.76521306438232,2,Fastball,R,R,L,0.21303598437485957,1
3,33,6.809576699830093,4,Curveball,R,R,S,0.3747379313851695,1
8,67,2.5247906822845962,5,Curveball,L,L,S,0.7288839383870638,1
6,122,7.7122263266595175,2,Slider,R,S,R,0.3392672531776234,1
5,75,5.514726917409701,0,Cutter,R,S,L,0.7433516913480824,1
4,31,3.143521022539203,5,Slider,L,R,L,0.5479258188632224,1
8,74,5.613399335878131,7,Slider,R,S,L,0.7417467831074063,0
8,129,0.13218183829221264,0,Cutter,L,L,S,0.2785226836237493,1
1,23,1.1692374581937086,0,Cutter,R,S,S,0.47835727198483263,0
9,55,6.637485692450942,2,Curveball,R,L,R,0.37787545398772204,0
5,20,5.164589094985369,7,Fastball,R,R,L,0.732153106311346,1
4,36,2.913557610335072,5,Slider,R,S,L,0.4049354711467149,1
6,81,4.00533312178175,7,Fastball,R,L,S,0.5530777545702091,1
6,67,7.241137197166136,2,Cutter,R,R,R,0.6965854068191861,0
2,81,5.052624875832692,2,Cutter,R,L,S,0.3374138280882889,1
8,88,3.185194271474642,5,Slider,L,S,L,0.22744436796859493,1
7,122,0.9626132591802801,5,Curveball,L,L,S,0.49648383493065196,0
1,129,2.349974413004488,5,Slider,R,R,R,0.61019915274911,1
5,110,7.826721862372667,6,Curveball,L,R,R,0.6315572672029093,1
6,133,3.49890450281422,5,Changeup,L,S,S,0.4503177308443984,1
4,108,3.774715710758887,1,Curveball,R,R,L,0.2471716600195559,1
2,75,3.988784259176123,5,Slider,L,S,S,0.4418887087768368,1
4,97,7.072832183585689,4,Slider,R,R,S,0.27319439541992524,1
1,33,4.831426275082479,5,Curveball,R,S,R,0.24333164840679458,1
7,44,5.549416291615377,2,Fastball,L,R,S,0.3820611394226418,0
2,51,3.115308340392832,4,Curveball,R,S,R,0.6663319557889729,1
2,101,0.2327009487117948,6,Changeup,L,L,R,0.6610067235562516,0
9,97,7.447783313942755,3,Changeup,L,L,S,0.5648221287911931,1
5,125,7.593021447331251,0,Fastball,L,S,R,0.6957437903401291,1
2,39,7.593224426784409,1,Changeup,L,R,S,0.5004939987525725,0
9,93,7.549496693173732,4,Slider,L,R,L,0.34606669259474854,1
9,29,6.521935528556488,6,Fastball,L,S,L,0.5419826635336467,1
1,142,5.476768400930615,0,Fastball,L,R,R,0.753947518959375,0
3,53,6.756079346138285,7,Fastball,L,S,L,0.22167756469077854,0
4,59,4.80436991200829,1,Sinker,R,L,L,0.7789151046674931,1
7,146,1.074956911136189,5,Curveball,R,S,S,0.6465902931383622,1
4,52,3.1297453203313683,7,Curveball,L,R,S,0.6117450566530469,0
2,90,7.7703592957835,6,Fastball,L,R,L,0.5683003460550524,0
7,117,2.8091025087652506,0,Changeup,L,S,L,0.3546421636717206,0
6,143,6.942623309850956,6,Sinker,R,S,S,0.7314460356008676,1
3,62,0.7456917661989566,2,Sinker,L,S,S,0.7828766335051851,0
6,133,2.673470739003757,2,Slider,L,S,L,0.7544801954922209,1
6,108,2.807626597819037,5,Slider,L,L,R,0.26528798764896017,1
5,32,0.41282034487184127,0,Curveball,L,R,S,0.6419074104434419,0
4,147,0.9527546414940398,5,Cutter,L,R,S,0.5339932466137494,1
1,71,1.5453216889741679,5,Fastball,L,S,L,0.6730021689320221,0
6,36,6.702524726480903,1,Cutter,L,S,L,0.41137183720551534,1
2,32,0.5072159195184511,0,Slider,R,S,R,0.7741810460874738,0
3,103,2.3896072107550976,3,Curveball,L,L,S,0.38756496751374214,1
8,116,0.0814000207141401,5,Curveball,R,L,L,0.6427871480000595,1
6,125,5.565021963224198,1,Curveball,L,S,L,0.5022861591955636,1
3,115,4.962424720347038,1,Curveball,R,R,R,0.5701312155987377,1
7,27,5.159858096425134,0,Curveball,L,L,R,0.26940041044042623,0
4,75,2.9950622777169498,4,Fastball,R,R,S,0.5665025446211099,1
9,123,1.6661425701405523,6,Sinker,R,L,L,0.5381210025307066,1
5,102,5.762561706288267,5,Cutter,L,S,L,0.631355916832467,0
3,63,6.488942981925561,5,Sinker,R,S,S,0.37262221788340644,1
2,122,1.1088119847856142,0,Slider,L,R,R,0.6993705298272538,0
2,131,3.8946354234993708,4,Slider,L,S,S,0.7671652921136043,0
3,61,1.9897254558309,1,Sinker,L,R,S,0.7292119636987398,0
2,49,1.3448548896490697,7,Curveball,R,S,S,0.43481139501046046,1
4,45,5.874602507959993,6,Curveball,R,S,R,0.657323227654675,0
2,144,4.304775483782696,2,Sinker,R,R,R,0.41901750550581374,0
9,38,1.7294826590293422,5,Curveball,L,S,L,0.7178680828375454,0
2,72,2.4800000896923606,2,Sinker,L,L,L,0.4252335250520711,1
9,104,7.733229370621939,6,Changeup,R,S,S,0.3116249752602476,1
6,36,6.789436517668453,5,Slider,L,R,L,0.4934371764865344,1
1,123,7.039573942985027,6,Curveball,L,S,R,0.28105249907448226,1
4,124,3.680096776645664,0,Cutter,R,L,L,0.5521541418738264,0
1,123,4.990458111367,5,Changeup,L,S,L,0.5459392441862511,1
6,143,3.014141921635293,4,Fastball,L,S,R,0.49448693132655946,1
4,100,0.6216958055111244,5,Changeup,R,L,L,0.5622380753350951,0
3,56,3.2085544852542602,0,Changeup,R,S,R,0.7851891901497066,0
3,140,4.751846025657158,6,Changeup,R,S,L,0.42996637465366916,0
9,89,2.2971541661450514,3,Cutter,L,R,L,0.45366479398242504,1
6,149,6.783604597819326,0,Slider,L,R,S,0.36441677380215176,1
9,78,1.208801273396789,0,Curveball,L,R,L,0.31067283709933036,0
5,137,2.9370327154953593,7,Cutter,R,R,S,0.3735123193669817,1
2,56,0.9992312425936234,7,Cutter,L,L,L,0.32758284856676123,0
8,50,3.2386570718818026,0,Sinker,R,R,S,0.4594814699751154,1
5,118,0.3172904397941636,0,Curveball,L,R,L,0.3399881234663019,0
2,113,2.1803951604931635,4,Sinker,L,S,R,0.510409111809599,1
4,25,3.2058820409094695,5,Sinker,L,L,L,0.371786082232584,1
9,34,3.8253229062135325,4,Changeup,L,L,R,0.4548069237766434,1
4,35,4.349570867801135,4,Sinker,L,R,R,0.27755512644301894,1
4,39,2.1999290383193513,3,Fastball,L,S,S,0.29837112275579425,0
2,96,4.184330676918979,3,Changeup,L,L,R,0.568469820889059,0
6,63,4.072036972496479,5,Changeup,R,L,R,0.5391956117655912,1
2,65,2.5294244070096674,5,Sinker,L,R,S,0.30273046190946923,0
7,114,6.641602645251826,6,Sinker,R,R,L,0.3768856868088778,1
3,83,4.365129012748521,0,Slider,L,R,L,0.33288782766294467,0
3,28,2.65815774997236,4,Changeup,R,S,R,0.6784741430516938,1
5,61,7.578708096646212,3,Fastball,R,R,S,0.41888674958112293,1
3,92,6.760899304569288,2,Cutter,R,L,L,0.44357797936491783,0
2,103,7.860702492414407,0,Sinker,L,L,S,0.5989377241297349,0
9,78,5.537870997163366,6,Changeup,R,R,S,0.3953283655403359,1
2,40,3.025783244048375,1,Cutter,R,L,R,0.4266838182779506,0
2,82,2.2468853334320986,4,Sinker,R,S,S,0.6787408207171808,0
8,92,5.306542749395848,0,Slider,L,R,R,0.67671868846794,0
9,80,7.846532659962429,5,Sinker,R,L,S,0.5627421892783108,1
7,83,5.01372064083079,0,Fastball,R,L,R,0.535386529198727,1
3,88,7.052919527918705,1,Curveball,R,R,L,0.3086057042585525,1
9,148,2.632827448382149,5,Curveball,R,L,S,0.4839098479398862,1
3,125,3.255630259794045,2,Sinker,L,L,R,0.3646146973340705,0
5,84,7.250201916714826,3,Slider,R,R,L,0.6378507699624094,1
9,141,6.05493361566255,3,Fastball,R,S,R,0.5767638882345967,1
3,81,7.851282562943246,1,Sinker,R,L,R,0.42660108565211796,0
7,122,6.198113677857935,6,Cutter,R,S,R,0.5210567110864701,1
1,79,3.588125657745854,1,Slider,R,S,R,0.45264515135072514,0
4,65,4.2485441585789046,6,Changeup,L,S,R,0.2878618143166918,0
4,24,7.204123939705093,6,Cutter,R,S,S,0.6684625074561483,1
7,132,4.413173888784383,7,Sinker,L,S,L,0.7389505399804486,1
8,89,2.0431789933155615,3,Changeup,R,L,L,0.7582078746447931,0
1,30,3.4849585021595955,2,Changeup,R,L,L,0.673515343964218,0
5,117,4.130527910792943,7,Cutter,L,S,S,0.692980810063248,0
7,50,0.7737586684090365,2,Changeup,L,R,R,0.2334349196958483,0
4,31,5.950101394023122,0,Curveball,L,S,S,0.6691346520527466,0
4,127,0.8748314668397841,1,Cutter,R,R,R,0.38204809637142134,1
4,99,3.2393417069504453,7,Slider,L,L,S,0.28269261576799837,1
6,86,6.436979532323236,1,Curveball,L,R,L,0.5131381476329839,1
7,71,3.7405628929063752,7,Slider,R,L,S,0.5422323312876405,0
2,44,6.736124157748064,1,Fastball,R,R,R,0.49088589166512175,1
5,54,2.73505057644892,5,Slider,R,S,L,0.5916705669751363,1
4,41,7.661090351987483,3,Cutter,R,L,L,0.6285314786478182,1
3,115,1.6757474544418844,7,Slider,L,R,R,0.2822679066458819,1
7,136,0.30611315991441046,3,Fastball,L,S,R,0.5701544258310725,0
6,39,6.979412343923348,3,Changeup,L,R,S,0.23267115928768892,0
7,125,6.017621727603266,2,Cutter,R,R,R,0.46925884549862873,1
5,23,1.8558706965389824,7,Sinker,R,R,R,0.2600297482885076,1
6,37,7.877932857093391,3,Curveball,R,L,R,0.46976936427157895,0
5,70,4.018241034148223,7,Curveball,R,L,L,0.3052659197698654,1
7,39,7.608523521153308,0,Slider,L,S,R,0.6406581651536157,0
2,141,4.0402301710959945,5,Curveball,L,R,L,0.7397484131126664,1
5,99,3.774996694170328,3,Fastball,R,R,L,0.3017240115520111,1
6,121,3.5931082971557204,7,Sinker,R,L,L,0.6419937607669615,0
6,44,2.6790022090636016,5,Curveball,R,L,R,0.2876930689225905,0
5,78,4.2696119774124135,5,Slider,R,R,R,0.46023128353702103,1
7,64,3.620437295588543,2,Curveball,L,R,L,0.5753207934851289,0
8,60,0.2939750129884331,1,Changeup,R,R,S,0.5226357186354084,0
7,57,2.08348186738802,5,Changeup,L,L,S,0.23429109627080624,1
5,136,1.7049824008444672,0,Curveball,R,R,S,0.41758752889006207,1
1,38,6.939484818568532,2,Cutter,R,R,R,0.48209676323516554,0
5,33,4.7909598178147315,4,Sinker,R,L,L,0.4348387530262489,1
2,146,6.109464803597819,5,Curveball,R,L,R,0.5992991342944718,1
5,22,7.654608301994244,7,Changeup,R,L,L,0.732903878195458,0
5,56,5.15231418021128,6,Changeup,R,L,S,0.6005969428059075,0
2,136,7.860879931237955,5,Fastball,R,R,R,0.5539774661852475,1
5,35,2.494112413217037,1,Slider,R,L,S,0.2894393560942296,0
4,28,1.4901374585031508,3,Fastball,L,L,L,0.4093086891067985,1
1,26,3.2264791039432916,7,Cutter,R,R,S,0.5289723587332431,1
3,34,3.766395319486464,7,Slider,R,S,L,0.7604276690892173,0
1,91,7.1628923428206805,2,Curveball,R,R,R,0.38286916901245677,0
5,123,4.479523512293411,4,Curveball,L,R,R,0.40277469221895945,1
4,148,2.337447995344136,2,Cutter,L,R,S,0.5537356779849931,1
7,115,5.941074262940167,3,Sinker,R,R,R,0.7398200522273484,1
5,141,4.0466554971125674,2,Changeup,R,R,L,0.5259198861045247,1
4,134,1.2970555622013613,7,Sinker,L,R,L,0.3046470012598769,1
2,99,4.6145583007300175,4,Curveball,L,R,S,0.2452872267374784,1
4,26,7.291156294458271,2,Fastball,L,S,L,0.7333957383807885,1
2,69,6.740980939806561,0,Changeup,R,R,R,0.6019656496190228,1
8,149,4.694479781082649,0,Curveball,R,R,S,0.33231441037987475,1
3,66,3.016665391079905,3,Changeup,L,R,S,0.6347004219505836,1
9,33,0.6958300085136893,6,Sinker,L,R,R,0.6317459187479801,1
4,50,3.7571913866529902,6,Slider,R,R,R,0.663274696960273,1
6,69,6.016635500236633,4,Curveball,R,S,R,0.7353044783343057,1
5,60,2.8821897578640847,7,Curveball,R,L,S,0.29121935700763635,0
1,33,1.8835746044133153,4,Changeup,R,L,S,0.7740465371852019,0
9,24,7.451037754167627,4,Slider,L,R,L,0.7991134404800819,0
1,24,6.572445603663939,4,Fastball,R,S,S,0.20869192617819354,0
8,132,5.106204955361157,4,Slider,R,S,S,0.25478218078615456,1
9,137,1.094266751364155,6,Fastball,L,S,L,0.46037132826090316,0
9,115,1.1592707232493842,1,Cutter,R,L,S,0.22065064667391002,0
1,55,0.8257567316462318,2,Sinker,L,L,L,0.6409384556617288,0
2,98,4.930373335141946,7,Slider,L,S,L,0.5904380729432244,1
1,38,0.924502371786688,5,Fastball,R,L,L,0.6655141040801196,0
2,41,6.741017590901064,4,Changeup,R,L,R,0.7990500364060618,1
8,75,7.943720014554577,6,Fastball,L,R,R,0.7600498586154167,1
5,36,2.930785477669322,5,Cutter,L,R,S,0.3799096076281265,1
7,36,3.6293587757367796,0,Fastball,R,R,L,0.4378785753962099,0
2,97,5.69333741588543,6,Sinker,R,S,R,0.6655802814698466,0
8,75,7.4972240506061265,5,Slider,R,R,L,0.4328909484636917,1
6,99,7.152750188451081,6,Fastball,L,S,L,0.6191807517326958,1
8,69,0.46073462999878867,5,Slider,R,R,R,0.7511735603999727,1
1,77,1.3525744204541201,7,Cutter,L,S,L,0.4435265979603339,0
1,37,6.036777588462338,6,Fastball,R,L,S,0.5363114100366213,0
7,95,5.511144864259578,2,Fastball,L,S,S,0.7048765597784121,1
8,29,1.065748752320986,5,Cutter,L,L,S,0.4866019534850825,1
3,88,4.016516656012541,3,Sinker,L,R,S,0.3734789488850819,1
5,104,6.246517048682365,6,Fastball,R,L,R,0.3549014167867145,1
1,102,1.7502454581015492,7,Slider,R,L,R,0.24313028981499546,1
7,128,6.97030108587733,3,Sinker,L,R,S,0.39821746303867667,0
5,63,0.42377419856294374,6,Curveball,R,S,R,0.6115155339515921,0
8,37,6.257560680544591,4,Sinker,L,S,S,0.2353049332213004,0
8,112,4.926551198318962,1,Curveball,L,S,R,0.364574710808342,1
9,57,2.521594773234793,6,Slider,L,R,R,0.2669609758543912,0
7,70,5.767460386735291,7,Fastball,L,S,L,0.4426868215787222,1
1,38,6.258926361209277,1,Slider,R,L,S,0.25603406134101653,0
3,139,7.471191770431754,2,Cutter,R,R,L,0.6476305355299447,1
8,87,2.942197377234109,1,Slider,R,S,S,0.7568146127641557,0
3,85,5.4881338878396395,5,Curveball,R,L,R,0.3153995276816788,1
8,117,4.820930215477527,3,Sinker,L,L,S,0.3503465680102359,1
1,107,4.201648555656708,4,Changeup,L,S,L,0.2960929612184248,0
5,52,7.123331793240303,0,Cutter,L,R,L,0.312458265688235,1
4,124,0.025338513107202587,5,Fastball,R,L,R,0.3869399568687082,1
5,93,2.256892848828781,3,Sinker,R,L,L,0.3687025227487294,1
8,101,4.306217916358641,3,Slider,R,L,R,0.4311021953317447,1
4,38,1.4263460930924188,2,Cutter,L,L,R,0.5149656879226248,1
4,90,7.262932269862066,5,Curveball,R,S,R,0.6365205072733855,1
3,76,5.180760940904123,6,Fastball,R,R,R,0.730693218553025,1
7,98,3.8230639570559193,7,Slider,R,L,R,0.47562764249218237,0
3,61,6.517614072533236,1,Sinker,R,L,L,0.7453840448525895,0
3,135,3.6070895317208302,0,Slider,L,L,L,0.6078536064449852,1
5,23,4.469224095440076,0,Fastball,R,R,L,0.637345272889571,0
5,23,0.022007964431367988,6,Sinker,L,L,L,0.5133461323892688,0
6,24,2.9256042415605883,1,Changeup,L,R,R,0.5139319924731345,0
8,60,1.110323778807758,7,Changeup,L,R,S,0.5191838459757496,1
6,127,5.517509445298328,6,Cutter,R,R,S,0.4951866703881246,1
1,106,3.83221567180587,4,Slider,L,R,S,0.4753271066392058,0
8,123,2.4140604580018463,7,Cutter,L,S,S,0.6647358917162676,0
8,136,3.742658714973939,1,Fastball,R,S,L,0.43260914300862946,1
9,120,1.6770391036107695,4,Sinker,L,S,R,0.3240410289208608,0
9,94,7.400693059889124,7,Cutter,L,L,L,0.28134156652296466,1
2,94,0.431781060407304,0,Slider,R,R,L,0.727747761540738,0
2,32,6.923336282368963,5,Changeup,R,R,L,0.7177300064825258,1
3,44,4.0908703098668076,2,Changeup,R,S,R,0.3461856187350594,0
1,134,4.951571969110538,3,Fastball,R,S,L,0.27092291844462135,0
4,101,2.4208449672696304,7,Curveball,R,R,R,0.7762753506158775,1
4,29,7.7335809343545705,5,Cutter,R,S,S,0.48921013675537534,0
9,69,2.2548076681559186,0,Fastball,R,L,L,0.2560262913297203,0
9,34,4.7110239771224345,0,Changeup,L,L,R,0.32918478927436146,0
9,35,7.947333640857031,0,Slider,R,L,L,0.6222552446152319,0
7,21,7.048755171067566,7,Slider,R,R,S,0.2487897843181653,1
2,49,4.2906386022888485,3,Sinker,L,S,R,0.45983847055478366,0
5,101,7.9229961837376965,4,Curveball,L,L,S,0.4565498073261181,1
4,50,5.610958893860917,7,Curveball,R,L,S,0.6114068929084264,0
8,96,1.6696033291344747,2,Changeup,L,L,R,0.31964226736854223,0
2,133,3.2447696834864512,5,Curveball,R,L,L,0.7902624293714964,0
6,54,2.675946672092408,5,Curveball,L,L,R,0.2931674177275327,1
5,42,2.7521096661695132,7,Slider,R,S,S,0.5590198041664782,0
2,125,6.08365151487893,2,Sinker,L,L,R,0.39686135787301297,1
1,116,4.674103418182349,2,Cutter,R,L,L,0.2797280458701394,0
8,134,0.3047416927162283,4,Slider,L,L,R,0.5233301256312963,1
2,119,7.019587869207808,5,Sinker,L,R,S,0.3017081357201879,1
7,74,2.3743691238413165,1,Slider,L,S,L,0.607909221903886,1
9,27,7.976599015305149,1,Changeup,L,L,L,0.21945852509570657,0
9,78,7.633525842678286,7,Sinker,R,S,R,0.5062367552730223,0
8,147,7.524245733455722,2,Sinker,R,L,R,0.33138971381648014,1
9,51,6.489020832511789,0,Changeup,L,R,R,0.7699967261845997,1
2,112,1.7649066534683406,7,Sinker,L,R,S,0.6263191297528339,1
6,26,4.261061952230256,0,Cutter,L,R,L,0.6531691320912134,1
4,21,1.7944210145997967,3,Fastball,L,R,L,0.6232100795417459,1
4,104,2.0774036447115938,1,Curveball,R,L,L,0.5995372722703154,1
5,125,4.887614155490219,0,Sinker,R,S,L,0.28282880300381463,1
3,55,0.32666836282450706,6,Curveball,R,L,L,0.7984570190872047,0
1,64,7.755668534565661,2,Slider,R,R,S,0.5944253504849287,1
8,61,7.3493853806237155,3,Slider,R,R,L,0.7384274245458817,0
5,72,3.0461405772617587,1,Sinker,R,L,R,0.5022836063255542,1
3,129,4.1233795840553045,3,Sinker,L,L,S,0.37158265938897717,1
7,28,3.728955354142072,0,Sinker,L,S,S,0.46233761229097237,1
7,106,7.057598228939758,2,Cutter,L,S,L,0.43949566057900513,0
1,133,5.508815010528888,6,Sinker,R,S,R,0.20957562543003036,1
9,94,2.2248899793948516,2,Curveball,R,S,R,0.6049628826732432,1
2,149,3.574730035722375,2,Slider,R,R,L,0.6425884007111468,1
5,30,3.43172780549411,0,Slider,R,R,S,0.22454767261515232,1
5,69,7.674681346271349,6,Sinker,L,S,L,0.3475660212590287,1
8,141,1.4024872841171172,7,Changeup,L,S,S,0.5986617845730977,1
8,94,0.7166106983554323,6,Fastball,R,R,L,0.39313687702058797,0
7,50,7.044950657293522,4,Sinker,R,R,R,0.7603098976070162,1
7,111,7.173487916046967,5,Cutter,R,R,L,0.26755751324393895,0
6,111,6.973912703297318,5,Fastball,R,S,R,0.7568521503493353,0
6,94,4.087815325004451,2,Fastball,L,S,L,0.748375654702246,1
9,111,5.277955426155684,5,Sinker,L,R,R,0.7734593588173777,1
6,148,4.506904380487871,4,Cutter,R,R,R,0.24633663418306842,1
2,61,0.5555826084352073,2,Curveball,L,L,R,0.3634408486026651,1
2,129,4.7666791752057796,4,Sinker,R,L,R,0.35079195927803397,0
5,37,0.10891317804880707,1,Slider,R,R,R,0.7311762395199464,1
4,96,2.5998992764566893,5,Cutter,L,R,L,0.6843057643837844,0
2,39,7.458340606985336,6,Slider,L,L,L,0.2953368399733804,1
3,146,2.4323621570864606,1,Sinker,L,S,L,0.28488677866883627,0
7,94,7.518613141153983,2,Sinker,L,R,S,0.4844787201326937,1
8,81,2.001071657193954,6,Changeup,L,R,R,0.3040036698360576,0
6,51,2.5164979236922598,3,Fastball,R,R,S,0.48554028869521887,1
5,47,5.027259971508428,7,Changeup,R,S,R,0.7068167703173946,1
1,93,6.0930157823143585,3,Fastball,R,L,R,0.49994855230470386,1
8,100,4.011102144039072,0,Curveball,R,S,L,0.6346671060914859,0
3,41,7.056925497553244,1,Cutter,R,S,S,0.3500430778213772,1
6,115,0.321923372884954,1,Curveball,L,R,R,0.3594725846820502,0
3,141,7.377558709074965,3,Fastball,R,R,L,0.55626989896039,1
7,142,1.5704623991632642,2,Sinker,L,L,S,0.7114578833185816,1
7,71,7.0739099606772475,6,Changeup,L,S,S,0.5186660795288451,1
9,97,3.206905435891044,6,Fastball,R,L,R,0.31896876401006324,0
5,89,6.662056446968301,6,Sinker,R,S,R,0.33069902672857854,0
8,40,5.373324398429561,0,Curveball,R,R,L,0.5702089188020104,1
8,83,1.4075330598260969,1,Sinker,L,L,S,0.2620359357104477,0
1,95,7.344380559051587,7,Sinker,R,S,S,0.23928626393335836,0
5,80,1.9641391239076773,0,Curveball,L,R,R,0.2616756986137122,1
3,114,1.9531209495599926,1,Changeup,R,R,L,0.4354066982042045,1
1,59,6.513431173099044,4,Sinker,R,S,S,0.4126221340004097,0
4,23,0.8469860445801682,6,Changeup,R,R,R,0.20128795547645154,1
8,50,1.7762872509636827,4,Sinker,L,S,S,0.29700323633648734,0
3,88,4.029420587368499,0,Sinker,L,S,S,0.40850725976628705,1
2,89,6.6438162294929946,6,Curveball,L,S,S,0.4579763669036408,1
9,24,1.17987179789814,6,Fastball,R,S,L,0.44137834551505367,1
5,134,4.381345876098771,3,Fastball,R,R,L,0.39177081648297185,1
7,110,5.689924734423516,3,Cutter,L,S,L,0.6871528254837862,1
2,27,6.88476179772761,1,Curveball,R,S,L,0.4496121884327391,1
9,28,7.484524481617757,7,Cutter,L,S,S,0.586683837812549,0
9,34,6.2771193157514595,7,Sinker,R,R,L,0.6994961950583725,1
4,124,5.222627185776015,5,Curveball,L,L,R,0.7122313713427693,0
4,26,3.468960682502127,4,Cutter,R,S,R,0.714209786348595,0
6,91,0.896881233507357,4,Slider,L,L,R,0.49678835663855464,1
6,134,5.67789754020417,0,Fastball,R,L,R,0.5967927356999884,0
1,34,7.941898435803895,6,Fastball,L,S,R,0.38880262452390313,1
9,102,5.894084757856799,5,Slider,L,L,R,0.7171064828640188,0
2,58,0.13368874990181023,0,Changeup,L,L,S,0.32798582379490393,1
5,76,3.97007982433471,3,Slider,R,S,L,0.6726228698279464,0
9,111,4.917173059863231,3,Fastball,L,R,R,0.4818723996795029,0
4,100,5.517393608822744,7,Curveball,R,L,R,0.3792722487152373,1
3,146,5.757806684805669,5,Cutter,L,S,L,0.42779495904874054,1
7,94,4.464867529732192,5,Fastball,L,S,L,0.5529616975485878,1
6,98,1.7868826618739222,3,Slider,L,L,S,0.7579900717323711,1
8,29,7.5376052918123735,2,Curveball,L,L,R,0.2585257917399177,0
3,126,5.573331741309295,6,Fastball,R,L,R,0.7516864260183793,1
5,106,1.8947202949552757,4,Slider,R,S,R,0.6894251115769462,1
4,86,2.578574658162183,4,Fastball,L,S,S,0.55239406478952,1
4,81,7.375421365042958,0,Slider,R,R,L,0.2782098363239689,1
4,126,7.099881493658686,4,Sinker,R,R,S,0.6874731596957742,1
8,112,3.241171506864717,0,Slider,L,S,S,0.6143791248751918,0
6,105,0.30645777593160783,5,Fastball,R,R,R,0.49839121032572403,1
3,140,0.3879789511515055,5,Curveball,R,L,L,0.7315203570616267,0
5,98,2.2713463273471124,2,Fastball,R,R,R,0.5986726445183351,0
6,29,5.032977754711996,6,Fastball,R,R,S,0.37317981827666,0
5,48,4.673557082676495,5,Sinker,R,S,S,0.2261719861175732,1
6,115,5.070622295551542,6,Curveball,L,S,L,0.6556004204369488,1
8,29,5.738263775456853,3,Sinker,R,L,L,0.35328153695423603,1
7,32,0.1522580287419073,2,Fastball,R,R,L,0.3683117660856847,1
5,66,0.840684761379543,3,Sinker,L,S,R,0.46982826282131995,0
6,69,2.875867614617701,3,Cutter,L,S,S,0.6499805929405742,0
4,135,1.238879980172654,0,Cutter,L,S,L,0.7545919016467701,0
9,132,0.6025603403564332,6,Cutter,R,L,L,0.32976313057016793,1
4,104,5.127715167978655,3,Slider,L,L,L,0.7292097563735238,0
1,72,6.522691819928792,6,Changeup,R,R,R,0.5626235145817426,1
7,149,6.02101325947426,2,Sinker,L,L,R,0.7133474606278569,1
7,87,6.536318228873434,1,Fastball,L,R,R,0.7089246931890978,0
4,98,5.326852352463018,5,Changeup,R,R,R,0.43543049328017724,1
3,76,5.882762574513618,0,Sinker,L,R,L,0.6068802879539712,0
8,116,2.1742301936664106,6,Cutter,L,S,S,0.7679637906439483,1
5,82,7.944064290273315,5,Curveball,L,S,S,0.6034306968416452,0
7,84,1.4653252359510969,3,Cutter,R,S,L,0.47489559456156166,0
4,58,1.71595099511506,3,Fastball,L,L,S,0.42317682294597997,1
4,128,2.311374654526775,4,Changeup,R,S,R,0.28598815372183806,1
8,45,7.802659440852631,7,Changeup,R,R,R,0.7992780236692336,0
8,31,7.9063087148312485,6,Sinker,L,L,R,0.5946910811286181,1
2,96,6.35914999765198,7,Slider,L,L,L,0.36593420524346343,1
2,105,5.03246078847707,0,Curveball,L,S,R,0.24466922444336664,1
3,49,4.160500601476907,0,Cutter,L,S,R,0.6523517539822616,0
3,71,7.764966765494766,7,Curveball,L,S,R,0.713042947684347,1
1,82,5.56498242286598,2,Fastball,L,S,S,0.4566779737875573,1
3,139,7.557841026608242,1,Slider,R,L,L,0.7736487880278342,1
6,124,2.532406395820991,2,Cutter,L,L,L,0.39708808821216746,0
8,58,2.670198338156525,2,Fastball,L,R,L,0.6536366681613313,1
6,60,6.837796752947485,2,Curveball,R,L,S,0.35778946391279454,0
5,140,1.198839364682355,7,Slider,L,L,R,0.4015623208295397,1
4,127,7.567422890368606,1,Cutter,R,S,L,0.5632342083627238,1
3,84,4.05979483730726,2,Curveball,R,R,L,0.22199971288970166,0
4,137,7.411311028669582,5,Cutter,R,L,R,0.3264916177825582,1
7,98,2.6943423098065047,0,Slider,L,S,R,0.3058074565174534,1
1,27,5.727671233115176,1,Slider,R,S,S,0.39679264840652756,1
7,116,3.8630009757815174,3,Curveball,L,R,L,0.6664788845492763,1
1,37,5.014429041963784,4,Cutter,R,L,L,0.7445609232120087,1
2,115,4.034979945113218,4,Changeup,R,L,L,0.2076035336644379,0
4,52,7.736924938970891,6,Fastball,R,L,S,0.3543453662552044,1
1,24,5.536843182511338,5,Slider,L,L,L,0.21523336703170512,1
9,146,2.0105517490105234,0,Cutter,L,R,L,0.7167460012486941,1
6,93,7.277415375240676,4,Curveball,R,S,L,0.3192401270396135,1
1,145,2.352237905240835,5,Curveball,L,S,S,0.6624186569892703,1
1,24,2.9728407944068502,5,Slider,R,R,L,0.21998299434825155,1
6,53,0.816989584161707,4,Sinker,R,L,L,0.43903047374580095,0
4,43,7.199732158369526,4,Slider,L,S,S,0.41517489660161905,1
4,114,2.288896185822904,5,Sinker,R,L,L,0.397600429170629,1
6,90,2.071340943451059,7,Changeup,R,S,R,0.5421059906116632,0
7,111,7.362100783959631,5,Curveball,L,L,S,0.43478534248935063,1
9,144,6.444214899240267,3,Cutter,R,R,R,0.44193834291002887,0
5,41,1.1286313721549952,4,Sinker,R,L,R,0.31352207937650267,0
9,34,6.154596031229445,2,Fastball,L,L,L,0.4487033931227378,1
4,120,7.304264784430326,5,Fastball,R,R,L,0.6446546785795586,1
2,34,0.6280897456859513,0,Changeup,R,R,L,0.39385224699186994,0
3,72,6.6017199592365845,0,Sinker,L,L,S,0.7142510790379735,0
1,121,4.379360414984448,6,Sinker,R,L,S,0.2996788459443982,1
6,132,5.353579595030405,5,Cutter,L,L,S,0.7079799423649789,1
6,51,3.9428347112394952,0,Fastball,L,S,R,0.5694601308621593,0
1,40,5.582424679242229,3,Fastball,L,L,S,0.45426639187261714,1
3,102,0.2727828933340257,6,Cutter,L,S,S,0.2211420359325278,0
5,33,6.10165378578627,3,Sinker,R,S,L,0.2759406706445913,1
3,34,0.2667495828716673,5,Cutter,L,S,R,0.44855503397329877,1
3,53,3.6423987819787476,7,Slider,R,R,S,0.7267568464951195,1
3,102,1.207719945042359,6,Fastball,R,R,L,0.7740989021974913,0
5,28,6.588594218810457,4,Sinker,L,S,L,0.7578059798694905,1
5,96,2.5092872734053486,2,Fastball,L,S,S,0.36444957691655483,1
4,28,3.63274835683466,4,Changeup,L,S,R,0.35392141308541925,0
1,55,3.4300059303864927,0,Slider,R,R,R,0.6437082318322995,1
5,136,6.180015725477652,7,Slider,R,R,S,0.7643317163104915,1
5,22,3.849154878367804,6,Fastball,R,R,S,0.28000766669904537,1
4,38,6.3116666800827685,2,Curveball,L,S,S,0.42655029078649115,0
6,42,0.588066214421402,0,Curveball,R,S,R,0.7018403841878746,1
4,123,1.5327517432239608,2,Cutter,L,L,R,0.49519205635483826,0
7,124,4.412273997170885,5,Slider,L,L,L,0.7054178407374576,1
7,65,7.57670659802156,1,Fastball,R,R,L,0.2700515506400379,1
2,34,0.5980627737742426,7,Sinker,L,R,R,0.6662173404622824,1
3,70,0.34467372925491446,3,Fastball,R,L,L,0.433763067691057,1
1,129,1.2524053994228455,6,Fastball,R,R,R,0.615832563219509,1
8,27,5.129225030881252,3,Sinker,R,S,L,0.3758917105473149,1
9,88,3.1919433333619773,6,Sinker,R,L,S,0.6151395726072734,0
4,82,6.60441903534149,7,Changeup,L,S,R,0.6212626024328871,1
6,87,0.5754652118509265,5,Curveball,R,L,L,0.4516022697547049,1
9,25,1.5713126945176086,0,Changeup,L,L,S,0.7815121123709607,1
6,138,2.4002112437191654,0,Fastball,R,R,L,0.2002933807359788,1
9,76,5.013840693510282,1,Fastball,R,S,L,0.6045244484961008,0
4,50,5.481381522412378,4,Slider,L,S,S,0.7452316662663323,0
8,25,0.9936263517101906,6,Slider,R,S,S,0.7144901245901638,0
9,86,7.550437671933916,2,Curveball,R,S,R,0.538830618865363,1
4,93,2.728353081521673,5,Sinker,R,R,L,0.7374516456706801,0
5,133,5.705350104002265,1,Cutter,L,S,S,0.26475950771799883,1
8,116,4.19366175158159,5,Fastball,R,R,L,0.5260879691720075,1
6,99,1.782064908376853,1,Slider,R,L,S,0.7887864540852332,1
7,142,6.769826584923289,0,Curveball,R,S,R,0.794934184784222,0
3,52,6.545904225535439,0,Changeup,L,R,S,0.6074954153419238,0
7,63,3.1685748313335207,4,Fastball,L,L,L,0.3005910091333763,1
8,32,4.708860685550843,6,Cutter,L,S,L,0.26775476878140464,0
6,76,2.062605567487518,7,Curveball,L,S,R,0.7534672317507303,0
9,115,5.518813029970412,6,Sinker,R,R,R,0.7283950822513361,1
6,128,2.4722145009634513,7,Cutter,L,L,S,0.38924061904784146,1
9,139,6.752629875057879,5,Fastball,L,L,S,0.7589368661556268,1
4,119,1.7390808342181945,5,Curveball,L,L,L,0.27831583854212477,0
8,130,0.11842738254771312,4,Sinker,L,L,S,0.3766947612050061,1
4,70,2.1480643357433475,0,Slider,R,S,R,0.5864758217485904,1
2,40,1.5284198916758935,7,Cutter,R,L,S,0.30240192519435993,0
9,79,4.066291517799394,3,Changeup,L,R,R,0.7934382017800288,1
5,40,1.6296263332526104,4,Changeup,L,R,L,0.3335406510070344,0
4,126,6.105518965755958,1,Cutter,L,S,S,0.34719236949595256,0
2,145,1.9309651040320315,0,Fastball,L,R,R,0.48475789048966933,0
1,92,5.655745439301246,5,Fastball,R,S,S,0.667099747304323,1
7,95,4.627767384109792,5,Fastball,R,L,R,0.2722946827750553,1
6,97,7.889998851775075,2,Changeup,L,S,R,0.6004667638449563,1
2,84,7.999207816073853,2,Changeup,L,L,R,0.2596228363800434,1
8,105,6.95620866653864,3,Slider,L,R,S,0.2568327073869339,1
4,53,6.079866954390009,5,Fastball,L,S,R,0.2248372720488938,0
8,75,3.09165131200459,0,Changeup,L,L,S,0.5267711919999594,1
7,94,6.0262138170504285,5,Changeup,L,S,R,0.4615814490688181,1
5,22,7.653404296635926,7,Fastball,L,L,R,0.3844134056139846,0
8,25,0.1870206031635533,5,Fastball,R,S,S,0.5162668104404402,1
9,25,4.30331760158191,1,Changeup,R,S,S,0.5011092663104364,0
5,21,1.7439864351074768,3,Sinker,R,S,S,0.4843288299290264,0
5,109,4.463010526950804,1,Cutter,L,S,L,0.3034709080148076,0
2,75,3.7315767180711292,6,Changeup,R,L,L,0.7381703340834556,0
5,115,4.606148652418275,7,Slider,L,L,L,0.5720147910154956,1
3,29,4.407697771349794,2,Curveball,L,S,R,0.2763748596597509,0
7,106,7.680856313348496,7,Sinker,L,S,R,0.3532775729282688,1
5,89,4.417488871477889,1,Fastball,R,R,R,0.6587511771447625,1
8,132,6.769856704998938,2,Slider,R,L,S,0.6658468882873454,1
1,49,2.558562294406772,6,Cutter,L,L,L,0.6354438230083316,0
3,147,3.5048055103283913,4,Curveball,R,L,R,0.6742797590863969,1
3,97,3.763307808358479,6,Sinker,R,L,S,0.5589214681944821,1
9,74,2.2298243466830376,2,Changeup,R,R,L,0.3732624901581064,1
5,68,3.038322091823642,5,Fastball,R,S,L,0.41459794977050346,1
9,53,4.788104635734202,6,Changeup,L,S,S,0.5057830926036528,0
9,124,4.641502106436259,2,Slider,L,S,R,0.34761375620456947,1
1,41,5.091482756587844,6,Fastball,R,R,L,0.7119882333983747,0
2,50,2.8145433233611286,5,Changeup,R,R,R,0.6481730247859145,1
5,124,2.5266519612244567,3,Fastball,R,S,R,0.7880036658778822,1
4,35,4.8929430620333045,5,Slider,L,R,R,0.4491543772247648,1
9,39,1.0628939874201997,6,Changeup,R,R,R,0.7224592933476353,1
7,62,2.0242523482571197,7,Curveball,L,R,R,0.6674754160484677,1
6,66,0.3370218956239617,5,Cutter,R,R,R,0.6991628349036837,0
7,133,0.5808868207686411,5,Changeup,R,S,R,0.6128890878010388,1
1,38,1.947066234084871,3,Fastball,L,R,S,0.40942093932915996,1
1,67,0.15623424237535222,0,Sinker,L,S,R,0.3463538225978662,1
8,64,1.9632847366996922,6,Changeup,L,L,R,0.36338736081886136,1
2,106,5.239810584496208,0,Fastball,L,R,L,0.5401913231774376,1
9,34,0.4888566277514643,6,Sinker,R,L,L,0.7277925423884393,0
7,129,3.493893422357128,2,Slider,L,L,R,0.46944912141906686,1
6,115,7.3048702953563955,4,Sinker,L,R,L,0.5593094910531203,0
1,121,6.330278631403208,0,Cutter,L,S,S,0.6402805673813601,0
1,105,2.4435000183588578,2,Fastball,R,S,S,0.7131592582369117,0
2,100,7.398443833533176,3,Changeup,L,S,S,0.5890908996494162,0
6,70,2.6371719739817987,7,Sinker,R,R,L,0.5775837815791112,0
6,131,0.5801239707004999,0,Slider,R,R,S,0.7925554528630105,0
2,34,7.952447654144908,0,Sinker,L,S,S,0.7174494750356561,0
1,84,6.960180217513374,5,Curveball,R,S,L,0.6400506444578689,1
5,107,3.7274622664087387,7,Changeup,L,L,R,0.6991653006685328,0
5,95,5.331012193539231,7,Cutter,R,L,R,0.7999370247645072,1
2,29,5.369824622853361,6,Slider,R,R,R,0.5034316387950113,1
6,61,1.5558578458436827,5,Changeup,L,S,L,0.6233198160067888,1
9,114,1.6003890652290584,2,Fastball,L,S,R,0.6880466951598123,1
2,30,3.7566456268146062,5,Fastball,R,R,S,0.4665145554333798,1
2,137,7.292585121101584,7,Fastball,L,S,R,0.7729622430549621,1
3,144,0.07995019886856625,2,Changeup,L,R,S,0.42933027833718096,1
7,97,6.260045087594874,1,Cutter,R,L,R,0.34584287103840705,1
6,109,0.4602142697172331,6,Fastball,R,S,R,0.6062549084194309,0
8,27,3.8257769190649427,1,Changeup,R,S,R,0.24844868768615022,0
8,130,5.102982664587811,4,Changeup,L,R,L,0.2759855116302529,0
6,77,5.4940741366597186,6,Cutter,R,R,R,0.7822890735981605,0
3,105,0.46783410892729105,0,Slider,L,R,S,0.3689904116200521,0
3,74,3.348828939071746,1,Slider,R,R,S,0.21988845698211829,1
1,141,4.670698084018597,2,Changeup,L,L,R,0.4847861111046448,1
7,127,0.5283642984480554,5,Slider,L,R,L,0.7204065501403611,0
5,67,1.0807564527624782,5,Curveball,R,S,R,0.3999894902297598,0
4,148,5.309191916032308,0,Cutter,R,S,R,0.451594264749846,0
4,66,4.1731055727252135,6,Changeup,L,S,S,0.29410923260623706,1
4,24,1.2946292901463243,7,Slider,R,S,L,0.4076556966001674,1
6,43,4.281914695317868,1,Sinker,R,L,S,0.7792478633865645,1
8,37,7.301538987555326,4,Slider,L,L,L,0.7263270133708852,1
8,103,0.12470067820291142,7,Cutter,L,L,R,0.6439104507466251,1
5,24,5.141070187886837,4,Sinker,R,R,S,0.6717309075007085,0
6,49,0.5892034768427354,4,Fastball,R,S,R,0.6016086469954798,1
4,20,0.05159554371760677,4,Slider,R,S,R,0.2707714548289853,1
9,105,1.2052359092850704,5,Sinker,R,L,S,0.2704674711056768,0
8,101,3.3832530548313544,7,Cutter,R,R,R,0.522312118523266,0
1,88,6.418751991855624,5,Sinker,L,L,L,0.5572705478961437,1
2,50,2.254283972836469,5,Fastball,R,S,R,0.7830931994223973,0
9,110,5.005385699110069,6,Sinker,L,S,L,0.4707055457596288,1
8,112,3.2892531036424533,7,Changeup,R,L,R,0.7504865902996589,1
3,146,1.8746543357280636,2,Fastball,R,S,L,0.7942012497564637,1
8,35,4.113976914262869,4,Slider,R,L,S,0.7067007411898005,1
1,73,6.379715922980986,7,Changeup,L,L,R,0.4393882983250099,1
4,39,6.6599389604491535,3,Changeup,R,L,S,0.6520628014377376,0
3,101,6.772156255017894,5,Fastball,L,L,S,0.5272770878663415,0
6,128,2.7084625004398353,4,Changeup,L,S,L,0.31929017209902444,0
7,132,6.347648517726024,1,Fastball,R,R,R,0.27782098879443556,1
4,36,1.697427640871263,6,Fastball,R,S,S,0.24204971994769803,0
7,145,5.907400809943066,0,Sinker,R,L,R,0.39585989295541657,0
9,22,7.587075410180933,5,Fastball,R,S,L,0.6132565173948643,1
2,36,0.10995067752765753,5,Cutter,L,R,S,0.7483137463918343,1
3,69,3.522911449430384,1,Slider,L,S,L,0.39226252673372686,1
5,141,5.182167907312037,0,Changeup,R,L,S,0.5186128683286544,1
3,109,5.614206163900424,2,Curveball,L,R,L,0.48128704223873153,1
8,106,1.4087020661536176,7,Sinker,R,S,R,0.2652579004740611,1
8,25,7.777466201908743,5,Slider,L,R,S,0.6561673269001493,1
8,74,4.922122943767784,0,Curveball,R,S,S,0.5116230382260725,0
9,121,1.3147248098261421,3,Fastball,R,R,R,0.7503850167811064,0
4,48,0.16418009370012232,5,Changeup,L,L,S,0.7012695255477095,1
5,130,6.2661135903182075,4,Sinker,L,L,L,0.36696399457331197,1
5,29,0.6376379155636727,6,Slider,L,R,S,0.3875716349071535,1
8,110,1.1284073685618923,1,Curveball,R,S,S,0.5221916323521434,0
7,48,4.598640214845525,0,Curveball,L,L,S,0.2750876041142317,1
9,64,4.828044027596958,1,Curveball,R,S,L,0.3506714927087224,0
8,70,5.495096948739188,4,Slider,R,R,R,0.6926557986384464,1
2,120,3.148112101308966,2,Cutter,R,S,L,0.29180251699933835,0
4,147,6.191189351734583,6,Fastball,R,R,L,0.5277449669638372,1
6,30,7.794868796927109,4,Changeup,L,S,S,0.43637934194575057,1
2,101,2.168759544639064,7,Curveball,R,R,S,0.3205585340522594,1
7,147,5.624228932303567,2,Sinker,R,R,R,0.7818642188649398,1
3,25,7.427749219161255,1,Slider,R,R,S,0.6950740718910933,1
3,86,5.4902941009363415,2,Sinker,L,R,L,0.36001013200436477,0
2,81,5.448875989154076,5,Curveball,L,S,S,0.6711694476389771,1
8,47,1.7901805526816528,2,Slider,L,L,S,0.20385064823556376,1
6,57,4.2810416025575435,2,Sinker,R,R,R,0.3665394711039297,1
1,62,4.500182748836641,5,Cutter,L,R,L,0.2647988428626053,0
1,136,5.6010364996476225,2,Curveball,L,L,L,0.45444913546757587,1
7,65,7.974571599169461,5,Curveball,R,L,R,0.5827477301247699,1
8,68,0.26915058035009665,5,Changeup,R,R,L,0.30278654486346823,1
5,58,0.5218612901398947,6,Slider,L,R,L,0.3434442563552704,1
5,90,0.62360055544735,2,Slider,L,S,S,0.43562239218551474,0
4,146,5.943833075911654,5,Cutter,R,L,R,0.5784655480298743,0
6,20,1.0908303608860601,0,Curveball,L,S,R,0.38643581071768507,1
6,88,4.979614995922762,2,Changeup,R,R,S,0.5609017108939973,1
3,49,2.5973510231476675,7,Sinker,R,R,R,0.40955008016980526,1
9,134,3.658559649685688,2,Fastball,R,R,R,0.3547166827745275,0
7,27,1.7253052785393113,4,Changeup,R,R,S,0.7130299249826293,1
1,132,6.928852490436337,4,Sinker,L,L,S,0.4297849961955403,0
7,38,4.689202593304211,6,Changeup,R,S,L,0.7510245528318511,0
5,78,7.556506108658021,6,Sinker,R,L,L,0.3833447887138787,1
5,98,4.596769997634636,7,Changeup,L,R,S,0.5257232975645842,0
2,55,0.9912642447755733,6,Changeup,L,S,R,0.23215769491633553,1
4,74,1.3669634707078036,4,Curveball,L,R,S,0.6081638535757741,1
6,63,7.912591810942778,7,Changeup,R,L,S,0.6772836247685634,1
7,96,5.804521578646942,2,Sinker,R,R,S,0.7828481966185337,0
5,97,0.39423000023271726,7,Sinker,R,L,L,0.7019668426251013,0
9,120,5.630248040277318,7,Slider,L,L,S,0.3875118772512336,1
3,49,3.297384374476893,4,Sinker,L,R,R,0.5339616304162295,1
1,58,2.457667094585524,0,Slider,R,R,S,0.5551243275930443,0
4,32,1.2324863498442742,1,Sinker,R,L,S,0.23407147416222873,0
9,141,6.719231636452525,4,Changeup,R,S,S,0.24359416522377925,1
4,131,0.5107310319128056,5,Sinker,L,L,L,0.39548397793408885,0
2,64,2.3186836990371225,4,Slider,L,S,R,0.6466544091424813,1
5,138,2.451063150605635,0,Curveball,R,L,R,0.37132019700229935,1
3,54,1.2872422717080028,5,Fastball,L,R,L,0.7244751387026103,1
9,26,4.065479066294962,5,Changeup,L,L,L,0.5869943558237719,0
4,129,0.093621014487141,5,Sinker,L,S,L,0.4808828265766157,0
6,133,2.407804123283273,7,Slider,L,S,R,0.5243352203757179,1
2,70,7.469035552264512,5,Slider,R,S,R,0.3988574079636361,0
6,65,2.4842365547360457,3,Curveball,R,S,S,0.7843494009077112,1
3,39,2.883675096854013,3,Sinker,L,S,R,0.3055735947674804,1
9,115,3.7853203858725726,5,Curveball,L,L,L,0.716238092473956,1
2,57,4.493546998811798,5,Fastball,R,R,R,0.6068904258186083,1
9,123,6.469669158565952,5,Sinker,L,R,R,0.6269369851148301,1
5,51,1.522569785248141,0,Cutter,L,L,R,0.7014865045571863,0
8,77,6.973971017540458,4,Cutter,R,R,R,0.2817339103595282,1
2,101,6.060394857151115,1,Sinker,L,L,S,0.6170964798791728,0
6,69,5.781202677292442,6,Cutter,R,S,L,0.6657621207921687,1
3,71,0.6944365897170819,5,Fastball,L,L,R,0.7907681940670899,1
5,105,0.17312551979667745,6,Changeup,L,R,L,0.6485353927044308,1
8,134,4.752101607264672,4,Cutter,L,R,L,0.7710519316343998,1
1,72,6.90507170018529,0,Cutter,L,R,R,0.7098401413329964,1
5,85,4.675531713125087,6,Sinker,L,L,S,0.725408788086612,1
3,136,1.7058789235642466,0,Slider,L,L,S,0.7501525530082795,0
4,62,0.7241591835937058,5,Slider,L,L,S,0.5186953707921665,0
2,101,5.59677162254188,6,Changeup,L,R,R,0.6266119385194837,0
9,83,5.774162218542476,2,Sinker,R,L,R,0.27437539607206196,0
3,132,1.3802536054968693,7,Curveball,R,L,R,0.41386894026958104,1
2,73,0.22552252397229022,0,Fastball,R,R,R,0.7276427158153127,1
9,84,3.266268105785576,2,Cutter,R,S,R,0.7866090486989699,0
7,21,4.661749617064177,6,Sinker,L,S,L,0.2670016886534639,1
6,97,5.648019276537529,6,Sinker,R,R,L,0.5516772878791013,1
1,51,6.479560073223222,0,Fastball,R,R,R,0.6407587985684099,1
5,119,4.884299418453859,2,Slider,L,S,S,0.509647785084181,1
3,149,0.8870448687878802,2,Fastball,L,L,L,0.3397772255469935,0
1,123,5.460653377139319,5,Slider,L,R,R,0.22503141440730412,1
4,108,7.873413143159056,5,Fastball,L,S,R,0.7708984133140924,1
2,68,7.244676676779231,7,Slider,L,L,L,0.3420976261010605,0
2,106,6.9733512741561015,6,Fastball,R,R,L,0.3794632619109592,1
3,27,2.417361226866727,4,Cutter,L,S,R,0.5856711257811753,1
8,120,6.006305411632005,7,Cutter,L,L,S,0.457177452081568,1
8,35,6.808827567721164,7,Changeup,L,L,R,0.4540810278033185,1
7,59,5.426609637050105,7,Fastball,R,S,L,0.2495619357441823,0
6,125,2.004494052543844,2,Curveball,L,L,L,0.7951262303592854,1
9,46,7.630671774999667,3,Changeup,L,S,R,0.3706420200730908,1
4,123,3.606555291669407,0,Fastball,R,S,L,0.2660112506920873,0
1,124,1.0384444693270352,5,Curveball,R,L,R,0.6089422932076253,1
8,54,0.878223160459136,1,Cutter,L,S,S,0.6513236629017416,1
7,132,5.180151898392366,6,Cutter,R,S,S,0.21521301850144947,1
7,71,3.501677171333913,0,Sinker,R,R,R,0.361548732152864,0
3,72,0.7558710014317089,4,Cutter,L,S,L,0.3166194960210266,0
4,110,5.922916577248757,4,Sinker,R,L,L,0.673252826671709,1
9,100,6.3946013380689575,2,Curveball,R,S,S,0.3102520850657037,1
6,123,5.803325046291611,4,Slider,L,L,L,0.341138706565399,1
5,85,1.6180870214721033,5,Fastball,R,R,L,0.7920999618209523,1
3,132,5.518203647968555,4,Changeup,R,L,R,0.6212665913270143,1
9,50,0.08578242315508078,0,Sinker,L,S,S,0.43259576081241746,0
5,80,2.4408971174272738,6,Changeup,L,L,S,0.652315442986951,0
5,120,3.19057225126035,3,Cutter,R,R,R,0.4798845223096249,1
4,124,6.681975591084012,3,Slider,R,R,R,0.32760040315111016,0
4,117,3.123154984555234,6,Sinker,R,R,S,0.49278354206338754,1
1,53,0.09015556951518633,6,Fastball,R,L,S,0.6632146145266609,0
7,78,2.8187712946240753,2,Sinker,R,L,R,0.30700242355947605,0
9,22,3.9913927868742975,6,Fastball,L,L,S,0.49131939052381257,1
3,36,7.5920382933821875,4,Changeup,R,R,S,0.2715926493616536,1
2,97,7.528274430316358,4,Changeup,R,L,L,0.7056088597617276,1
3,65,1.4469923057712926,3,Changeup,L,R,S,0.6912832537445306,1
1,54,1.4811723339156124,6,Fastball,L,R,R,0.6040734682220392,0
6,148,1.307051651716404,2,Sinker,R,S,L,0.752013428040982,1
7,131,6.311375459312826,4,Changeup,R,S,L,0.43996985841361985,1
2,80,0.04817632294725094,2,Fastball,L,R,S,0.27918608995885286,0
8,116,1.0174175855350187,5,Cutter,R,R,L,0.7853793757396923,1
6,109,4.303677053152792,0,Sinker,L,R,R,0.5078452821056203,1
4,78,1.9804965350941242,5,Sinker,L,S,R,0.4853090452449823,1
5,37,0.7388516659140967,4,Sinker,L,R,S,0.23823413449807404,0
8,114,2.8790240986706745,4,Slider,L,S,S,0.5422261089933327,0
3,35,2.193660840481958,4,Changeup,R,S,R,0.586844650109281,0
3,29,4.088834452114276,3,Fastball,L,L,R,0.4839128536654343,0
4,123,7.8338687506415665,3,Cutter,R,L,S,0.7462453179594575,1
1,95,0.9944370945193475,4,Curveball,L,L,R,0.6454264517395331,1
9,35,2.9818136386727545,4,Cutter,R,S,S,0.2231724858918744,0
8,31,7.455880142979797,0,Slider,R,R,L,0.5255416237173713,0
8,94,7.0149843479505805,0,Cutter,L,L,L,0.7962038962180671,0
6,148,3.154168278274245,2,Changeup,R,S,S,0.319848616830711,1
7,46,5.591626116157892,6,Changeup,R,R,S,0.5703048682031819,0
6,31,0.7028561086507645,2,Curveball,R,L,S,0.3640970563480165,0
9,49,5.700328444348921,3,Sinker,L,S,R,0.4228900640829518,1
3,28,7.782861835877932,1,Fastball,R,L,S,0.22018069076345323,1
3,72,4.299905222673533,0,Cutter,R,L,S,0.6127502320789737,1
3,73,3.987921816275314,2,Curveball,L,S,L,0.6594351247646851,1
3,68,1.4985489576152826,6,Changeup,L,L,S,0.6637500450874887,1
9,23,5.070305591258335,6,Sinker,R,S,S,0.7823256260551728,1
4,98,4.723498246231319,0,Fastball,L,S,L,0.7027266022422567,0
7,110,5.215464475806004,0,Fastball,L,L,R,0.3245635950861522,1
9,98,0.20866629347777454,5,Slider,L,R,S,0.3383338712691859,0
7,122,4.389787906792589,7,Sinker,R,R,S,0.660793924585829,0
9,130,4.759478747978984,1,Changeup,L,R,S,0.6661438241146991,0
3,77,1.6602410833024175,0,Fastball,L,S,S,0.2738253457643409,0
4,101,1.6666628599082882,5,Slider,L,L,L,0.20397939555479694,1
8,41,2.2097453480875986,6,Slider,R,R,L,0.4408282494897344,0
6,98,5.693772733817901,1,Changeup,L,L,L,0.616804343274211,1
5,118,4.850128508258973,6,Fastball,R,R,S,0.7199986572731907,1
4,57,6.766101168942437,5,Sinker,L,R,R,0.2991980764477732,1
8,136,2.3652685747447855,6,Fastball,R,L,S,0.6891746535704402,1
1,45,7.296544479106546,5,Cutter,L,L,S,0.6106726653007688,1
9,69,5.949649295866867,7,Fastball,L,L,R,0.2995731664286525,1
1,57,3.1600933601095758,1,Slider,R,L,S,0.7239697334861288,0
8,61,0.7620965250036473,0,Curveball,R,R,L,0.7597931703888712,1
4,56,2.05586929989986,0,Changeup,L,L,L,0.35948410311262624,1
9,68,7.654145737718802,2,Curveball,L,S,R,0.28921472128328346,0
5,65,2.482907007072635,0,Fastball,L,R,L,0.7805757430850948,1
3,48,2.6392076811925156,6,Sinker,R,S,R,0.21373061762214593,0
9,31,1.5167114487817361,7,Sinker,L,R,R,0.7690397593020004,0
9,135,6.454804809110123,0,Slider,L,R,S,0.3297349058778932,1
4,101,2.205153841938219,0,Curveball,L,S,L,0.4628781607945383,1
4,63,2.642065986950845,2,Changeup,R,R,R,0.3850110926808057,1
8,21,3.314784867453013,7,Cutter,L,S,S,0.2922248604266587,0
2,36,3.4698262381968776,7,Curveball,R,R,R,0.41148618479441906,1
9,37,3.2907263233201736,1,Sinker,R,L,L,0.5235486963506233,1
6,41,4.029949562997829,2,Cutter,L,R,L,0.2562961027549878,0
9,102,6.516103036931226,6,Sinker,R,S,S,0.6855064114711209,1
8,77,6.554280325936176,7,Fastball,R,L,R,0.680228918950046,0
7,72,6.386505070106775,6,Fastball,L,L,L,0.6784889996094954,1
1,20,0.8089987129319001,0,Changeup,L,L,L,0.6118692565530504,0
3,80,6.397430426198513,4,Cutter,L,L,L,0.4731574238568763,0
2,50,0.9620141878926143,0,Cutter,R,R,L,0.7002345212459307,0
5,85,0.9977901604180639,2,Changeup,R,S,L,0.7111093935333352,1
5,72,7.582902173079686,5,Sinker,R,L,R,0.3712741979790767,1
5,114,6.555182757644331,5,Curveball,L,S,R,0.48857015057136255,1
4,42,4.419283734944069,7,Changeup,R,S,S,0.32177772231987467,0
5,106,6.999761635822897,2,Fastball,L,L,L,0.3534742544135279,0
3,144,7.914917140414903,3,Cutter,L,S,S,0.34337224449272497,1
1,128,4.8851365330542205,6,Slider,R,S,R,0.6961683130641093,1
5,59,4.903187495852144,5,Sinker,R,S,R,0.3504892798115327,0
9,140,6.035416233279424,4,Slider,R,S,S,0.5277883009416555,1
9,58,1.8571116189226622,2,Fastball,L,R,R,0.5769477101787631,0
4,139,1.3369988921503948,5,Cutter,R,R,L,0.6468096222508659,1
3,37,6.07664600012058,5,Cutter,L,R,L,0.21740436520692316,0
1,56,2.7592383599528185,1,Changeup,R,S,R,0.4854484694188615,0
2,24,1.080562850447472,0,Curveball,L,R,L,0.3755652213287154,0
8,92,2.519021807341998,5,Changeup,R,L,S,0.7003843510063854,0
1,60,2.869094942996603,7,Slider,R,S,R,0.2220494185101655,1
8,29,7.721821276045525,5,Cutter,L,R,S,0.32419646210453407,1
7,87,5.583677688703386,1,Curveball,R,R,R,0.3894552431809656,1
8,43,4.2468505391978715,6,Changeup,R,S,L,0.24670484938628248,0
6,97,7.7509851094608395,2,Curveball,L,S,L,0.43725069887437645,0
9,128,7.225117923793445,2,Sinker,R,S,L,0.6462610421127856,1
3,43,4.096006852913278,1,Sinker,R,L,L,0.3273884723374568,0
4,26,7.245437083015846,1,Slider,L,R,S,0.6526812249873049,1
6,92,3.2344372645012527,3,Curveball,R,L,S,0.5174085255693703,1
8,126,1.8433653228529971,0,Sinker,R,R,R,0.4068343174410645,1
5,118,1.861425414576681,1,Cutter,L,S,L,0.42128363789589296,1
3,141,5.298524195537014,0,Sinker,R,R,L,0.26978307447580163,1
6,31,4.008562565658217,5,Curveball,R,S,S,0.34986860470370706,1
4,104,5.271606776043574,4,Curveball,L,R,L,0.6387346356397217,0
9,22,5.488607714097359,2,Changeup,R,L,L,0.7176473729569841,1
3,98,0.17858298318174093,1,Curveball,R,R,L,0.3593589119392546,1
4,104,0.43231673878321875,7,Curveball,R,S,S,0.5532015703587807,0
7,29,4.261421812729999,4,Slider,L,L,S,0.22083602566365115,0
7,52,1.5282838220806152,2,Curveball,R,L,L,0.2464437446160464,0
4,65,5.060270150435517,3,Changeup,R,R,S,0.7786203635804094,1
6,78,4.4174859133651845,2,Changeup,L,R,L,0.7379036582251899,1
3,71,4.68608286696713,1,Cutter,L,L,R,0.24876940195343664,1
6,25,2.4196430386480854,7,Sinker,R,R,L,0.6933967818337796,1
2,149,5.118748050223173,4,Slider,R,S,L,0.2615019256645053,1
8,48,6.635941091880184,4,Fastball,L,S,R,0.6971025979707723,1
2,138,7.984570028737897,7,Cutter,L,R,L,0.7481004248813261,1
7,116,6.707555089377714,4,Curveball,L,L,L,0.29185134626037035,1
9,87,4.4599900774395795,2,Sinker,R,R,R,0.2883397409016989,1
1,79,1.5474367334396524,7,Slider,L,L,L,0.7559433401973026,0
8,143,5.451567008958567,0,Cutter,R,L,R,0.3808590840323871,1
7,103,7.5012302844638254,6,Changeup,R,S,R,0.48359329566130954,0
6,60,1.6949323178584192,0,Slider,R,R,L,0.3826637595284932,1
6,132,2.0479649642126168,2,Slider,L,L,L,0.6496016029796614,1
6,84,1.1920683472932092,1,Curveball,L,L,L,0.32665192060509657,0
9,98,5.8937731490112135,2,Slider,L,L,R,0.49647205660066657,0
2,82,3.252492027389274,0,Sinker,L,L,R,0.7102781686550368,1
1,137,0.5015651110910726,2,Sinker,R,S,S,0.7655888152996067,1
6,56,6.9995999319222415,4,Slider,R,S,R,0.4116414076454594,0
8,83,4.461375237620533,7,Fastball,L,S,S,0.26838217769545886,1
3,105,2.6487543360028463,7,Curveball,R,S,R,0.6858119252899361,1
1,53,2.7518638084887757,1,Slider,L,S,L,0.2664501656538245,0
9,58,2.322009761527254,6,Slider,R,R,L,0.6675724630734765,1
1,86,3.6438413791411346,1,Fastball,R,R,L,0.6133925851387425,0
3,81,2.69633350790516,3,Fastball,L,S,S,0.5465357503049268,1
8,107,4.383570432564875,6,Changeup,R,L,L,0.7636936930492315,1
3,128,6.188138018170354,2,Curveball,R,L,R,0.39343592220411855,1
4,108,5.395690267554988,5,Fastball,R,R,L,0.25599759127317884,1
8,86,2.355655142032937,5,Slider,L,R,L,0.7889624881438038,1
1,98,4.229928092318234,6,Fastball,R,R,R,0.4646887023505759,1
6,48,6.7210092792980065,6,Cutter,R,S,S,0.460034617916783,0
1,93,0.5456498779418038,6,Changeup,R,L,L,0.2537178461211893,1
1,51,0.626378135895238,5,Changeup,L,L,S,0.6461314581597141,0
8,106,4.4493605443980275,4,Sinker,R,R,S,0.6320705554577639,0
4,58,5.112921027118426,7,Curveball,L,R,L,0.28717779294209955,0
1,120,1.6913041262072328,7,Changeup,L,R,R,0.34028401712127443,0
7,87,5.961761013532144,5,Curveball,R,R,S,0.2098486795433862,0
5,47,5.17010701632582,2,Cutter,R,S,R,0.7338373280446542,0
5,33,7.3863141458902914,7,Sinker,R,L,S,0.3467168554521108,0
1,96,1.3516336148682937,3,Slider,R,S,L,0.7562245391954947,0
6,135,6.010994122864085,3,Cutter,R,L,R,0.5427017722839601,0
9,47,0.6691447246661362,7,Curveball,R,S,R,0.45524458262583684,0
9,108,4.52233927614318,2,Curveball,L,L,S,0.20469829430173667,1
8,51,4.4151611159931665,5,Curveball,R,S,R,0.25536337017018257,1
5,114,3.107080357173925,2,Slider,R,L,L,0.2952104453617166,1
1,36,6.756569181348538,6,Sinker,L,S,R,0.2634177545156603,1
9,136,0.034965158288097875,7,Sinker,R,L,R,0.35372201031523576,1
1,96,4.161435215188166,7,Curveball,R,R,S,0.29275098873547734,0
8,74,1.7372283986814994,6,Cutter,L,L,R,0.5983002454425294,0
5,29,5.947988952931463,2,Sinker,L,L,R,0.3782188748285963,1
3,99,0.34453941044877734,6,Slider,R,S,L,0.6309749707311443,0
7,135,6.652437505452621,0,Cutter,L,R,R,0.2812956469054772,1
7,98,6.704737813655612,3,Slider,L,S,L,0.3254645071740083,1
9,79,6.662928099228023,1,Curveball,L,L,R,0.672469775161058,1
7,61,1.2205482138613588,5,Sinker,L,L,R,0.5804461416583537,0
3,135,5.043252148488359,5,Slider,R,L,L,0.25786822999509346,1
1,128,0.11493887346711684,0,Fastball,L,L,R,0.7756501887494403,1
8,90,6.7837007303135985,4,Cutter,R,S,R,0.6575207225216166,0
3,121,5.783801548068964,1,Fastball,R,R,S,0.5315872452033933,1
8,32,4.249229847194021,1,Fastball,L,L,S,0.40574645392435527,1
8,34,5.844731464772937,1,Curveball,R,S,R,0.256364715244907,1
5,55,0.7545927732141777,6,Curveball,L,S,L,0.4149210916328038,1
1,34,4.22924665741485,3,Fastball,L,S,S,0.39381371712233404,0
7,136,2.3302119345315635,4,Slider,L,S,R,0.24702296058019343,1
5,94,7.780955705783784,0,Curveball,L,S,S,0.6702550328318548,1
8,75,6.856943604991214,6,Cutter,R,L,R,0.4492013424214535,1
9,114,5.866205566671815,4,Fastball,R,L,L,0.7337093338604437,1
7,71,7.469981081997855,5,Cutter,L,R,S,0.294777996423982,1
7,103,2.77474643652379,0,Sinker,L,R,S,0.3905434631540071,1
1,48,7.20703919190545,6,Cutter,R,R,R,0.36742194644148374,1
4,72,2.6019058568536826,3,Cutter,R,R,L,0.7190969104087883,1
2,40,5.862373757529224,5,Fastball,L,S,L,0.5046401242236183,1
2,131,5.891335294211593,4,Changeup,L,S,L,0.2850931160226525,1
2,95,0.14679901163274778,1,Sinker,L,S,R,0.41446809881195507,1
4,49,2.8884775862255614,7,Curveball,R,S,L,0.7659095182036624,1
1,144,0.1554613792679831,4,Cutter,L,S,L,0.5308923836846593,1
4,70,7.976736140881989,5,Fastball,L,S,R,0.22204013263968722,1
2,97,0.977574094633904,6,Changeup,R,S,L,0.2347069914092795,1
5,41,4.342487165184875,6,Fastball,L,S,L,0.3414084318166498,1
3,83,6.324449910101098,3,Curveball,L,R,S,0.5727946397074791,1
8,40,1.6101088180871397,3,Fastball,R,L,L,0.34715642183557416,0
4,148,3.880421344763781,3,Slider,R,R,S,0.7100687312500131,1
1,126,4.859430087369207,0,Sinker,R,S,S,0.5776531192836674,1
1,135,1.281638035164363,7,Slider,R,S,S,0.38043835702831963,1
3,143,6.228443679292308,4,Cutter,L,S,S,0.43636081538588856,0
9,55,2.3946916575149224,1,Fastball,R,L,L,0.42515463323872266,0
7,66,1.6881846107107226,6,Fastball,R,S,S,0.38851027074542155,1
2,51,4.466309971499335,1,Cutter,L,S,S,0.5779317714087456,1
9,73,3.282509021143503,2,Cutter,R,R,S,0.321004548904134,0
2,42,7.362287557091342,3,Sinker,R,R,L,0.37526604670268504,0
3,21,7.040501585585232,5,Changeup,R,S,R,0.25114185597916366,0
2,129,3.8668053071110657,1,Fastball,L,L,S,0.42562196278279796,1
3,143,2.8741101978047805,3,Curveball,R,L,S,0.23863069903270162,1
6,86,2.6041438530501217,1,Curveball,L,R,R,0.21074329241742173,1
9,90,2.140508984652059,4,Curveball,R,R,L,0.5875878241872114,0
9,48,4.356382829699818,2,Cutter,L,L,S,0.2974729426604529,1
7,138,6.439828837876348,3,Cutter,L,R,L,0.22111861577724712,1
3,132,2.486052865628462,0,Cutter,R,S,S,0.2409999925629538,1
4,64,1.520752717504652,0,Curveball,L,S,L,0.31952622433160477,0
6,35,3.8038704494662943,7,Changeup,R,S,L,0.6325286168376163,1
5,50,0.5522753343813323,1,Sinker,R,S,S,0.20711738686366832,0
2,69,5.610232049037655,6,Slider,L,R,S,0.6359119852722424,0
6,141,4.146866130415469,4,Fastball,L,S,L,0.5582348903868704,1
3,34,3.9709984637828333,5,Slider,L,S,S,0.5083455504661804,0
8,68,2.40356303640018,7,Fastball,L,S,R,0.7455700413953288,0
2,29,7.237387500253893,7,Cutter,L,S,L,0.6977526461862207,1
1,39,0.7238903347964216,6,Curveball,L,L,R,0.4512623094832556,0
9,89,6.958592071096251,3,Slider,L,S,S,0.20402017069809156,0
3,27,3.013641619327381,2,Cutter,L,R,R,0.626345868088835,0
1,53,7.0449881278001785,7,Fastball,R,S,R,0.2286356858177109,0
7,23,5.830091666659069,7,Sinker,R,L,L,0.3668323541631958,0
5,127,0.8333658132963064,4,Sinker,L,S,R,0.4958207178718957,1
5,43,6.652290292074829,1,Slider,L,R,S,0.2596047439960456,0
1,74,5.457414669596041,4,Slider,R,R,L,0.607562956968491,0
9,45,0.2584153033227876,2,Slider,L,L,S,0.3928214190233323,0
7,44,1.0696214568773597,4,Slider,L,R,S,0.4169964291428663,0
8,55,5.085024446685561,3,Slider,L,R,R,0.5889948920826681,0
9,90,5.3008040230422795,7,Cutter,R,R,S,0.4389451401155697,1
6,31,5.97321146270076,1,Fastball,R,L,R,0.3347418400682317,1
5,148,5.761963206199855,2,Fastball,R,L,L,0.306054869957741,1
6,135,5.2761596373596396,7,Changeup,R,L,L,0.6344251593175207,1
2,102,6.12991121397138,1,Curveball,L,L,R,0.6503509492519411,1
4,25,4.600685647138983,5,Sinker,L,L,L,0.3174201329888527,1
3,45,2.0863310841956393,7,Slider,R,L,L,0.3914039225289383,0
7,132,7.299012909845746,3,Sinker,R,L,L,0.7739648735283822,1
9,122,0.14571224745582345,2,Fastball,R,L,L,0.7905376093777712,0
5,139,2.9324937589719218,5,Curveball,L,L,R,0.5511847282389593,1
6,28,5.830962344777307,5,Curveball,R,S,R,0.6541673330694081,1
2,64,3.4172483291973945,5,Cutter,R,L,S,0.6489519380843551,1
3,33,0.19867525984011447,2,Slider,L,S,S,0.43733688408251953,1
3,131,0.5278472249297055,1,Changeup,L,L,L,0.229057306222768,0
9,74,5.189098953106309,4,Curveball,R,L,R,0.6444223282350896,1
7,34,7.718916795242397,4,Cutter,R,L,R,0.2814640294531573,1
8,56,4.4149090866759915,5,Slider,L,S,R,0.3742990596240664,1
9,146,4.0540625441901526,0,Fastball,L,S,S,0.3893261264811958,1
6,136,2.546601704450138,0,Changeup,R,L,L,0.4094552675360948,0
4,103,2.053525390928505,2,Slider,L,L,R,0.4794091282186443,0
1,91,0.16787985405027772,1,Cutter,R,S,S,0.500966416695975,1
8,115,2.1836389411237693,2,Sinker,R,L,R,0.4901143672269272,0
7,130,3.5928835269220194,1,Cutter,L,L,R,0.29771049089356444,0
2,124,1.5835982643916013,3,Cutter,R,S,S,0.5892817670637727,1
8,77,0.6987839078514337,0,Cutter,L,S,S,0.6741353223319142,0
5,114,5.741822938036821,2,Cutter,L,S,R,0.47704445626271325,1
7,137,7.156962152544537,6,Changeup,R,L,L,0.7029918338029444,1
4,25,7.494176557496685,7,Curveball,L,S,L,0.4665541077666072,1
5,23,4.943989827975915,3,Curveball,L,L,S,0.5409913669839688,1
8,62,0.42219666079425444,4,Fastball,R,R,R,0.24172985758993093,1
1,112,5.9269010396941875,0,Curveball,R,R,S,0.28810742057662786,1
1,61,0.880762442095091,1,Cutter,L,L,R,0.6603999416816817,1
4,22,5.3579849415025915,5,Curveball,R,L,R,0.34950706920439795,0
3,148,6.234926685983006,7,Sinker,R,S,R,0.2562659122228844,0
2,34,5.806917686611782,4,Sinker,L,L,S,0.5409484470950152,1
3,66,7.615070446089045,4,Curveball,L,L,S,0.25663517836994176,1
1,104,5.905170275739118,3,Cutter,R,S,S,0.6104444008131734,1
1,77,5.545678223854468,7,Changeup,L,L,S,0.6135047306389687,0
6,58,2.093945377464819,6,Cutter,R,R,L,0.4718347667821253,1
5,54,7.398149491487214,7,Curveball,R,L,R,0.6114602067476058,0
8,71,1.4363509663533351,2,Curveball,R,S,S,0.67962425997862,1
2,137,7.239172891785011,5,Fastball,R,L,R,0.31860518683711414,1
4,33,2.501300346767283,7,Cutter,L,L,L,0.5897199221702512,0
8,49,1.04130875102135,7,Fastball,L,L,S,0.6154083705900935,1
6,109,6.613464218169366,7,Fastball,L,R,L,0.3166707991309232,1
1,114,0.01996362880663316,2,Slider,L,S,S,0.6361259706470741,0
4,88,6.6567065414466455,3,Sinker,L,R,R,0.6317278833147572,1
1,146,2.0984947363678073,7,Fastball,R,R,L,0.29435157788669725,1
2,71,7.07777018204497,4,Sinker,R,S,L,0.3904565798589979,0
5,82,5.531833457932633,0,Curveball,R,S,S,0.7646914322717582,1
8,55,5.3294666628047205,4,Curveball,L,R,R,0.2426861015940949,1
8,110,2.922556505318747,3,Slider,R,R,R,0.3373680532187976,1
3,72,0.47522379112616786,4,Slider,L,L,R,0.5472804173422796,0
4,128,6.640584785644618,5,Cutter,L,S,R,0.7812204808370207,1
6,91,1.3672303614122239,4,Slider,R,R,S,0.3542869123287335,1
3,34,2.9780691351580177,7,Changeup,R,L,L,0.6900685849640308,0
2,132,4.802837484072654,4,Curveball,L,R,S,0.4204125308688777,0
6,88,3.8580299084849736,4,Curveball,L,R,R,0.41149159598200247,1
5,135,1.5892850813705444,0,Sinker,R,S,L,0.7976341674899401,0
5,23,1.1249308550582713,1,Slider,L,R,L,0.6903302316259459,0
5,94,0.9859701780023249,1,Sinker,R,S,R,0.3491172468322167,0
5,61,6.9040630519936075,2,Slider,R,R,S,0.3113912802707616,1
3,49,0.252476392490669,7,Curveball,L,L,S,0.25044856331186915,0
7,89,7.816114076799154,1,Slider,R,S,R,0.4896209193573946,0
6,35,1.5882295230833128,1,Cutter,L,S,L,0.40070542825445254,1
4,130,0.882578375032625,1,Slider,L,L,L,0.4284929458591931,1
2,123,4.615773238214361,7,Slider,R,S,S,0.458845600737978,1
9,126,0.639887663525573,6,Cutter,R,L,L,0.7946261185168937,1
1,142,4.8196261053087595,7,Cutter,L,S,R,0.20172353802623633,0
4,46,6.805013158508905,4,Cutter,R,S,L,0.45563869445608823,0
1,32,0.38318417173939867,6,Sinker,L,S,S,0.2389837863877498,0
6,92,6.398948836228353,4,Curveball,L,S,S,0.6038095463112496,1
4,105,3.1558195278569494,5,Slider,R,R,R,0.2302572793644529,1
5,50,1.2759250706496799,7,Cutter,R,R,S,0.660098742671448,0
5,22,1.4087718421396724,0,Cutter,R,R,R,0.7206710389220745,0
9,49,7.35011634955381,6,Curveball,R,S,L,0.7824809463446969,1
1,118,0.8848460155253157,4,Changeup,R,R,L,0.2725224044186053,1
2,118,6.934262296925256,4,Slider,R,S,L,0.7873348866003678,1
6,105,4.353956967868917,1,Changeup,L,S,R,0.44740145856528607,1
5,83,0.31244943053151264,0,Changeup,L,L,S,0.5795472913421369,1
7,137,3.7158091657387065,0,Cutter,L,L,R,0.20002852336967472,1
3,133,6.539596115810405,1,Sinker,R,L,L,0.42215529167801236,0
3,106,5.809622301112803,6,Curveball,R,S,L,0.4117379666839848,1
2,59,3.910259341477743,1,Slider,R,L,L,0.5022835033995354,1
3,44,6.880399037569736,0,Slider,L,L,L,0.27955544039492164,1
1,114,0.9629180942418376,3,Slider,R,S,L,0.6141115184311543,1
5,65,7.279528427138951,1,Sinker,R,S,R,0.5574215215338715,1
5,51,6.7715296678667904,1,Changeup,R,R,L,0.32749269648774815,1
7,116,5.666214605257888,0,Fastball,L,S,R,0.7901816684074685,1
4,35,6.543101937029994,7,Curveball,L,R,R,0.20335580993151806,0
3,37,4.350524054741328,6,Fastball,L,S,L,0.4015508419625051,1
1,94,5.401299432781335,3,Changeup,R,L,L,0.3570349123434493,1
8,20,4.484784565662231,5,Cutter,R,S,L,0.5360235757596681,1
3,144,2.8434282440635945,3,Fastball,L,R,R,0.7330397852817669,0
2,57,4.5508863788894205,2,Fastball,L,S,S,0.5946650917025654,0
4,64,2.0597226602554057,7,Curveball,L,S,R,0.22855659520079163,1
3,100,3.522233366726282,3,Changeup,R,L,L,0.7180389564939502,1
1,148,2.2462032580819455,7,Curveball,R,S,R,0.3590480329252873,0
3,51,0.9831023156911121,1,Cutter,L,L,S,0.26619458165067367,0
2,137,2.5748948511192493,4,Sinker,L,R,S,0.45953238290932624,0
8,59,6.815897745478165,0,Sinker,R,S,S,0.7392268339411547,0
6,93,3.0486461651384458,7,Sinker,L,R,R,0.2207502590731773,1
9,130,5.9840291917509525,5,Slider,L,S,S,0.5753967727260144,1
8,122,1.40158283390529,1,Sinker,L,L,S,0.3994980534334188,0
3,122,3.395353273341133,5,Sinker,L,S,R,0.5735437046813942,1
5,93,0.9188485546814125,0,Changeup,R,L,L,0.3598075930025132,1
7,133,1.1089685069399176,5,Sinker,R,R,S,0.7802576839453164,0
5,142,4.939491039120553,3,Sinker,R,R,R,0.2682981712231964,1
8,76,4.859854539592089,0,Cutter,L,L,S,0.2947963876311251,1
5,93,1.7069752588388978,1,Cutter,L,S,R,0.22740061232544695,0
1,102,3.795385554310389,7,Fastball,R,L,L,0.6769987036834966,1
5,98,6.9064493358235834,4,Curveball,L,L,R,0.256374085089261,1
4,149,1.393612069411863,1,Fastball,R,L,R,0.36597410962015786,0
6,112,0.15368426458811868,6,Fastball,L,L,S,0.3233607959290104,0
3,69,5.215961125308579,7,Slider,L,R,R,0.41212023431218664,0
5,48,0.42798566470947996,2,Curveball,L,L,L,0.6594689912713039,0
2,100,7.8395219085795675,0,Slider,R,L,R,0.7701152167664433,1
6,29,4.876962270391048,1,Sinker,R,R,R,0.7273220093808708,1
6,136,3.7631708227517784,3,Cutter,L,R,R,0.704699445510975,1
5,79,3.439940320194454,3,Sinker,L,R,L,0.4504824089533147,0
6,79,4.584565268135451,7,Slider,R,S,L,0.6810912209603976,0
7,77,0.7249954937617193,6,Cutter,R,S,R,0.6662905627660742,1
5,64,7.440152470555966,5,Fastball,R,R,R,0.34851841616571544,1
1,143,5.005136548415022,1,Sinker,L,L,R,0.3574372797782409,0
8,45,1.4718279808872703,5,Slider,R,L,S,0.4993962846200508,0
4,121,4.500648430117303,2,Sinker,L,R,L,0.7780865772513401,0
9,70,1.066052046664093,0,Curveball,R,R,R,0.2647410373714129,1
6,71,0.1404217404664969,2,Slider,L,S,R,0.7930398746969662,0
1,70,5.044135881711984,4,Cutter,R,R,L,0.2953577307214015,0
3,33,5.187866734961022,6,Changeup,R,S,S,0.49136626594353744,0
3,20,4.669572662427324,5,Sinker,R,R,R,0.3823831049812125,0
4,33,1.4678656348801846,1,Sinker,R,L,L,0.4518522371258399,0
6,100,4.827438867958136,5,Curveball,R,R,S,0.7747001180130466,1
7,22,0.45208752739615843,2,Cutter,R,L,L,0.5790813420081955,1
4,117,4.873906844575378,7,Sinker,R,R,L,0.3785071377436884,1
6,59,4.43213615286095,6,Changeup,L,S,R,0.5770562169706989,0
1,108,5.242038646712796,4,Sinker,L,R,L,0.47129249971104464,1
8,144,7.163804846019151,2,Curveball,L,L,R,0.76601596517203,1
7,114,6.802864841916293,4,Changeup,R,L,S,0.41170698309500464,0
9,28,7.84523353250031,6,Fastball,L,L,R,0.5506847725942444,1
3,113,7.8099282634926,3,Fastball,L,R,L,0.7096530436278976,0
2,103,6.178557546990021,3,Sinker,L,S,L,0.7753055233589772,0
1,40,7.651356977421824,1,Slider,R,S,L,0.6795008273492729,0
3,44,6.938271087112896,7,Slider,R,S,R,0.7613207734773628,1
5,121,5.820659599159783,2,Slider,R,L,S,0.4782652083631346,0
2,141,0.6030740371500416,3,Slider,R,L,S,0.6587003549446693,1
3,44,0.3923991061591021,5,Sinker,R,S,L,0.25678977833286887,0
4,122,6.700796540046162,6,Changeup,L,S,R,0.5562880514738975,0
7,76,3.9172468629735864,0,Curveball,L,R,L,0.20810177238245953,0
3,56,6.516853474999367,6,Curveball,R,R,R,0.35602791489657715,1
9,35,2.503346165241755,5,Slider,L,R,S,0.5993358183385493,0
8,56,3.1811988665841024,3,Fastball,L,S,R,0.3029372761317652,1
4,95,5.601493768095455,3,Cutter,L,S,R,0.3200854350328711,1
1,45,7.322613895456746,2,Slider,L,S,L,0.23703105215766368,1
1,39,0.7020917958310875,4,Slider,R,L,R,0.6484327940079175,1
1,122,6.89182515707685,0,Sinker,R,S,S,0.46876701519037023,0
1,48,6.344101799034922,0,Fastball,L,R,S,0.7327698059057792,1
8,50,2.5243141658388373,4,Cutter,R,R,S,0.41735552526628544,1
3,38,2.8417329130524767,2,Changeup,L,L,L,0.46115419704397,1
6,46,0.37169181777527704,3,Changeup,R,R,R,0.49695257193517567,0
3,113,0.12592488893374387,4,Cutter,L,R,R,0.7165460716421508,1
5,104,3.816049010861833,6,Cutter,R,L,L,0.3753118423156172,0
7,63,0.7643171639784843,6,Changeup,L,R,S,0.2309477407051899,0
2,132,1.5520145153217042,6,Slider,R,L,S,0.5763148348599154,0
6,93,6.774137596213309,0,Slider,L,R,L,0.6954205363639359,0
6,106,4.56822713000362,0,Sinker,L,L,L,0.5337544334954034,1
3,113,5.069059498128907,6,Fastball,L,L,S,0.3922868620804208,1
6,117,1.4998346466553603,6,Cutter,L,S,S,0.5782816205439403,1
5,75,6.629294435635356,6,Slider,L,L,R,0.7946019370429205,1
2,116,6.94383817951798,3,Slider,R,R,S,0.5444250607945585,0
9,117,4.186620749704347,3,Fastball,R,S,S,0.3891298502681234,0
8,53,7.300462175029279,1,Cutter,L,S,R,0.34616932818103147,1
3,119,6.758628999636653,5,Fastball,L,S,L,0.79893601573307,0
8,33,5.850593413395504,4,Fastball,R,L,R,0.7102531481869716,0
9,131,5.872607325549029,3,Changeup,L,L,R,0.3676913184263924,1
3,94,0.8431477916069063,1,Fastball,R,S,S,0.3574676550451412,0
3,116,2.166688301565326,2,Cutter,L,L,L,0.6822021162101829,1
2,140,0.5347777585414084,6,Slider,R,R,S,0.7953712090080882,1
8,74,0.06944967381046929,0,Slider,L,R,L,0.47936192596653204,0
1,136,1.266476251071281,4,Changeup,L,R,R,0.33635934342141577,1
8,112,7.04389746117552,5,Cutter,L,L,L,0.3382061563693962,1
7,56,1.9189924722884122,2,Slider,L,R,S,0.6784110038004998,0
7,45,7.761231700733774,4,Fastball,L,R,L,0.5630101588104495,1
3,86,4.778327996489649,4,Curveball,L,L,L,0.5802507532631247,1
1,103,1.898067901077523,3,Curveball,R,L,L,0.31659530282594406,1
4,37,3.9770464278737023,1,Curveball,L,R,S,0.2782840904315258,0
9,46,1.752758581600923,4,Curveball,R,S,R,0.20638450461549432,1
5,50,7.871788465458991,5,Fastball,L,S,R,0.7491213554777012,1
1,125,6.778119871239711,2,Slider,R,L,L,0.4129938501329352,1
5,148,0.20991031025863283,5,Changeup,L,L,L,0.6547856190494425,1
8,25,7.582208251739769,4,Fastball,R,L,L,0.7306748215671375,1
8,30,5.7685208584230985,7,Slider,R,S,R,0.559139193191313,0
5,37,0.6590500161702266,5,Cutter,L,R,S,0.45455424336873074,0
9,40,5.365101970611565,5,Slider,L,S,L,0.22320076158669877,1
1,38,5.175413583725484,6,Slider,L,L,L,0.40227690911128566,1
4,23,1.7503099664606676,7,Slider,L,S,L,0.3929764889736107,0
3,96,6.067573600060605,1,Fastball,R,L,R,0.5398079203004139,0
2,135,0.6965176265037369,7,Slider,L,R,R,0.6584402687727662,1
8,44,3.9155614498499824,0,Slider,L,L,S,0.6266606327359934,1
7,96,0.07938565730470337,7,Cutter,R,R,L,0.7219518883553329,1
9,68,7.749899911157971,4,Cutter,L,R,L,0.22810771788100606,0
2,84,6.012509054215275,2,Curveball,L,S,R,0.5630020514061491,0
4,102,1.2708166092772482,6,Sinker,R,L,R,0.31340436492739604,0
6,20,2.733392319610264,6,Fastball,L,S,L,0.7835231799965263,0
3,100,1.2844990224654103,0,Slider,L,L,L,0.4454670057383486,1
8,40,6.132939713034517,5,Curveball,R,L,L,0.5743132229066124,1
3,105,0.47117060342172135,0,Curveball,L,L,R,0.41094947021452116,0
2,34,6.7232532445097135,3,Fastball,L,S,L,0.33210578354205733,1
3,69,7.537570710685839,3,Sinker,L,S,S,0.6127254094429665,1
6,67,5.413023542450399,4,Curveball,R,L,R,0.7635555241450687,1
2,68,1.7037236000114735,6,Curveball,L,S,S,0.23568793885384992,1
8,127,2.8807207665084062,2,Fastball,R,L,S,0.6951442726889338,1
1,64,3.81791899847145,7,Changeup,R,S,R,0.40495567301248026,1
7,51,4.83699817761803,3,Curveball,L,S,L,0.27255406564865237,0
2,116,5.349304718493499,5,Cutter,R,R,S,0.6279644685441992,1
6,99,4.433717722551062,1,Curveball,L,S,L,0.24948169598358227,1
2,73,2.810511366574846,1,Fastball,L,L,S,0.6366419497424544,1
2,146,7.127338244519224,7,Fastball,L,S,R,0.4614784898879422,1
8,85,0.6511364641436659,5,Sinker,R,S,L,0.29884278766488104,1
2,128,3.7300484339479603,7,Changeup,L,L,S,0.2943153342730994,0
7,42,6.204518707739846,7,Changeup,R,S,S,0.6489214255015547,0
3,126,0.48698132233120717,0,Sinker,R,R,R,0.6969653382140137,1
8,70,5.642681734490409,5,Sinker,R,R,S,0.6113751220188153,1
7,91,6.5576929820266,0,Cutter,L,R,R,0.6325071243179182,1
8,122,5.286650388216418,0,Cutter,R,R,S,0.7088871461543935,1
7,99,0.10349513820284795,1,Curveball,R,L,L,0.45713208184887055,0
6,37,1.44109621705765,7,Changeup,R,L,R,0.3006098471583174,1
7,100,2.736904631135606,7,Cutter,R,R,S,0.4263620353603156,1
5,126,1.8695202851043673,3,Curveball,R,L,S,0.7875715768446161,0
7,88,7.701217121819419,5,Slider,R,S,L,0.4690933597210873,1
1,99,5.212751312910349,3,Curveball,L,S,S,0.7543340556790614,1
1,61,2.3757676588125625,4,Cutter,R,S,R,0.621640515711597,0
9,53,7.437579989323565,2,Curveball,L,R,S,0.642646730487816,1
5,67,5.924753595809495,1,Slider,L,R,S,0.31412744658336467,1
5,24,2.2768576946163357,6,Cutter,L,L,L,0.4212384560831524,0
3,135,3.031052555215643,0,Curveball,R,L,L,0.6394314092112994,0
5,136,1.5954308664316539,2,Cutter,L,L,S,0.5933387519388109,0
3,127,7.768591986126575,0,Sinker,L,R,L,0.7175642639276614,0
9,42,4.138371967120586,2,Sinker,R,L,S,0.3259947948520532,1
9,81,7.168453499983877,2,Curveball,R,S,S,0.6489853988222898,1
6,32,2.7719981681347816,3,Fastball,L,S,R,0.22366578408526722,1
1,39,6.886732824779806,6,Cutter,L,S,S,0.37988027073157093,0
7,111,0.43109478741731166,4,Cutter,L,R,R,0.578296200192951,1
7,127,7.856722540194304,4,Sinker,R,L,R,0.7880268033971403,1
4,127,7.296274936266421,0,Sinker,R,L,S,0.793624068371112,1
8,52,2.9056235582132395,1,Cutter,R,R,L,0.4634890225550539,0
6,83,6.197777322516619,4,Cutter,L,R,S,0.6588057913645422,0
4,49,6.018063411790608,1,Sinker,R,S,S,0.5602985555833179,1
4,127,7.210038376823453,0,Curveball,R,R,L,0.6254576342085632,1
2,92,2.458039849030489,1,Changeup,R,S,L,0.639168623976071,0
2,128,3.724160042513196,2,Curveball,L,S,R,0.5283910427058253,0
4,119,6.919996900848425,2,Slider,R,L,S,0.6883626715526776,0
5,33,6.228635633081728,0,Fastball,L,S,L,0.5506960436366701,0
8,38,3.1477337499222333,1,Curveball,L,L,L,0.2603693767446733,1
6,90,6.765801863296977,7,Curveball,R,S,R,0.7935223615106701,1
4,78,0.3756323138592119,7,Cutter,R,L,S,0.3823115051212345,0
7,116,6.256370423703921,7,Slider,R,R,L,0.7785126534277655,1
8,63,1.654126875469605,6,Cutter,L,L,R,0.3755715146606222,0
2,130,2.2889672625902975,6,Sinker,L,R,R,0.7118912285370167,1
7,30,3.945718748764749,1,Cutter,L,L,R,0.6137515706476095,0
2,125,3.5978760085597914,0,Changeup,L,R,R,0.4141220599680558,0
2,21,4.164560854959047,6,Fastball,R,R,S,0.7628024282017345,1
8,144,4.358204765376191,4,Changeup,R,R,S,0.54988786056905,1
2,113,2.6522215282519754,3,Cutter,L,S,L,0.6978576031743611,1
9,112,1.40182010413624,7,Fastball,L,R,L,0.6781642778771804,1
1,23,6.147849834298448,4,Curveball,L,L,L,0.22783048495261288,1
9,82,3.1998091926971366,5,Slider,L,R,L,0.3613166993063933,1
1,48,4.046726899672472,3,Changeup,R,R,L,0.4833294022921922,1
2,38,5.157573746808945,1,Slider,R,L,R,0.759812192539193,0
6,110,7.277103378453248,3,Cutter,R,R,S,0.23747674368411836,1
6,48,5.6604226491217595,6,Fastball,R,L,R,0.3113862062104285,1
1,135,0.3636738047230761,3,Sinker,L,R,S,0.5747140683762264,0
7,89,6.708482907184141,1,Curveball,L,L,R,0.5916198012951673,1
8,142,7.914840121020153,2,Fastball,R,L,R,0.29838896239735485,1
2,42,3.779880202971057,3,Sinker,R,R,L,0.768980175938272,0
8,65,7.7567226916368055,6,Slider,R,R,S,0.30610127833424594,1
9,27,4.3786299387451955,6,Slider,R,R,S,0.3094062430760939,1
6,85,3.6769279669755983,7,Curveball,R,R,S,0.5813285757912963,1
5,119,2.6512381178196405,0,Sinker,R,R,L,0.4528782043159595,1
9,80,5.260439006666711,4,Sinker,L,R,L,0.21560699516870338,0
9,131,1.8385633642003567,1,Curveball,L,S,L,0.7523053229023962,1
1,71,0.8394737481152346,1,Fastball,R,R,L,0.24508511503376973,0
3,55,0.21789682067371263,3,Changeup,R,S,R,0.29379035935208764,1
9,131,2.33904090172211,2,Fastball,L,S,S,0.7382624049650071,1
2,106,3.166166657336306,2,Slider,L,S,L,0.36518703489024884,1
4,104,4.416613570249982,4,Fastball,R,R,L,0.6906073740989578,1
4,32,2.3419986014960514,4,Cutter,L,L,L,0.30242860885052725,0
2,66,7.87247657908329,6,Fastball,L,L,L,0.22891052063531908,1
3,109,2.3339613459293407,2,Fastball,L,L,S,0.340838422731886,1
3,41,3.5278031075712697,5,Sinker,L,R,R,0.6452094996945515,1
1,77,0.8262093242552027,2,Cutter,L,L,R,0.5975559581064298,0
6,49,2.085012106696605,2,Slider,L,L,L,0.38637165317909494,1
8,125,0.3866571183119287,3,Curveball,L,R,R,0.5800879411304802,0
3,93,4.476069067498624,6,Fastball,L,R,L,0.5989896463589239,0
5,113,6.0085174650594535,0,Changeup,L,S,L,0.538809546713924,0
1,90,1.5656785146885435,4,Sinker,L,R,S,0.7613145330541751,1
7,26,2.943287502528566,5,Sinker,R,L,R,0.676172481106279,0
1,84,0.13292981381728453,5,Curveball,R,R,R,0.6895845478609548,0
9,65,6.7161764457776965,7,Changeup,L,R,L,0.45553660828906317,1
8,37,6.239708199453356,1,Fastball,R,L,S,0.6103396567773707,0
7,27,0.506032246994339,2,Changeup,R,L,L,0.3100107617502974,0
7,93,2.9189408745632903,2,Sinker,L,R,S,0.3775729429410801,1
5,121,7.642292910795963,7,Curveball,R,R,R,0.5014517207372118,1
5,98,3.1362164486318163,0,Changeup,L,R,S,0.6897498641134858,1
5,98,4.2096694137921284,6,Changeup,R,L,R,0.40215927882583064,1
1,140,2.8419428880828415,2,Curveball,R,S,R,0.4638891550326839,0
8,82,4.769051105026095,7,Curveball,R,R,R,0.7744048341748155,1
1,59,7.8252550050945775,4,Curveball,L,R,L,0.37045878970050056,1
4,103,7.9800200278495765,5,Sinker,R,R,L,0.5708391685028058,1
9,34,6.197719824089529,2,Curveball,L,S,S,0.2603262097878829,1
9,118,3.2344887841635144,0,Cutter,R,R,L,0.4470056331793229,0
5,140,3.9554576066319065,7,Fastball,R,S,L,0.39805397729526104,1
4,82,2.8538506248984437,3,Sinker,L,R,S,0.20784327819610193,1
3,147,7.8845970392347695,4,Curveball,R,L,R,0.5511263728330756,1
3,131,5.66208244660323,3,Slider,L,S,S,0.3988533013269776,1
5,130,3.59145156346809,1,Changeup,L,L,L,0.3510043781783561,0
1,51,0.09692216087681871,0,Curveball,L,R,R,0.7355581669240263,1
5,64,4.163867315124387,1,Curveball,L,L,S,0.3377722053996417,1
6,141,7.871425613612943,7,Fastball,R,S,R,0.4432913627124149,1
7,101,4.184487271784415,1,Curveball,L,R,L,0.7696573832982505,0
9,32,1.4594134839129094,5,Sinker,L,L,L,0.2481842000929698,1
3,43,0.17674997683819882,1,Cutter,L,S,S,0.763060816053837,0
2,33,2.8376300649936725,1,Slider,R,S,R,0.43412886322001676,0
3,89,7.345824445572855,0,Slider,R,S,L,0.6745565446586808,1
9,81,7.972432865407048,7,Curveball,L,L,R,0.41353816239298524,1
7,139,7.562943798496021,3,Fastball,R,S,S,0.44933023145247475,1
9,108,5.835359946034054,2,Sinker,R,R,S,0.4626671591406942,1
2,20,4.465141827525242,1,Sinker,L,R,S,0.7680850601659679,0
5,145,4.725489171058016,5,Curveball,L,S,L,0.5301526440442645,0
4,51,4.311936072735687,6,Changeup,R,S,L,0.33012567183075825,0
2,51,5.656394439383907,2,Sinker,R,R,L,0.5669066104412593,0
9,75,3.3509858135628194,5,Sinker,R,R,L,0.7336827009086875,1
9,110,5.353632039646124,7,Sinker,R,S,S,0.32862858044176346,1
6,23,0.9728969196576083,2,Slider,L,R,L,0.4025329883058322,0
6,42,2.12556245249187,1,Sinker,R,S,L,0.5428777800369867,1
8,48,6.688024310469036,7,Changeup,R,L,L,0.7923547806030768,0
6,117,7.229991445947129,4,Cutter,R,S,S,0.4792153860269486,0
1,49,4.312065900482398,6,Slider,L,S,S,0.5506094147159347,0
4,109,0.2530849377034592,2,Slider,R,L,L,0.281185100975166,1
7,86,7.415788566334145,7,Cutter,L,S,R,0.654893060860627,0
2,120,5.616514064218292,4,Changeup,L,S,R,0.3319224841318791,1
9,77,3.3122233900428864,3,Curveball,L,L,L,0.39675294298473485,1
8,44,4.787031545595971,2,Fastball,R,R,L,0.6257390041726645,1
8,42,3.438198675530929,0,Changeup,R,R,L,0.6275988082718635,0
7,148,3.7227138138564078,5,Cutter,L,R,S,0.3912799526165625,1
4,116,7.094478925275213,6,Sinker,R,R,R,0.7101900282590587,1
2,147,1.2886739753368923,7,Sinker,L,R,S,0.6768231528019432,1
3,100,0.8293530838578942,7,Cutter,L,L,R,0.5694673998052094,1
6,23,0.02182995610412597,3,Sinker,R,L,S,0.3072184711861502,1
5,65,2.5120030048970134,3,Cutter,L,S,S,0.7429279814231431,1
8,28,1.179310131875419,7,Slider,L,R,L,0.5164528922376403,1
6,52,1.7598839611048893,6,Curveball,R,L,L,0.4258424567788073,1
6,103,0.08991186132301543,4,Slider,L,L,L,0.7563682792946693,0
1,84,1.8175633175016257,7,Slider,R,R,S,0.7829836211680077,0
4,125,2.6616926554589915,7,Slider,R,L,L,0.6303156663532838,1
5,53,0.2525399712790506,1,Cutter,L,S,S,0.674825465577511,1
3,104,4.8632329943771815,5,Changeup,L,S,S,0.34805885732157743,1
9,107,4.550402791070064,0,Fastball,R,R,L,0.35527729856057766,0
1,74,0.7762862280794005,6,Fastball,L,R,L,0.5415198102384817,1
6,36,4.760078220147208,6,Curveball,R,R,S,0.7899218805553496,1
6,23,7.989231348871021,0,Curveball,L,S,R,0.6459346336730516,0
5,26,7.555751622492325,4,Cutter,R,L,R,0.647594287829433,1
5,45,0.021367946941306393,4,Fastball,L,S,S,0.35455848692083,0
5,43,6.363026490642877,3,Changeup,R,R,L,0.4518691973571737,1
6,29,2.8288422098918877,6,Cutter,L,L,L,0.4055177645755498,0
8,32,0.5092109626770194,4,Curveball,L,S,L,0.38135462333448567,1
2,144,2.3678657097296645,1,Cutter,R,R,S,0.6386608492880463,1
6,58,2.5738921305036984,3,Curveball,R,R,L,0.2599124676569478,0
1,38,4.185953914472455,3,Fastball,L,L,R,0.29926532124296024,1
4,95,5.288670138150837,7,Cutter,L,S,R,0.44737745539191465,1
3,71,5.992444897667264,3,Slider,L,L,L,0.3816367494433639,1
9,139,1.9672243405061334,0,Sinker,L,L,S,0.742022671045443,1
3,65,2.574164561987976,7,Curveball,R,S,R,0.32026602994704917,0
6,94,2.4670536548778816,5,Slider,L,S,L,0.34930586482121595,0
1,143,2.9018949449670117,5,Curveball,L,S,L,0.3068508967913128,0
6,67,7.99725047165071,0,Slider,R,L,R,0.7150101108813871,1
4,81,6.223546422619407,3,Fastball,L,L,S,0.32123537580535155,1
8,77,7.799923722149576,1,Fastball,R,S,S,0.4112468803992952,1
9,37,5.544888476376458,2,Changeup,L,S,R,0.6015868023712939,1
4,127,3.2501656131782743,3,Changeup,R,L,S,0.24657909492896438,0
6,67,3.1179534690157995,4,Changeup,R,S,L,0.6899894770994734,0
1,82,3.908649159800361,6,Cutter,L,R,S,0.6237503900774131,1
4,31,3.334958266915499,7,Curveball,R,S,R,0.35662258258638324,1
7,53,6.626609968741966,6,Cutter,L,R,R,0.43507673808855857,1
1,121,3.720016104213543,7,Changeup,R,R,R,0.5720421980822726,0
8,106,2.364914881686768,7,Curveball,R,L,L,0.7678744736803416,1
6,44,6.1988821495732145,5,Cutter,R,L,L,0.5775562782645558,0
5,68,6.835363275051157,6,Fastball,L,L,L,0.3518238492301744,1
9,97,3.363431649123611,2,Curveball,L,S,R,0.4894980541046055,0
2,74,5.342468575244256,0,Changeup,R,L,S,0.4697688513466172,1
5,37,0.47043627110643804,0,Fastball,L,S,L,0.5195644383297351,0
6,54,4.235718815771733,2,Curveball,R,L,R,0.5114293156036092,0
7,26,0.3598491019640644,5,Cutter,R,R,R,0.4184314149586968,0
5,32,0.2335267239557446,5,Sinker,L,L,L,0.7230959279053568,1
9,145,4.903398804181912,7,Sinker,R,R,S,0.3980667232258175,1
1,131,2.426683059159897,4,Changeup,L,S,L,0.5179714051687568,1
7,88,5.940297299643723,0,Cutter,R,L,S,0.3565178713029947,0
7,119,7.168660485060737,0,Fastball,L,L,R,0.4608809976298363,0
4,109,1.1151293898428056,3,Fastball,R,R,R,0.6088345661473411,1
9,61,5.796182708631391,1,Fastball,R,L,R,0.6547136655205168,1
5,128,4.116159986306746,4,Curveball,R,S,S,0.6837333323425581,1
4,129,0.8969540013015909,3,Changeup,R,R,L,0.6420947460196839,1
7,45,5.212740851845798,6,Sinker,R,S,L,0.48005320869363316,1
4,95,4.875734424851783,1,Fastball,L,S,S,0.222481033174694,1
3,51,4.12513493920626,6,Cutter,L,R,L,0.5146952405050893,1
9,110,7.411769636477264,0,Changeup,R,S,S,0.23309040234916828,1
8,144,4.168637568832132,7,Sinker,R,L,L,0.7798699165456713,1
1,145,7.9241209236017,1,Cutter,L,S,L,0.42677389480877553,1
7,71,4.073830510784888,0,Cutter,L,L,S,0.5022027955354256,1
9,122,0.9268163064109407,5,Fastball,R,R,L,0.2777281899939758,1
8,124,3.7637700086002432,3,Changeup,R,L,R,0.7974337290707563,1
8,33,1.45863010044057,7,Slider,R,S,R,0.4953210970264553,0
6,123,4.777067881739418,0,Curveball,R,L,S,0.3789739808244875,0
4,136,5.545057401548809,1,Slider,R,S,L,0.31582920045095836,1
8,67,3.7474822296567494,3,Curveball,R,L,S,0.5899584484933726,1
3,112,0.7816237414651859,1,Changeup,L,R,S,0.461779544893879,1
9,129,3.7491311886684233,1,Sinker,R,R,L,0.39039799727814306,1
2,72,0.6516337178752032,2,Fastball,R,L,R,0.205785557362699,1
2,22,5.457007644052272,0,Changeup,L,R,R,0.22183821448497398,1
7,87,6.3229457989207,0,Slider,L,L,L,0.6161678782746844,1
4,71,7.699042617816312,1,Cutter,L,S,R,0.4883242797803363,0
8,115,1.1904168570276514,6,Curveball,R,L,S,0.7093342486758589,1
9,50,4.259362684266433,5,Curveball,L,S,S,0.6521170816479935,1
7,85,4.540298940283349,0,Slider,R,L,S,0.5440642739020665,1
5,110,7.379812270247838,4,Fastball,L,S,R,0.536594526463578,0
8,88,5.018213124772114,5,Changeup,L,R,L,0.6472069676404568,1
4,106,1.1640771651625688,5,Slider,L,L,L,0.6446973914170377,1
2,52,3.4908105917055137,5,Changeup,R,R,S,0.4007104842306999,1
6,87,5.238100228050004,0,Fastball,L,R,S,0.26319167249539344,1
9,107,5.602275456554379,5,Cutter,L,S,S,0.6630969358761125,1
1,114,6.904591988724588,5,Changeup,L,R,R,0.33386356297713105,1
7,127,1.4440569587551773,3,Fastball,R,S,L,0.6747590494181519,1
9,72,7.612337174043987,0,Slider,R,R,L,0.5708550340454722,0
9,93,0.473115296124738,5,Sinker,R,R,R,0.41477605770391757,1
3,68,7.870097076551216,6,Cutter,R,L,L,0.7113643576522812,1
5,132,6.862136742931268,4,Cutter,R,L,S,0.6147011290134923,1
8,133,5.28218226209737,5,Cutter,L,S,L,0.5270649614355263,1
8,114,5.879964002115373,1,Curveball,L,R,L,0.380539970477608,1
4,44,0.5815360473503715,7,Sinker,R,R,R,0.7917683630903567,1
1,127,0.33183890315561904,7,Fastball,L,L,L,0.7031243080837544,1
1,88,0.8141263724109242,0,Changeup,L,S,S,0.2819454425355393,1
4,103,0.6988785173131022,7,Slider,R,L,R,0.6837372588005726,0
6,104,4.379049867755481,3,Cutter,R,R,R,0.2721131605372869,1
8,138,1.723551896894313,4,Cutter,R,S,R,0.34864863820239844,1
6,91,6.881645097653812,2,Cutter,L,R,S,0.7745298581567079,1
9,39,3.5659889845445774,1,Fastball,R,L,L,0.7219428345271097,1
9,46,5.564083811666199,1,Slider,R,S,R,0.5636020595917313,0
2,27,5.222984743761279,7,Fastball,R,L,S,0.6194769006941792,0
1,104,2.5588243114376805,1,Slider,L,R,S,0.2537656818705205,0
2,80,1.9453405882058323,7,Changeup,L,R,S,0.3994243141127564,0
5,22,2.7396502823730815,4,Curveball,L,L,L,0.39345477038134424,1
4,26,6.3732669907987,0,Slider,R,R,S,0.21960132451964154,1
4,23,4.690214787356948,0,Sinker,L,L,L,0.6224611440054366,0
9,144,2.0283093001534027,5,Fastball,R,L,R,0.3845325435871557,1
8,34,6.542771544483442,7,Fastball,R,S,R,0.5798555984815307,0
6,32,0.43807508888245383,7,Fastball,L,R,L,0.21633443485560563,1
1,137,5.593466999922363,5,Curveball,R,R,S,0.20098609121002586,1
2,26,3.512806445994487,0,Slider,L,L,R,0.3020041186128362,0
6,123,5.850323088527106,6,Slider,R,S,L,0.6217319675462873,1
2,25,7.419690241947414,7,Slider,R,L,S,0.5625028723719204,1
5,83,6.000272783575231,7,Slider,L,R,R,0.3205437789809844,1
5,49,3.535722842491059,5,Cutter,R,S,L,0.5140243508347702,0
6,41,1.207805452111046,6,Cutter,L,S,S,0.571532324984009,1
6,137,6.4508078064434695,0,Sinker,L,L,S,0.7633669236178726,1
6,103,3.6856442153709725,7,Fastball,R,L,S,0.6574554505319132,0
2,109,0.6024985876570383,1,Cutter,R,S,L,0.28150002931930496,0
3,140,5.752443182214928,2,Slider,R,R,L,0.3621380300614687,1
6,125,2.3348157273327175,1,Slider,R,R,S,0.44209174434522375,0
8,88,0.39110583604148186,6,Cutter,R,S,S,0.2631743599700109,0
1,114,7.222008119792622,5,Changeup,R,L,S,0.5332140044832735,1
1,96,3.8648087367512804,2,Sinker,R,L,S,0.7442557102493208,1
2,20,2.2476884253841725,7,Fastball,R,R,S,0.3838266214206846,1
6,81,5.7310924630792925,2,Curveball,R,R,S,0.79078753574335,0
9,37,7.08721902146051,0,Sinker,R,S,R,0.3495904838792144,1
4,67,0.002456600270043907,3,Fastball,R,R,S,0.4833598346933922,0
3,20,5.50281748033723,4,Fastball,L,R,L,0.4058210281083994,1
8,126,6.136093552147371,3,Fastball,R,L,L,0.384868868361235,1
9,149,1.6794194182359439,2,Sinker,R,L,L,0.4267224808309733,0
5,57,3.9169906512813952,3,Sinker,R,R,L,0.21944722217189366,0
9,59,0.7142871913434865,5,Cutter,L,L,R,0.5192062040173779,0
2,101,5.973999060122781,2,Fastball,R,L,R,0.644845761312475,0
3,35,6.77964814850682,1,Slider,L,L,L,0.7182754929218071,0
7,146,0.8654932585972848,5,Fastball,L,R,L,0.39461311994280435,1
7,136,6.5316820274626775,1,Slider,R,L,L,0.5302425427474515,1
6,112,6.172561363876269,5,Cutter,R,R,L,0.7356776165422503,1
6,22,2.7753065629671783,0,Cutter,R,R,L,0.6799233399970077,1
2,33,5.522316239468666,6,Fastball,L,S,R,0.4784450036136665,1
6,85,0.00038499115449397436,5,Sinker,L,S,R,0.29890775354689614,1
4,114,7.454381235727989,4,Slider,L,S,R,0.5349815378703238,0
3,105,4.403065882466983,7,Slider,R,R,S,0.7938177168218892,1
2,133,4.962710912495996,1,Slider,R,S,L,0.6545003683082986,1
1,148,5.317275308312789,5,Slider,L,L,L,0.7088135597429814,1
5,34,4.490952137746934,4,Curveball,L,S,S,0.313256983322269,1
2,56,6.854111100315705,7,Cutter,L,R,L,0.7423347402186471,1
2,46,4.8776146572123515,7,Slider,L,L,S,0.20847356903795944,1
7,31,7.262079929923781,0,Curveball,R,L,S,0.7173269773099304,1
8,86,4.658652977872071,5,Curveball,R,L,S,0.3434724516130263,1
8,49,1.3689793758445328,6,Cutter,L,S,S,0.5736279632380834,0
4,115,7.308500446714423,4,Changeup,R,S,L,0.37583123529259344,1
1,53,5.453019986878214,6,Fastball,L,S,S,0.28117757110469405,1
7,51,5.593911955484449,5,Cutter,L,S,L,0.3482587815582846,1
1,136,7.883854004572814,1,Changeup,R,L,S,0.48375697202325024,1
4,58,0.6015724336766333,7,Sinker,R,R,R,0.7517968370077812,0
8,115,3.4287408567613706,1,Fastball,R,S,L,0.43340236369358537,0
2,62,1.9127631438929216,3,Fastball,L,R,S,0.23352172577068536,0
6,100,5.043411717709257,3,Fastball,L,L,S,0.2142607526847431,1
6,22,6.454493469984575,5,Curveball,R,R,S,0.3259223616054354,1
9,93,7.730485671139301,3,Slider,R,R,R,0.23121732091041772,1
5,136,3.6367688556377606,5,Fastball,R,S,L,0.42267762407132903,0
4,82,6.289745845140834,7,Slider,L,S,R,0.43055178335138933,1
5,130,7.3364127363230365,7,Fastball,L,L,R,0.7832844730101107,1
5,59,5.466603460287078,5,Curveball,R,S,R,0.3837407455694456,1
8,37,1.9418604195981697,6,Sinker,R,R,L,0.5593604802340331,0
8,86,4.862833208862331,4,Fastball,L,R,R,0.6912942219124545,1
2,122,7.759616382537493,1,Cutter,R,R,L,0.5078137200958923,0
7,65,7.900430630892523,7,Changeup,L,R,L,0.6179428496966939,1
8,74,5.138878589734225,0,Fastball,R,S,S,0.7846333055922283,1
6,94,7.095902062975914,2,Changeup,L,L,R,0.39449139447030845,0
5,116,1.6027949107888224,1,Changeup,L,S,R,0.24452634583963034,1
9,45,1.9686288396177343,7,Curveball,R,R,R,0.458188790440255,1
3,41,7.623100903078877,3,Sinker,R,L,L,0.5243801455913903,1
4,45,1.0818830039584633,5,Changeup,L,L,L,0.5479918512118023,1
9,92,1.5288515047478315,3,Curveball,R,R,L,0.643137562691608,1
6,134,3.3643887929604137,4,Sinker,R,R,R,0.7388510123758656,1
8,70,4.716674302026803,3,Fastball,R,S,L,0.5000991570828706,1
7,132,4.830537751746173,4,Slider,L,L,L,0.28604342278580297,1
2,31,2.335808069324515,0,Curveball,L,L,L,0.4420450585020154,0
3,22,7.364911183602786,5,Changeup,L,S,S,0.2932216391496979,1
1,139,7.320799260862902,3,Changeup,R,R,L,0.30938189321267284,1
9,101,3.1365444244189797,4,Fastball,L,L,R,0.2010198332036661,0
7,64,3.474334155442377,3,Curveball,R,S,L,0.7578273006409977,0
1,146,5.619976934591294,4,Fastball,R,L,S,0.6471559462845584,0
3,105,5.303967171191206,6,Curveball,L,S,L,0.26016562772787905,1
4,134,3.058376119687699,5,Slider,L,L,L,0.7520638618894533,1
4,28,3.3139540121680273,5,Cutter,L,R,S,0.722215002360755,0
5,31,2.7843115473723117,1,Fastball,R,R,R,0.745934010666863,1
3,135,1.883080055626463,4,Changeup,R,L,S,0.258388365506444,1
3,107,3.6651069033931174,2,Fastball,L,L,L,0.24793585868907342,1
1,81,5.4914730552203235,0,Curveball,R,L,L,0.2406411582310406,0
7,123,5.935733642514344,1,Fastball,L,S,L,0.7801533542375789,1
1,92,6.230989186047701,0,Slider,L,R,L,0.5962819994138971,1
2,96,2.9978561076249717,1,Curveball,L,S,R,0.30678924928906864,0
4,59,6.117087954279789,3,Sinker,R,R,L,0.7574956912159769,1
4,36,0.05213052553500219,4,Changeup,L,R,L,0.465899023837195,0
5,138,3.8163995017350576,3,Changeup,L,S,S,0.6712681859444354,1
2,145,6.3512352010615265,0,Curveball,L,R,R,0.5817129406670176,1
4,43,5.0403577651308265,5,Sinker,L,R,S,0.5897928770084065,0
1,21,3.7925049932360615,7,Slider,R,L,L,0.46383748248699513,1
2,111,5.1571360528507935,0,Fastball,R,S,L,0.4369701412115667,1
1,136,7.255568025189311,1,Cutter,R,S,L,0.2971523148120947,0
4,72,4.531054404881659,0,Changeup,R,R,R,0.24246842177704395,1
4,65,6.39828953168085,7,Slider,R,S,L,0.7567949007550903,1
7,64,7.8459418018015805,4,Slider,R,R,S,0.7619742188194005,1
9,28,5.644545616604534,0,Slider,R,R,S,0.584778778227502,0
9,25,4.586606111112508,3,Fastball,L,S,R,0.4328367713819802,1
5,70,0.29988757700272206,5,Slider,L,R,L,0.21505400502236757,0
1,138,2.9958231860367004,4,Slider,R,L,L,0.4685936851590739,1
1,54,4.5235418681209465,0,Curveball,L,S,L,0.5953852031183788,0
6,101,6.37765257364826,2,Curveball,R,S,R,0.3801721105790201,1
2,44,3.50483831718061,2,Slider,R,R,R,0.405462357003764,1
8,36,7.680466206118187,5,Slider,L,S,L,0.4833940457460319,0
9,55,2.174350020989399,3,Curveball,L,S,S,0.49695065295074126,1
4,115,5.956537561682532,1,Fastball,L,L,R,0.6457188844339481,0
5,40,3.35225133667302,1,Curveball,L,L,R,0.4998567428343574,1
8,37,3.887907956527247,5,Curveball,R,S,S,0.7071648278537463,1
3,20,6.420016270923522,0,Curveball,L,R,S,0.4896659200220446,0
5,70,2.3697220932136442,4,Curveball,R,L,L,0.21914715304925336,1
3,98,0.7744964527611451,5,Cutter,R,L,L,0.2848436693281986,1
3,55,4.162044676907417,1,Changeup,L,L,L,0.6308970752126384,0
3,81,4.23035689442999,2,Fastball,L,R,L,0.47111703536134386,0
7,148,6.37734217780299,7,Sinker,L,S,R,0.47673045998915947,1
7,104,7.746553649856814,1,Fastball,R,S,S,0.7868040819831021,1
7,61,0.44240549062678713,2,Slider,R,L,L,0.5428769561492637,0
8,20,4.733515789944871,1,Cutter,L,S,S,0.2701522067399822,1
5,73,5.450228242518399,3,Slider,L,L,L,0.4602526276010522,0
5,119,7.886410805988174,5,Fastball,R,L,S,0.5367951755940381,1
4,58,7.540721714215293,7,Fastball,L,R,L,0.22247937889909256,1
7,26,5.69960611769582,4,Sinker,L,R,S,0.4187659129217581,1
4,140,4.174315289955727,7,Sinker,L,L,L,0.7806908791503195,1
2,64,1.2921913783940902,5,Slider,L,R,R,0.6507819328103912,1
4,93,3.073412441635339,6,Changeup,L,R,L,0.4232915405861648,1
8,139,4.680978600457235,0,Slider,L,R,S,0.35726706131775865,1
9,91,5.80160317276603,2,Changeup,L,S,L,0.3698914383311591,1
3,65,5.083196459832898,1,Changeup,R,S,R,0.6970487314070009,0
7,142,5.71298241462193,0,Curveball,L,R,R,0.44097618716188924,0
9,137,3.4332200364151815,2,Fastball,L,S,L,0.7059048957838852,1
4,94,5.821018324568072,5,Curveball,R,L,S,0.7452461929732646,1
3,25,1.1499300481577537,2,Fastball,R,L,S,0.47851950311193553,1
5,40,1.3006904941049084,3,Curveball,L,R,S,0.7671634566467818,0
1,122,1.3026571666357025,7,Changeup,R,R,S,0.3799708344393483,1
3,107,7.1269196562862085,1,Curveball,L,S,R,0.3560123535494524,0
8,118,0.6082725064690759,6,Cutter,R,R,R,0.2643811850569784,0
8,81,6.412066981867807,5,Curveball,R,R,L,0.3474824411321411,1
4,126,1.8685671843738971,6,Sinker,R,L,S,0.6635922143579003,1
2,102,3.7474395239620053,0,Sinker,L,L,L,0.44227257440194845,1
8,75,7.327652763725424,1,Curveball,R,S,R,0.2888977282894795,1
8,41,4.687497837500054,5,Curveball,L,S,L,0.26421890505905254,0
4,87,1.6809414898588688,6,Cutter,L,S,L,0.4941450120147149,1
3,29,2.272720482550457,1,Fastball,R,R,S,0.5236126515131572,0
2,85,7.3635729911662855,4,Curveball,R,R,R,0.6767330020074354,1
9,27,3.4171514008798267,2,Fastball,L,R,R,0.6288848517755365,0
1,142,4.6958838640543155,6,Sinker,L,R,L,0.3002689777703357,1
7,57,3.67945757300311,2,Slider,L,L,R,0.3661323032810305,1
5,142,3.0275047043875967,4,Changeup,R,S,S,0.6162585297240639,1
8,81,1.7862330154592154,4,Slider,L,S,L,0.3083436729950785,1
4,64,5.489532003876817,1,Cutter,R,L,R,0.6819345951942091,0
7,84,5.745936210176963,2,Cutter,L,L,S,0.5944145678226791,1
5,86,2.199080732859196,0,Fastball,R,R,R,0.5218053882642075,0
5,125,6.312086744438643,3,Fastball,L,S,S,0.5865534090669104,0
9,101,6.836281602413436,5,Curveball,L,S,L,0.25982938811725503,1
9,77,7.365400769917043,4,Slider,R,L,S,0.5288132248555542,0
9,88,1.2896993113469595,0,Fastball,R,S,R,0.4707798474782144,0
6,108,2.431389468906131,0,Sinker,R,L,L,0.507778977616319,1
6,83,6.882826780029565,1,Fastball,R,S,R,0.4026001765550874,1
5,91,1.5883216226231518,4,Sinker,R,L,L,0.4809061693494185,1
9,36,0.02774767394796296,0,Fastball,L,R,R,0.729949853746716,1
8,92,6.966618482013076,3,Changeup,R,S,L,0.40691216537567165,0
7,89,2.611595534010955,7,Fastball,R,R,L,0.22696137092478094,1
7,132,3.3159802011116,7,Changeup,R,L,S,0.35388894471950155,1
6,40,3.5706722057651037,0,Cutter,R,S,L,0.4726181376983406,1
5,26,6.786196805337828,3,Curveball,R,S,L,0.5200943369940547,0
4,130,2.703137156747683,6,Slider,L,R,S,0.45628881730250825,0
3,46,7.138239086851854,3,Fastball,R,R,L,0.6959672905016503,1
3,27,4.935513104384384,3,Changeup,L,L,R,0.7491037507318916,1
6,47,4.218293792269474,4,Fastball,R,R,S,0.4920804403559771,0
4,66,2.6049160570196994,6,Fastball,R,S,S,0.24552787246945326,1
6,105,1.9496935702494866,3,Changeup,L,S,L,0.452592398795472,0
3,29,4.992467542218789,4,Fastball,R,S,S,0.30874336341423864,0
4,133,3.575153280452609,6,Slider,R,S,R,0.3700978404765459,1
9,52,7.284128079456051,7,Sinker,L,R,L,0.6997396307981256,1
5,33,3.933109728912398,0,Sinker,L,R,L,0.5211751384861041,0
7,65,4.094359333609529,6,Sinker,R,L,L,0.6971550275844873,0
2,80,3.333786249088006,3,Sinker,L,R,R,0.7913758185217994,0
5,32,6.31410397593028,6,Cutter,R,L,R,0.5271372308098847,1
9,35,3.398713584874163,2,Curveball,R,R,R,0.7473573580326849,1
3,57,2.1547359979980394,0,Fastball,R,R,S,0.6100795821384364,0
9,57,6.896246994348078,5,Changeup,L,S,S,0.2610910956858211,0
6,122,4.774625770921922,6,Slider,L,R,L,0.4507393441348017,1
4,75,4.732081758152014,6,Fastball,R,L,L,0.5953639293016886,1
7,82,4.886577657311412,6,Cutter,R,S,L,0.6231569912923984,1
8,139,5.750717985645334,2,Cutter,L,R,S,0.716399587455272,1
6,67,2.504543914500535,2,Changeup,R,S,R,0.5823747790629799,0
5,124,0.27075496666402277,1,Fastball,L,S,R,0.25405628161300114,1
6,78,6.484745287016077,4,Sinker,L,S,L,0.2854657967547651,0
5,96,1.0312404310530994,1,Fastball,L,L,R,0.39699328054811345,1
8,146,5.774557897684353,4,Fastball,L,L,S,0.3764262338391553,0
1,74,0.65852238629863,1,Cutter,L,R,R,0.33296321573697396,0
7,74,3.002462736227937,0,Fastball,R,S,L,0.5703777210828829,1
2,148,0.504208558652306,7,Sinker,L,R,L,0.45782604451723796,1
9,146,4.177709437021797,2,Fastball,L,L,R,0.6109932685671364,1
1,104,5.225086182252601,0,Fastball,L,S,L,0.43218138688784913,1
6,134,1.3714651294255065,4,Fastball,R,L,L,0.36444912131991025,1
9,77,2.9730209475072167,2,Sinker,L,S,S,0.5302827040547775,0
1,56,7.441915928344429,7,Sinker,L,S,S,0.25805604304058954,1
4,68,3.539112936859654,2,Changeup,L,S,R,0.793195002280487,1
4,86,6.420348551812453,4,Cutter,R,R,L,0.5933779597450719,1
9,38,7.417477960481673,0,Curveball,R,L,R,0.27329740938879393,0
5,148,7.794766599818292,2,Changeup,R,L,S,0.5734451605035629,1
5,48,7.186576157530954,5,Sinker,L,L,S,0.2446593184023511,0
6,106,2.539242633271753,6,Fastball,L,S,S,0.5037355465246092,0
1,52,7.700583089289544,0,Curveball,R,R,R,0.3745178174211523,1
1,138,6.4991619339683755,0,Slider,R,R,S,0.6204577740758358,0
9,90,6.697404669115902,0,Curveball,L,R,L,0.49224319709899317,1
3,41,0.12138387337467815,7,Changeup,R,R,S,0.6715249343964063,0
4,96,7.633910906546349,2,Cutter,R,S,R,0.33785487836237227,0
1,23,6.224721790789926,3,Changeup,R,S,S,0.593707439442264,0
9,91,6.1437399720632,6,Cutter,L,R,R,0.6127034150683002,0
8,147,0.65219784742869,7,Cutter,R,R,L,0.4865102306149886,1
2,64,1.86054832858665,1,Sinker,R,L,S,0.7149833956113549,1
8,112,7.698093321103193,4,Cutter,R,S,R,0.28798853355704856,1
7,24,4.00541659844381,0,Slider,L,R,L,0.6550481278931111,1
6,123,3.1828641458980487,2,Curveball,L,S,L,0.2791926074023805,1
1,100,6.71952653717531,4,Changeup,R,L,S,0.2941426630610058,1
7,106,0.6987233129115547,3,Changeup,R,R,L,0.32089224995010884,0
7,149,3.3355361301684745,5,Cutter,R,S,L,0.5966460368107736,1
9,82,3.005606195376669,7,Sinker,R,S,R,0.5834075202773457,1
1,70,2.798811096243142,3,Slider,R,S,R,0.46753182999336856,1
2,135,2.461537949224585,2,Slider,L,S,R,0.3886785167165647,1
9,132,1.6805996543206243,0,Fastball,R,S,S,0.5676632664273726,1
9,50,1.3832864239241776,3,Slider,R,S,L,0.2865133562784364,1
6,26,5.123248935357393,6,Cutter,L,L,S,0.5771954128777124,1
6,22,7.355158729669427,7,Cutter,L,S,S,0.20717110304536887,0
4,70,4.070813161999052,3,Curveball,R,L,R,0.28668136457225535,0
4,75,2.383796418773154,3,Cutter,L,L,L,0.6247557068040013,0
5,92,1.2732815817778107,6,Curveball,L,S,S,0.7243820201265987,1
3,29,6.641146920420754,5,Slider,R,R,S,0.2453600224021457,0
1,80,7.77193645178571,7,Fastball,R,S,S,0.5832602392383481,1
1,69,2.7932432117428148,7,Sinker,L,L,S,0.2371435311659031,0
7,141,2.3276034044170313,2,Changeup,R,S,R,0.7273817893686618,0
1,20,4.811943623799531,4,Cutter,R,S,S,0.4349989617648818,0
1,57,6.202631847627406,1,Slider,L,S,R,0.6447055845840926,1
3,98,3.6432224283973147,2,Cutter,R,L,L,0.30365128673506997,1
4,108,5.040585198887594,0,Curveball,L,L,S,0.7168102201797542,0
4,101,5.732392544186335,2,Slider,L,L,R,0.45750223532724843,0
2,86,7.684738302849434,2,Changeup,L,R,R,0.3253143453694469,0
1,36,1.3202986441606672,5,Curveball,L,R,S,0.543469518172202,0
3,146,7.979059950602956,1,Slider,L,R,R,0.3728968146539655,1
4,131,3.1372532419298302,1,Sinker,R,R,S,0.37223014086655115,1
3,79,5.78560114181243,1,Sinker,L,S,R,0.26872722939601734,1
8,59,4.579315023783978,4,Changeup,R,R,R,0.3283385343208589,0
1,108,3.893348936070721,7,Sinker,R,R,L,0.6787181010446606,1
2,60,5.584602949852692,2,Curveball,L,R,S,0.5141471422259775,0
7,134,3.166030801788761,5,Changeup,R,S,L,0.41296374704111705,1
4,119,1.0088798506944512,7,Slider,L,R,R,0.7576238786011236,0
8,136,3.911147064969918,0,Curveball,L,R,S,0.6784325400914235,0
3,108,4.175326965458549,1,Sinker,R,R,L,0.3861632992542071,1
6,112,1.6152172271995138,6,Fastball,L,L,S,0.26643953078685056,1
9,79,7.484954850629257,7,Cutter,R,R,S,0.3106050876392781,1
1,87,1.8198051731703302,1,Sinker,R,R,L,0.6051011707036053,0
1,97,3.2738207526727816,6,Fastball,R,R,L,0.5378400149334779,0
8,65,1.2394374947577864,7,Changeup,L,S,L,0.7884666203704669,1
3,57,4.286373169495553,2,Slider,R,R,R,0.20809638960026755,1
5,36,2.4611008648007173,0,Cutter,L,R,L,0.7260759542389905,1
1,85,3.914180159808672,5,Slider,R,L,L,0.20856152569232633,0
5,55,1.7969353316656154,1,Changeup,R,L,R,0.4548555388021005,0
6,93,0.430201023589726,2,Slider,L,S,L,0.7499532219197276,0
8,26,6.2338132086580424,3,Curveball,R,S,S,0.5950492453939857,0
3,35,5.128690271677267,5,Curveball,R,R,S,0.5499798017619225,0
3,33,2.725914845688103,6,Sinker,R,L,S,0.3880995834063454,0
9,99,0.3799537974585778,4,Sinker,L,S,R,0.7796765060744075,0
4,44,6.924600501576967,5,Sinker,L,S,L,0.30093473377956337,0
4,124,1.3583600394854347,2,Sinker,R,L,S,0.36193251315598957,0
7,23,7.445937746251424,7,Changeup,R,R,R,0.4717734382345721,1
2,146,3.8287630287676677,1,Slider,L,L,R,0.27577949337388613,1
8,75,2.72309367926787,5,Sinker,L,R,R,0.45412835575545385,0
6,25,5.934075815127711,0,Changeup,L,R,R,0.22360578526503197,1
3,148,7.014715248601486,6,Cutter,R,L,R,0.7544712593425436,1
9,148,2.965708509165686,3,Sinker,R,R,S,0.39328348160523485,1
5,134,3.258750017361498,0,Slider,L,S,R,0.5802815490450529,0
8,76,3.4652657547775787,0,Curveball,L,L,L,0.7223162430925452,0
7,84,7.378584491829352,0,Fastball,R,S,S,0.6909957239078561,1
8,84,5.540511932114661,2,Curveball,R,R,R,0.7240344653224751,1
7,122,1.9811689363652443,2,Slider,L,R,S,0.632185189411316,1
3,40,1.4799975800158354,5,Slider,L,L,S,0.316246299332801,1
2,52,1.8429413073985286,6,Slider,R,L,L,0.41992912504462665,0
7,41,2.1085111134841394,4,Slider,L,R,R,0.5072190303604767,1
3,129,1.841467930672012,6,Sinker,R,L,L,0.40217021079316106,0
3,23,5.268051577539169,3,Cutter,R,R,R,0.7731403593464141,0
2,93,0.9274680852600508,5,Fastball,R,S,R,0.6841021711063136,1
4,138,3.0988679176636857,0,Sinker,L,L,S,0.6793710002610798,1
8,112,5.000428583762932,5,Curveball,R,S,R,0.41666318796147117,1
1,84,2.3268797915434467,6,Cutter,L,L,S,0.6529030993070067,1
1,84,0.5221950776132642,1,Changeup,L,S,L,0.5684315913646762,0
5,29,0.6545913827677463,5,Slider,R,R,R,0.42512865940900224,0
5,66,1.0077342104374907,6,Curveball,L,R,R,0.3849679501623272,0
1,85,6.686744198945242,5,Changeup,R,R,L,0.673301188827317,1
6,68,5.262908044839758,6,Fastball,L,R,L,0.5580799947990489,0
1,41,0.5161792887811583,0,Curveball,R,L,S,0.22219723172402572,1
5,105,3.128551033211359,5,Cutter,R,S,L,0.21301942637561544,1
9,45,2.228681382776525,7,Sinker,R,L,R,0.7051823985158601,1
5,114,4.624320893030402,3,Changeup,R,L,S,0.25389152543871824,0
6,126,4.182447597378507,0,Curveball,R,R,L,0.5116170612033701,1
8,33,3.8489921869577195,2,Sinker,L,L,R,0.5651982851370845,0
1,90,2.516098962980905,2,Sinker,L,S,R,0.7495772735453741,0
2,94,1.102398176351926,5,Sinker,R,L,R,0.50871582175146,0
9,139,5.939011062981104,5,Cutter,L,S,L,0.31641727771422523,1
3,131,7.038854150741235,3,Slider,L,R,S,0.35640231396549316,1
6,70,7.553207273862538,7,Curveball,R,R,L,0.2293136130653281,0
5,149,0.46895176490864365,6,Sinker,R,L,S,0.3332344226580055,1
2,55,5.9192696927110635,7,Slider,R,S,L,0.689084129174129,1
7,137,5.8120276752557,6,Sinker,R,R,R,0.654127167493618,1
4,23,7.576876913164714,4,Changeup,R,R,L,0.24916572434097817,1
1,25,2.0233167559821235,0,Changeup,L,L,S,0.4877585053597973,0
4,129,5.937432306361251,3,Changeup,L,S,L,0.38109358945110605,1
6,118,0.4370103101318765,5,Slider,L,R,S,0.5899692598967174,0
7,141,5.049965766092953,7,Slider,R,R,L,0.7768043261893249,1
7,136,2.806782592417438,7,Sinker,L,S,S,0.578412053906522,0
7,115,6.151275516379801,7,Cutter,R,L,R,0.6474197295927403,1
3,86,6.906434291483148,5,Curveball,R,L,R,0.43887691382650584,1
6,139,2.9185683377401297,7,Cutter,R,R,S,0.21961267345338972,0
8,34,4.2046887415944045,5,Slider,R,R,R,0.4508592577516537,1
4,36,0.9392324989087992,7,Curveball,L,L,S,0.5064773517510435,0
8,37,3.3352557217878127,5,Changeup,R,L,S,0.49560797793389216,1
2,134,2.886403146073354,1,Cutter,L,R,R,0.3401258524042383,1
9,95,1.4649876782761417,5,Cutter,R,S,L,0.4849956020365351,1
9,107,7.155828998134207,5,Cutter,L,S,S,0.6307956967829538,0
8,110,1.1847027043212819,1,Slider,L,R,L,0.3868859103612786,1
1,67,5.085914860241497,4,Curveball,R,R,L,0.5804016006071269,1
2,34,7.121141147839102,6,Changeup,L,R,R,0.29194046030836657,1
6,142,7.295748638905805,2,Slider,L,R,S,0.3668276996446278,1
5,146,6.345917598724547,5,Changeup,R,L,L,0.7303567460525404,0
9,117,1.409129070993413,6,Fastball,L,S,L,0.5759734206906066,0
5,103,6.539451273710958,5,Fastball,L,S,R,0.25150370344804585,0
2,60,2.2125184993249967,3,Changeup,L,S,R,0.3587820915224924,1
4,115,7.379184219460072,0,Fastball,R,L,L,0.7963767285683936,1
9,87,5.6726934513907965,3,Curveball,R,R,L,0.36206291117152795,0
1,24,6.282140488071092,7,Curveball,L,S,R,0.5483053756010225,1
1,72,0.6802596280154978,5,Slider,L,S,R,0.5302083850114472,0
7,141,4.662120907548355,7,Changeup,L,L,R,0.44141813485080655,1
3,41,6.569137015189437,4,Slider,L,R,S,0.22026666683449203,0
2,125,6.892722822179994,3,Curveball,R,R,R,0.37060217151086994,1
9,26,0.22905363786913213,4,Curveball,L,R,R,0.772009551102713,0
3,65,7.513273860440954,4,Curveball,L,S,R,0.2115145543108148,0
2,49,0.3467098664198378,5,Cutter,L,L,S,0.6294101010945116,1
8,145,4.916149437398799,4,Fastball,R,S,S,0.735649774810097,1
6,120,5.547100220922497,3,Slider,L,L,R,0.6574319768875443,1
6,98,0.8587623293432785,1,Slider,L,L,R,0.3939497418348482,1
7,86,0.38409492487354147,0,Curveball,R,S,S,0.512280731198514,0
7,42,6.279297235605833,4,Cutter,L,L,S,0.7205285100565997,1
6,93,3.0773649983794717,6,Slider,L,L,L,0.7852746366940198,1
4,24,0.8569001225209893,5,Sinker,L,L,S,0.2582174409372472,1
9,101,6.101342531101136,2,Slider,R,R,S,0.2746098781531982,1
6,44,6.793304561148965,4,Cutter,R,R,R,0.7734863583481502,1
4,27,4.699089526070459,6,Curveball,L,R,R,0.7235746522108948,1
3,21,1.2898944674771649,7,Cutter,L,R,R,0.32664513811197143,1
4,41,0.12177977193192646,3,Fastball,R,S,S,0.7820624321711218,0
3,91,5.606419850415551,4,Slider,R,S,L,0.32540121923363513,0
2,106,4.401117398602534,2,Fastball,L,S,R,0.2531091603643737,0
5,91,5.206377133760636,6,Slider,L,R,L,0.6091314044087225,1
2,87,6.505477361596766,1,Fastball,L,S,L,0.5238776096607055,1
6,83,3.473822215943777,3,Slider,R,R,S,0.34379901680155,0
3,113,0.9961237506689633,3,Sinker,R,R,S,0.7569667046276418,0
6,38,7.519866283126611,5,Curveball,R,L,R,0.44254392716978574,0
9,147,4.362097017974858,3,Sinker,R,L,S,0.44174395413017803,1
1,106,4.922352952708322,2,Changeup,R,R,L,0.5790955112991663,0
6,101,7.467291436414009,6,Cutter,L,L,S,0.33847702683862413,1
9,106,7.452669250482104,3,Slider,L,L,S,0.5521085032889885,1
4,116,4.576756853825389,1,Cutter,L,L,L,0.4183910885871073,1
2,71,2.380891397771409,0,Slider,R,L,S,0.6170053005153173,1
4,101,7.976909072101914,0,Changeup,L,S,S,0.3486244813198645,1
1,116,5.446536719628288,4,Curveball,R,L,R,0.31127715354070723,0
3,134,3.2674934151364523,0,Curveball,R,R,L,0.3498882581744555,0
9,111,4.478694422828718,2,Cutter,L,L,S,0.7615608959363267,1
5,20,3.3266724021442373,0,Sinker,L,L,L,0.709537355691251,0
6,82,7.106441218373179,2,Changeup,L,S,S,0.6973390364996881,0
3,38,3.859994998925969,2,Cutter,L,S,R,0.6684167978038449,0
5,50,6.588227007849977,4,Curveball,L,S,S,0.5821704333672832,1
8,96,6.721410382584032,0,Fastball,R,L,S,0.25903953433347976,1
6,140,6.594658701881987,4,Cutter,R,R,L,0.3947911514680683,0
4,43,5.777508899805396,3,Slider,R,S,S,0.5371212312722848,1
2,88,6.839021734460655,7,Curveball,L,L,L,0.26344983606632305,0
9,78,3.0978366369837538,1,Slider,L,L,R,0.21806983118344775,0
1,133,0.9173056491356828,6,Changeup,L,L,L,0.2560571303270203,0
1,120,6.739633634980116,0,Sinker,L,S,S,0.26484178701558586,0
4,31,3.985347325498762,3,Sinker,R,L,L,0.265723033260911,0
7,138,1.019008260222808,5,Curveball,L,S,R,0.3141033350090351,0
1,116,0.9225001774560635,6,Curveball,L,L,S,0.49945799116433626,1
9,76,1.2739391520791417,6,Sinker,L,R,R,0.37127038604214124,1
4,61,6.0077860773368466,6,Cutter,L,R,R,0.7160795007618659,1
3,117,5.686853387730249,3,Sinker,L,L,S,0.7256831484770423,1
1,50,1.630549441479066,4,Sinker,R,S,S,0.7521498525355224,0
4,21,6.775387344878362,4,Cutter,L,L,L,0.482695482992474,1
9,51,2.250358364225959,6,Slider,L,R,S,0.6644250790122632,1
6,124,6.34388466651958,6,Cutter,L,L,L,0.5545896891531845,0
6,94,3.9104472618795354,1,Fastball,R,S,R,0.2866235563758531,1
1,124,5.852389460308529,1,Curveball,L,S,L,0.581419160656319,0
2,146,3.051101304588527,6,Sinker,R,S,S,0.702212621401249,1
6,28,2.7771247767582077,1,Changeup,R,S,L,0.40876440607417297,0
2,34,6.730876791674659,7,Curveball,L,R,S,0.6480051961594144,0
3,116,0.2824180361125572,6,Sinker,L,S,R,0.6647103480378747,1
4,124,7.797895578060059,1,Slider,L,S,L,0.5861499954384064,1
5,82,5.1854364661229875,6,Sinker,L,R,L,0.7299645773256289,0
9,40,3.459867105595537,4,Cutter,R,S,L,0.2868928164180231,0
4,24,5.024436249203402,7,Curveball,R,R,L,0.706049984688405,1
9,144,0.9819275716718625,2,Cutter,R,S,R,0.5664386413809478,1
3,104,4.112419642348381,4,Sinker,R,S,S,0.7133973783262262,1
8,132,7.880764186718381,2,Slider,L,S,L,0.5196065728451187,1
1,99,1.8821555027736547,4,Cutter,L,S,R,0.3967775217921212,1
9,135,5.778224792290795,5,Changeup,R,L,S,0.7383161938913436,1
9,116,3.479771006653605,4,Sinker,R,L,R,0.7264421558468677,1
2,40,5.219665187903629,7,Slider,R,S,L,0.3606065941973631,1
4,99,1.6390978295342036,7,Curveball,R,S,L,0.6464649325969448,1
8,58,3.763719860940819,1,Curveball,L,S,R,0.25477682544766667,1
7,140,7.840741710874201,2,Changeup,R,L,L,0.25158676059114066,1
1,143,1.5622972081280766,3,Fastball,R,S,L,0.5068426729886687,1
5,25,5.091560222790057,5,Cutter,R,R,R,0.2214569546060345,0
7,75,4.604781990134363,3,Sinker,R,L,S,0.46025185143718406,1
4,68,4.5204126903232265,5,Curveball,L,L,R,0.6744485712923738,1
1,111,4.920986317212937,3,Sinker,R,L,R,0.7336842042186775,1
9,148,4.017903789505825,1,Changeup,R,S,L,0.3528688593729427,0
5,84,0.135446002061264,3,Cutter,R,R,S,0.24618816000421953,1
2,47,7.2007744917049425,6,Slider,R,L,L,0.5783926349879599,1
8,119,6.615830619872247,4,Sinker,R,R,R,0.35889970465050186,1
2,91,1.3933414473689707,7,Changeup,L,R,S,0.2140689075275979,0
3,84,3.3061854190309523,1,Slider,R,R,S,0.2787187875053215,0
1,70,6.164391845548543,6,Slider,R,S,L,0.7630134490205707,0
2,68,7.840498523098275,3,Slider,R,S,S,0.7250457869603435,1
7,93,7.609096371534291,1,Cutter,R,S,R,0.6977704425691752,1
2,31,7.194873597409393,4,Fastball,L,L,S,0.40368412439204104,0
6,123,1.2669911783931171,1,Sinker,L,L,R,0.6287136407680315,0
3,100,7.315800848072039,3,Slider,L,R,R,0.774208868656012,0
4,146,7.027559303608635,1,Curveball,R,L,R,0.5405486583248473,1
8,33,3.0155992893311163,5,Cutter,L,S,L,0.3998577254109763,0
3,53,3.1561807562900963,0,Cutter,R,S,L,0.6795976604897749,0
6,67,3.679271375641286,7,Slider,L,S,L,0.45820248684862763,1
1,80,5.249405047731336,3,Curveball,L,S,S,0.5464062150791734,1
7,54,2.086684927864126,4,Changeup,L,R,S,0.524726804308256,1
8,138,0.18358743551955747,2,Cutter,L,L,S,0.3304507128363361,0
8,84,1.129836196777938,1,Slider,R,S,L,0.20040044853636368,1
3,78,3.5209272606141893,5,Sinker,L,R,R,0.7993016308585754,0
1,55,2.2560205554096147,1,Slider,L,L,R,0.45009906382574216,1
9,61,6.116132488289055,7,Sinker,R,R,L,0.37028988296492343,1
6,88,0.853520564394171,3,Sinker,L,S,R,0.65952896407716,1
9,126,7.3397218044384305,5,Fastball,L,S,R,0.5555148276377662,1
7,58,7.162617439551289,3,Fastball,L,S,L,0.7282759270363472,1
1,88,7.270054535466305,0,Changeup,R,L,R,0.6686606056863442,1
1,31,5.916879988826613,4,Changeup,R,S,L,0.3690615582646395,0
6,102,0.8559997718687944,7,Sinker,L,L,S,0.5553465573623304,0
5,55,3.505100570956534,5,Changeup,L,R,R,0.5016211727609614,1
9,145,1.05124297444371,5,Changeup,R,L,L,0.7730502003680342,1
2,82,7.901593542088661,1,Slider,R,R,S,0.34374208324400396,1
8,95,2.6643073871893863,1,Slider,L,L,R,0.37030069266364174,0
5,101,4.6826443351204965,7,Slider,R,S,S,0.7522569241232735,1
2,70,6.235144433953774,2,Curveball,L,S,R,0.4746865139976843,0
6,62,7.364928673805164,6,Sinker,R,R,S,0.47435270480048547,1
8,53,6.04438180673088,5,Changeup,R,L,S,0.7209251594221491,0
4,116,5.396030230129901,1,Curveball,L,L,R,0.37763032226343596,0
2,68,3.7278542563052106,1,Cutter,L,R,L,0.6181385837814968,0
5,144,4.843201070004192,6,Sinker,L,L,S,0.632913844024645,1
2,76,0.7533104708226386,0,Cutter,R,L,L,0.46543900801975086,0
2,112,7.0713803356901,2,Slider,L,R,S,0.40037631029717724,0
6,128,4.350218470719083,7,Cutter,L,R,S,0.6479933828423112,1
9,24,0.3210804034795416,6,Slider,R,R,R,0.35355425700910814,1
4,43,7.35921700527918,7,Sinker,R,L,S,0.6915859425214022,0
6,78,3.9144157906949495,1,Sinker,L,R,S,0.4498468844729289,0
7,57,6.948713132488014,7,Changeup,R,R,L,0.2110263914431464,1
6,29,6.855103633642855,1,Curveball,L,R,L,0.5415626922610892,0
8,145,6.526012699656919,4,Slider,R,R,L,0.3166506651188224,1
4,30,0.4912241543628486,5,Fastball,R,S,R,0.4799391352897102,0
1,43,1.976533163393671,1,Fastball,R,S,L,0.6850012827575067,0
7,107,7.004382979723446,0,Changeup,R,S,R,0.3140078302616549,0
3,133,7.191928448416751,1,Curveball,L,R,R,0.32486769440092966,1
6,40,3.6645508989504485,5,Slider,R,L,L,0.48430759130139356,1
2,29,3.520331741233618,1,Changeup,L,S,S,0.48590068083351257,0
9,85,1.401125071089198,6,Curveball,R,R,S,0.4722019568936367,0
1,141,7.74728630952921,3,Fastball,L,S,L,0.6166957866740135,1
6,42,1.7051078028723454,1,Slider,L,S,S,0.3614587657957904,0
6,32,1.5274942748061244,2,Curveball,R,R,R,0.35631668088141966,1
5,35,5.2858317611933945,5,Cutter,L,R,L,0.21341665570025467,1
5,60,1.9427544240035814,7,Slider,L,S,R,0.429040810714178,0
1,20,7.510172888115118,5,Cutter,L,R,L,0.3174639247844115,1
5,130,0.08725596254235857,3,Sinker,L,S,S,0.5549589896328777,0
2,31,0.04602609858641049,2,Sinker,L,S,S,0.3087024138412076,0
7,138,4.039014411484796,2,Sinker,L,S,R,0.7367186312408711,1
3,39,3.9044996793077758,5,Changeup,R,S,S,0.7094085934318586,0
4,55,1.3069121752072839,0,Curveball,L,L,S,0.6591019543157672,0
3,98,3.9561565037622755,7,Sinker,L,L,R,0.685114511517326,1
3,127,3.2932888413598915,1,Curveball,L,R,R,0.7757499608474674,1
4,115,7.12263620273895,2,Curveball,R,L,R,0.39188536425609094,1
5,78,0.07403136173570779,1,Curveball,R,L,L,0.7879155206434527,0
1,39,7.810158440263618,7,Slider,R,R,R,0.7343135993851784,1
4,145,4.99514211436674,1,Cutter,L,S,L,0.41713525377581223,1
8,116,1.214747565162205,7,Cutter,R,L,L,0.7184443405739789,0
7,81,0.3740801104893299,6,Changeup,R,L,L,0.7383828777053065,1
9,112,4.304845268473855,0,Sinker,R,L,R,0.22165298758742488,1
5,110,1.8791213277745609,0,Changeup,L,L,L,0.7255774215860733,1
4,142,2.409324296010074,2,Curveball,R,S,S,0.4599467646101491,0
8,105,1.9610573186761089,2,Fastball,R,R,R,0.6868063794379935,1
9,137,5.2013785085800865,5,Fastball,L,L,R,0.26669839487583297,1
7,45,4.4282316969290685,6,Curveball,L,L,L,0.30331220646555684,1
7,137,0.623795388174492,6,Sinker,R,L,R,0.7872656746499667,0
5,20,4.212212265401403,3,Cutter,L,L,L,0.44970830868027345,0
4,26,6.329518124506399,1,Changeup,R,R,R,0.6790732017683176,1
1,95,0.6495567265625946,7,Slider,L,S,L,0.6501464658106456,0
7,106,7.11791180984336,5,Fastball,R,R,R,0.67162956238827,1
1,113,4.626453195581833,1,Changeup,L,L,R,0.6587734284698952,1
1,80,7.604995754162533,0,Fastball,L,L,L,0.7483757476171982,0
5,48,1.1851297417790052,0,Cutter,L,R,S,0.5555521253711566,1
9,114,7.948519994826522,6,Cutter,R,S,R,0.4552728812397973,0
6,37,5.1541829277574145,5,Curveball,R,S,S,0.7551379214301979,1
3,60,4.539953595848503,2,Curveball,R,S,S,0.4141716879843707,0
3,60,4.122236992896683,3,Fastball,L,S,R,0.5784192731769406,1
7,142,0.18923498478650203,6,Fastball,L,R,R,0.713130843130171,1
6,41,7.517113532396625,3,Changeup,R,R,L,0.7496104452377295,0
9,99,5.1519557828335865,0,Curveball,L,S,L,0.7696580726974069,0
6,149,0.7330118759943298,0,Cutter,R,R,S,0.5959596429224046,1
5,55,0.16761736235619917,3,Sinker,R,R,L,0.632120219553916,1
7,39,0.40626911389401066,3,Changeup,R,L,L,0.49851241792556383,1
1,86,4.875166107457925,7,Changeup,L,R,L,0.37093549430970196,1
7,139,4.912123319156682,2,Slider,R,R,L,0.20970771531336874,1
3,74,3.9973383342515287,3,Sinker,R,S,R,0.33322444124580053,1
9,85,2.4541265652236124,1,Cutter,R,R,L,0.7879756062390793,1
6,45,4.253941852917131,3,Changeup,R,S,S,0.6838290979212941,0
9,149,4.130414567010063,4,Sinker,R,L,R,0.48742159106136823,1
5,75,0.155324479012525,3,Slider,L,L,R,0.4061546641042454,0
7,53,2.2597538426199844,0,Sinker,L,R,S,0.23860662314482967,0
4,75,0.42548273173719586,0,Curveball,R,R,R,0.206082119243768,1
7,74,7.2012380115812435,6,Cutter,R,S,R,0.6530363450369152,1
1,39,5.8017853022810835,7,Curveball,R,L,S,0.7913440199639428,1
7,69,7.968921361543298,4,Slider,R,S,L,0.3522973473582529,1
8,103,2.417370106442303,1,Cutter,L,R,R,0.3647220599023875,1
5,72,7.027886782055282,3,Fastball,L,L,L,0.760804923184929,1
2,130,4.824434143459854,3,Fastball,R,R,S,0.5612370889999573,1
5,131,3.6250032552288394,4,Fastball,L,L,R,0.30428667771956464,0
6,88,1.7805848903090808,6,Sinker,L,S,L,0.22741190743469405,0
2,21,5.907137322289143,2,Changeup,R,R,S,0.5381454864877997,1
6,35,7.2331259912344,7,Sinker,R,R,R,0.4715343662071663,1
6,113,1.882467184602966,7,Sinker,R,L,R,0.459256635119129,1
1,64,1.4031226797889005,2,Sinker,R,S,L,0.7815585819768198,1
1,145,5.569775320038936,6,Sinker,R,L,R,0.3577265094039518,0
3,43,7.815785301804153,1,Fastball,L,L,L,0.49279435651672077,1
3,134,5.999640808832624,3,Changeup,L,L,L,0.32800640813847737,1
4,142,2.2766459123811913,3,Changeup,L,R,R,0.3930734903025219,0
2,97,3.359643393182285,3,Slider,L,S,S,0.6595360247122515,1
9,136,3.0745410836669738,6,Fastball,R,S,R,0.31838029588371597,1
7,99,6.816760144376364,0,Cutter,L,S,S,0.6058906891613194,0
7,69,6.170966230977791,5,Sinker,R,L,L,0.27778666403617713,0
6,104,4.711803478092161,2,Changeup,L,S,L,0.31434364758045763,0
3,23,2.199672883175226,6,Slider,R,S,R,0.2138559857897119,1
6,80,7.50390822177645,5,Changeup,L,R,R,0.578278752342049,1
8,130,5.226521798153173,7,Cutter,L,R,R,0.7941922926184328,1
8,97,7.7638131715342595,4,Cutter,L,R,L,0.5938852050145027,0
9,102,4.640936264336246,5,Fastball,R,L,R,0.7539927356389078,0
1,119,6.569542066908912,0,Changeup,R,R,S,0.515844743729706,0
1,50,6.504843035156214,7,Cutter,L,S,S,0.6081718525078808,1
3,138,2.6986302146687366,0,Curveball,R,R,L,0.7553197791530153,1
3,113,7.7121657836578255,7,Cutter,L,L,L,0.25173140864902743,1
8,49,0.17553174078051192,2,Cutter,L,R,R,0.5584622584648884,0
1,74,6.149687270139314,3,Changeup,R,S,R,0.5453173852565191,1
2,124,7.724456686112351,1,Sinker,R,R,S,0.21989089311654467,0
2,60,2.7112656262697827,5,Cutter,L,R,S,0.2937195926265132,1
3,93,5.184884702327776,7,Slider,L,R,L,0.5314096846545395,1
6,96,4.497785998753685,7,Sinker,L,L,R,0.49860507311096214,1
1,104,6.0920584774121895,6,Cutter,L,L,R,0.4062969980246834,1
2,123,6.929423373160419,6,Curveball,L,L,R,0.6186305746451711,1
1,98,4.824356554396384,7,Cutter,L,L,R,0.4161391524603975,1
5,103,6.527236691051655,4,Fastball,L,L,S,0.6613212567450287,0
7,143,2.4982846071140417,2,Changeup,R,R,R,0.6855423782634866,1
8,51,1.828696469638535,1,Curveball,R,R,S,0.5867468718423049,1
1,25,3.4453415162627214,2,Slider,R,L,L,0.3673885789845719,0
7,113,5.421892796646266,2,Cutter,R,L,R,0.6815948607100937,0
5,45,1.497975591509789,2,Cutter,R,R,S,0.35107231679939155,1
1,56,5.442817537215132,2,Slider,R,S,S,0.3818057115786559,0
3,32,3.1527491885765384,3,Cutter,R,R,S,0.5652832865104017,1
7,112,6.3646021911410555,6,Fastball,L,L,R,0.6134273798865575,1
1,44,0.2946865368264264,0,Sinker,L,R,S,0.42277420787372944,0
7,39,5.343861102635156,6,Sinker,R,L,S,0.5548325993421515,1
5,91,5.1985786931997415,6,Curveball,L,R,L,0.34879316842638985,1
1,134,7.527483809002515,5,Cutter,R,R,R,0.6768891156785317,1
1,146,5.706940428512564,2,Slider,R,R,S,0.7952768926609537,1
1,45,6.37041517138625,1,Slider,R,S,S,0.6190207836344899,0
9,73,7.236728126825347,5,Curveball,R,R,R,0.39161912364550794,1
3,144,5.400415346335903,7,Fastball,L,R,R,0.40925444401606653,1
5,30,2.3212290796797967,1,Curveball,R,S,S,0.2183152758942768,1
9,46,6.958190396668177,1,Cutter,R,R,R,0.5881719316618366,1
6,113,5.980624955807801,0,Sinker,R,S,R,0.5600126967922873,0
9,102,3.395500832007148,0,Fastball,L,S,R,0.7727531743384022,0
8,53,5.684233381199697,1,Fastball,L,S,R,0.44128072116295836,0
8,57,6.941511017449137,3,Slider,R,R,R,0.7597544591810654,1
1,106,7.805217051130172,0,Fastball,L,L,S,0.6561487176853316,0
9,84,7.618812031672443,0,Cutter,R,R,S,0.37280187110083074,0
6,71,2.602622614113132,3,Cutter,L,L,L,0.2098597238108523,1
9,49,3.373549709745454,2,Cutter,R,L,L,0.6359966955068636,1
3,132,0.8762928398189702,0,Sinker,R,S,R,0.4978086429882092,0
3,27,1.9803542961443679,5,Changeup,R,S,R,0.7771135986815105,0
6,91,7.059369667895602,1,Fastball,L,S,S,0.21326308909248928,0
9,51,2.8867994102348717,1,Fastball,L,S,L,0.5131428906100818,0
7,114,4.9644212687590485,3,Cutter,R,R,R,0.6732938758393145,1
3,60,5.327724946456266,1,Slider,L,R,R,0.6738636186205522,0
3,94,6.254634201146496,6,Sinker,L,L,L,0.6032356845832829,0
2,64,1.4624002419650477,7,Fastball,R,R,L,0.4366234861670623,1
9,32,2.438505076915484,4,Changeup,R,R,R,0.2403456189589471,1
3,38,3.5866907316654446,7,Fastball,L,L,L,0.38105544394462204,1
5,72,2.9187284899061883,1,Curveball,R,R,L,0.590691431400077,1
9,22,7.863241862877518,3,Changeup,L,R,L,0.662635347294491,1
8,115,6.6795264257097,7,Slider,R,S,S,0.6904281157241807,0
2,33,3.8374940369638884,3,Changeup,R,S,R,0.6644487442545263,1
3,139,7.0341490086917435,3,Changeup,R,L,L,0.3942750552870296,0
2,32,2.7812235806663743,6,Fastball,R,S,L,0.6164534148817999,0
8,91,6.286626591122117,7,Changeup,R,R,R,0.78144725325343,0
6,101,1.7894047848516292,5,Cutter,R,S,S,0.281900967287447,1
6,76,6.1785763618109275,4,Sinker,R,S,R,0.6388168294999921,1
9,26,3.651627225565827,6,Changeup,R,L,L,0.44598861354266195,1
8,131,0.8599945679379388,7,Fastball,L,R,L,0.3349961895434935,1
4,67,2.1860996364446583,0,Cutter,L,L,R,0.392025521429295,1
4,99,3.218196992188517,2,Slider,L,R,S,0.29988321015455793,1
9,138,5.994343293315497,1,Curveball,L,R,R,0.689205423822778,1
1,139,0.5838617178476069,5,Changeup,L,R,R,0.4324768670655636,0
2,79,5.276375960741117,0,Cutter,L,S,R,0.7625716096422221,1
2,52,5.728109127462749,3,Cutter,L,L,S,0.7798316332688597,1
6,134,5.231370959406012,0,Slider,L,R,R,0.7794454126113088,1
4,147,6.085357105340445,6,Slider,L,S,R,0.2934268428100165,1
3,22,1.4253489281827063,0,Curveball,R,L,R,0.4078316347825375,0
3,23,4.696826840504299,4,Curveball,L,S,L,0.3862309156220186,0
3,119,7.529159577631039,3,Fastball,L,S,S,0.7536071887112785,0
6,23,4.886274158436302,5,Curveball,R,R,L,0.2518851306122526,1
8,61,4.890690775623624,7,Curveball,L,L,L,0.5531692503414104,1
7,28,5.891517136906152,5,Cutter,R,S,R,0.49122349032385043,0
4,70,2.6656338570068723,3,Changeup,R,S,L,0.785761724330805,1
4,116,5.603807210572325,1,Changeup,L,S,R,0.7779797751177588,1
2,39,7.3298706665057205,7,Sinker,L,S,R,0.4543991603850092,0
1,41,0.08716378420274395,5,Curveball,R,R,R,0.46482442006903946,0
9,46,6.960904328870923,5,Sinker,L,R,L,0.430720939078677,0
2,62,1.7489466500708728,1,Sinker,L,L,S,0.6735032850079151,1
8,113,3.6473861896030018,1,Fastball,L,S,R,0.26010865868205435,0
9,27,6.818782407621104,7,Fastball,L,R,S,0.2696881405684517,1
4,105,6.591297019653032,6,Changeup,R,L,S,0.6228156742899837,1
8,108,7.135419825008447,5,Slider,R,L,L,0.21001205728281422,0
9,132,7.523334341060209,5,Cutter,L,R,R,0.6026178596794667,1
5,40,3.5772556541740688,5,Curveball,L,R,L,0.2772176182097854,0
7,28,5.250910486408055,1,Cutter,L,S,S,0.671711347424462,0
4,55,3.1238275242088536,5,Curveball,R,R,S,0.6437830690512342,1
1,55,2.8057337399373266,0,Curveball,L,R,S,0.309356179334157,0
3,92,3.452763284781356,0,Sinker,L,R,R,0.6541596247101031,1
5,20,5.944609078261408,1,Changeup,R,L,R,0.6741383490554154,1
3,88,4.011525977132423,1,Cutter,R,R,L,0.7553372690973452,0
7,56,6.512477395586736,1,Cutter,L,L,S,0.6346667966216812,1
9,91,5.961747817569247,2,Slider,R,L,R,0.7205607020377347,1
6,126,0.16382768899519462,7,Slider,L,R,S,0.582487842889198,1
1,115,5.041905256849293,1,Cutter,R,L,R,0.5753098213465364,1
7,103,3.4925689864687284,6,Slider,R,S,L,0.6052063830063125,0
3,62,3.6530319132091327,2,Slider,R,S,S,0.4438108443936766,1
5,56,6.546984430959157,1,Curveball,R,L,R,0.3371442607732138,1
4,44,4.380863888677414,3,Changeup,R,R,L,0.44798881696608783,0
5,92,7.084974587671577,4,Curveball,R,R,L,0.5560341311435459,1
5,61,5.702444739133523,5,Sinker,L,L,R,0.6140032041835917,0
6,21,4.4227200701124225,5,Slider,L,R,L,0.47402217326015134,0
6,115,6.03630380920883,0,Curveball,R,L,R,0.3980662595695408,1
8,80,0.3067924074032584,3,Curveball,R,S,S,0.34813463721251325,1
8,33,0.2166692386256619,4,Fastball,L,L,L,0.3099194040098673,0
9,132,0.6667946153668165,5,Curveball,L,L,S,0.48582195452382443,1
8,96,3.500522601177141,5,Curveball,R,S,R,0.6238345121215949,1
2,40,1.8836011650155449,2,Changeup,R,S,S,0.697908905288344,0
1,83,7.874090355326277,0,Cutter,L,L,L,0.40718719043625823,0
2,76,4.338321112090935,2,Fastball,R,S,L,0.566698560839292,0
2,138,5.299325968649268,6,Fastball,L,S,L,0.4866248134150055,1
3,71,2.2305610899735733,6,Fastball,R,R,L,0.7797573058588882,0
7,114,2.5743752687008703,2,Sinker,R,S,R,0.7294357247397738,0
2,108,2.683695313129247,0,Fastball,R,S,S,0.7293640700270516,1
1,29,5.589885641202405,4,Changeup,R,L,R,0.5475206541891033,0
6,71,3.789649661514468,0,Cutter,L,S,L,0.4620995537772375,0
9,53,4.141469220240595,1,Sinker,L,L,S,0.5911142703128334,0
3,134,4.736023857274763,7,Changeup,L,R,L,0.29579146444419924,0
6,144,6.150493249905736,2,Fastball,L,L,S,0.7297836434829794,0
3,62,0.7229579880998251,1,Cutter,L,L,S,0.36273965806305314,1
1,48,6.214991297750573,0,Changeup,L,R,L,0.6961394538205821,0
5,125,4.505880551001439,0,Cutter,R,R,R,0.3791006231340829,0
4,139,5.3527635588420575,5,Sinker,R,S,L,0.5132117284811979,1
7,100,2.620414118726096,6,Changeup,L,L,S,0.6633657974251359,1
6,50,3.2750946945315933,4,Cutter,R,L,R,0.4362433447179683,0
7,147,1.849326557231362,2,Changeup,L,L,R,0.4148022652425857,1
5,57,7.834399979339242,6,Fastball,L,R,R,0.7327233221389449,1
4,120,3.9760237800825333,3,Fastball,R,L,R,0.24134539568095364,0
7,149,7.968615326372783,0,Fastball,L,S,S,0.7049205697966603,1
7,31,3.9182878244901307,5,Sinker,R,R,S,0.756919071144156,1
6,54,1.7580101150725387,3,Changeup,L,L,L,0.5378965738700532,1
8,129,4.059619173894854,2,Cutter,L,R,S,0.6175823546661566,1
4,91,0.3167645743926224,1,Cutter,L,R,L,0.7168686767266592,0
5,129,7.23815841137561,7,Slider,R,R,S,0.4613167254016463,1
4,80,6.548402009555529,7,Curveball,R,L,L,0.7272727522696956,1
1,67,5.806564165554278,7,Fastball,R,L,R,0.4233568063261995,1
8,90,4.87861372353968,2,Fastball,R,S,R,0.38388285011229567,1
1,87,4.638673869362905,6,Fastball,L,R,S,0.7899203247851903,1
5,41,7.973825712635703,4,Slider,R,L,R,0.21868879798954832,1
6,51,2.2239794721595034,3,Slider,R,L,L,0.39173647812500556,0
6,142,6.237474922924624,5,Slider,R,S,L,0.47513003771909723,0
5,41,4.6512381617092595,6,Fastball,R,L,R,0.3865305642511147,0
3,129,7.807044350071082,3,Cutter,L,L,R,0.3692977347146965,1
5,34,6.622425466386019,1,Fastball,R,L,R,0.4224084363362417,1
8,143,7.988200903916741,6,Slider,L,R,S,0.43883659936714947,1
2,63,4.706599955699571,5,Slider,R,S,L,0.24296244247777585,1
6,134,1.6363516603594803,1,Curveball,R,S,S,0.6651451817543634,0
9,28,4.029496285557871,0,Changeup,R,S,S,0.3009481060199639,0
8,53,5.688889072404597,6,Curveball,R,L,L,0.2246129284372416,1
8,92,6.194883089452705,2,Curveball,R,L,L,0.5542274955771389,1
8,64,0.004079912127548546,6,Fastball,R,L,L,0.6011561821294599,0
7,91,4.040216708018352,6,Changeup,R,R,S,0.6561674985211703,0
8,77,1.8818766397651725,4,Changeup,R,R,L,0.2526705915546762,1
6,134,6.999294666038307,0,Fastball,R,S,R,0.3030349925460363,1
2,38,1.2232435524018284,7,Cutter,L,R,L,0.30939044604123456,0
2,35,5.331649996598667,2,Sinker,R,R,S,0.5561841654559112,1
8,94,2.1284975225993987,1,Fastball,R,L,R,0.733832848169286,1
1,125,2.852337145714178,4,Cutter,R,L,R,0.6238562297721544,0
6,93,7.5244740860547585,1,Cutter,L,S,S,0.38882445570657664,1
6,37,1.9235850032646358,5,Changeup,L,L,S,0.7118961112948514,1
4,62,0.7600220945834453,1,Fastball,R,L,L,0.6018761654663131,1
3,69,0.5542792115538067,7,Fastball,R,R,R,0.6130682268948013,1
3,22,4.036920880795697,3,Changeup,L,S,L,0.7744160842253343,0
1,78,5.133691858274304,2,Curveball,L,R,R,0.7702187847744955,1
3,47,2.6183491485670976,0,Fastball,R,S,S,0.4314036140379219,1
4,65,5.522077934344646,6,Sinker,L,S,R,0.5815009979783892,0
5,83,0.48826974858590244,3,Sinker,R,L,R,0.32121217788549006,0
3,89,6.8586771593830145,7,Slider,L,R,R,0.44714735237311354,1
6,66,6.532537677913902,5,Slider,R,R,L,0.3640477885226011,1
5,125,7.883970171136685,2,Fastball,R,L,R,0.42041897024302505,1
3,100,7.492039847214763,5,Cutter,R,S,L,0.6052438182124283,1
6,70,2.8495773113514247,7,Sinker,R,S,R,0.32614710639229083,0
6,48,3.1942030721246173,2,Sinker,R,S,L,0.3081973875250071,1
8,132,5.967718779826076,2,Changeup,L,S,L,0.42760304220523626,1
2,147,1.0726621756398655,4,Sinker,R,L,R,0.25888276113862846,0
1,109,2.512117681958679,3,Cutter,L,S,S,0.6883362469451084,1
4,44,0.9483274958051862,7,Slider,L,R,S,0.775099155322297,0
7,60,3.639091592582651,0,Slider,L,S,R,0.6808020498503031,1
3,88,4.416034239082541,3,Changeup,L,S,R,0.5188448368085532,1
3,23,1.6892837597020192,5,Slider,R,S,S,0.6044819832606054,1
5,124,0.21305349531284,1,Curveball,L,L,L,0.6833470299575046,0
5,50,5.754846654004185,5,Slider,L,S,S,0.24093703895156038,1
3,136,0.16004131540934807,2,Sinker,L,L,S,0.4508743993103796,1
9,109,7.787220871426849,1,Cutter,R,R,S,0.28626826002429917,1
4,85,1.7728580539391636,3,Cutter,R,S,L,0.25444579001986173,0
3,107,5.311200736930329,0,Curveball,L,S,S,0.6553838355716157,1
2,43,3.478013809919913,1,Cutter,L,R,R,0.7148425116565709,1
9,118,0.4773908826968576,1,Cutter,R,S,R,0.25027750003492233,1
4,124,3.7774688530757397,6,Cutter,L,S,L,0.3072810876073258,0
3,38,4.134085074374397,7,Fastball,R,L,R,0.3324926886171944,0
7,85,6.837465664742948,4,Curveball,L,L,L,0.7141718585793233,1
8,79,5.858792557183183,3,Curveball,L,R,S,0.7481413788919251,1
2,134,0.6344197980270909,1,Slider,R,L,S,0.6589850454851837,1
7,34,1.6733014674581206,3,Sinker,R,L,R,0.6778260533807661,0
5,104,2.495101473719582,0,Curveball,L,R,R,0.4056134920294273,1
5,107,0.9312614917185558,1,Changeup,R,R,S,0.4449888340754974,1
3,26,3.6551925673159245,7,Curveball,L,S,S,0.3682935607126916,1
5,25,7.874473526900284,0,Changeup,R,S,R,0.7750280755164216,1
2,144,4.116902329902093,5,Cutter,R,S,L,0.6365938512615352,0
4,52,5.935057346585355,1,Sinker,R,S,L,0.4048074484629611,1
6,77,5.463502381594769,7,Changeup,L,L,L,0.2814051863260638,0
1,129,6.799291480737104,6,Sinker,L,L,R,0.3168858241567629,1
4,61,1.7257879237248757,2,Sinker,L,R,L,0.3224501714252642,1
6,113,6.030610093544226,4,Fastball,R,R,L,0.5688866621773451,1
9,148,7.050841922445996,7,Sinker,L,L,S,0.7417738048473677,1
2,98,1.372078583841942,4,Cutter,R,S,S,0.7212066501451515,1
7,114,2.77441775830403,7,Changeup,R,S,S,0.2418305164098134,1
6,130,7.760814114652492,4,Sinker,R,S,S,0.6254340643451564,0
2,116,6.24630276783834,0,Cutter,R,S,S,0.3006116892104649,0
8,138,2.260726660300259,3,Fastball,L,R,R,0.3862151103043302,1
7,88,4.511534157155896,6,Cutter,L,L,L,0.5262840147449099,1
5,71,3.23460898279583,4,Cutter,L,R,L,0.7045509186177223,1
5,141,3.919721410617039,7,Curveball,R,L,R,0.3420473068300035,1
7,48,2.841329531125668,7,Slider,L,S,L,0.7242981664139216,1
9,123,2.2346481482427247,7,Changeup,R,R,L,0.6408446657031408,1
9,20,5.39810433113135,5,Slider,L,L,L,0.6045578969606542,1
9,48,6.22833452068894,7,Fastball,L,L,S,0.2797428629415563,1
6,88,6.991656981978759,7,Fastball,L,L,S,0.4845355437937913,1
6,72,1.2426397385455044,1,Cutter,L,L,R,0.3650773478348907,0
3,143,6.582844189161925,1,Slider,L,S,S,0.5528857569429666,1
1,107,2.0384065958165083,2,Changeup,L,S,L,0.6041596351123321,0
7,102,3.418691119280405,7,Changeup,R,L,R,0.2392204575346049,1
4,31,7.211549486793973,0,Cutter,R,L,L,0.5865121868648735,0
1,71,3.636028807860816,1,Changeup,R,L,L,0.49886916520588204,1
8,148,1.5765082723545296,1,Curveball,L,S,R,0.7032149853882659,0
6,146,1.2789492418969424,6,Slider,R,R,L,0.6759580916341343,1
6,90,3.7838701332170706,2,Fastball,L,L,R,0.4477832926596869,1
2,36,6.101379391812433,2,Changeup,R,R,R,0.7857228055608891,1
1,22,7.97764115179441,3,Changeup,L,S,L,0.5521449780545582,0
2,48,6.299269027447215,3,Changeup,L,S,L,0.7781870801618009,1
4,41,7.016095671542828,3,Cutter,R,S,L,0.6315583911766254,1
2,73,5.982658887479104,1,Fastball,L,S,L,0.44453056898548915,1
1,126,7.163480806048848,2,Slider,L,S,R,0.34026704648540174,1
7,88,0.610348346511306,5,Changeup,R,R,S,0.4792452729321086,0
8,139,7.439452791853164,0,Curveball,R,R,L,0.7616289186197307,1
6,66,3.171249229805249,3,Sinker,R,R,R,0.2781361068420543,1
4,39,7.372913786243557,5,Cutter,R,R,S,0.47619015765303735,1
6,40,0.6058626996758045,4,Slider,R,L,R,0.4081286715815322,1
3,20,5.721943656969087,1,Changeup,L,S,S,0.7203640873200883,0
8,36,5.885509989361636,0,Slider,L,R,S,0.6824348633445794,1
2,70,7.975287114382182,1,Cutter,R,R,S,0.5312829782146584,1
5,33,6.15084216551851,5,Sinker,L,L,L,0.4490408946729315,0
1,78,3.0605896465248534,3,Curveball,R,L,S,0.6105081128154737,0
6,102,4.457988412948363,5,Changeup,L,S,S,0.7718494161809151,0
2,69,2.932407505332722,5,Curveball,L,S,R,0.2606969642729062,1
4,143,1.568149162438865,6,Cutter,L,L,L,0.739296464724307,1
6,53,1.9880186200181882,1,Curveball,R,L,R,0.37653829604528255,0
8,25,1.7760842741945675,3,Cutter,L,L,L,0.202530087312106,1
8,128,4.3905226413057035,1,Sinker,R,S,L,0.6446011290849971,0
6,68,7.249285076255147,3,Curveball,R,L,L,0.673055013519726,0
4,25,7.301813008707181,6,Slider,R,R,S,0.38285527945978515,0
8,136,0.43811022020660406,7,Slider,L,S,L,0.667068327518195,0
8,137,0.6391952076151481,2,Cutter,L,S,L,0.6788110377809746,1
1,26,1.960952457378748,2,Slider,L,R,L,0.6051823439558359,0
4,116,2.0404756197557994,6,Sinker,R,R,L,0.2231842885575861,1
4,137,0.7591134019140089,6,Curveball,R,S,R,0.6004511530483987,0
7,148,3.107706729387524,6,Curveball,R,S,S,0.7594434963456116,1
7,46,4.701803141530298,7,Changeup,R,L,L,0.5721891260075918,1
8,135,4.625297604795709,6,Cutter,R,L,S,0.4201540775590466,1
5,77,4.347437450068742,2,Slider,R,R,S,0.5380888950867169,0
7,108,2.7093753990999776,2,Sinker,L,R,L,0.7958875353144521,0
8,116,5.651645482532645,6,Cutter,R,R,L,0.4835492814213455,1
9,36,6.611871527848571,2,Slider,L,R,S,0.704930418915622,1
3,120,2.7701941318192675,4,Changeup,R,L,S,0.2831205397434859,1
3,48,0.6842828743956959,1,Curveball,R,S,R,0.23388854233811515,0
4,121,2.370642008734852,5,Curveball,L,L,S,0.4340887003892249,1
5,142,1.0989492365992222,6,Sinker,L,R,L,0.2826635487392817,1
1,73,3.738869817817447,2,Fastball,L,L,S,0.3983165172052394,0
7,46,1.2474812105286261,4,Cutter,L,R,L,0.6292566927808029,1
9,121,3.7027580612638182,6,Slider,L,L,R,0.4672927731861193,1
8,136,1.768023138597182,4,Fastball,L,S,L,0.3927285520647069,0
5,123,5.909848843699224,1,Cutter,L,R,L,0.7349023526222331,0
4,64,0.2205459266867651,7,Slider,R,L,S,0.2056572952307287,1
7,133,4.437970430655405,1,Changeup,R,R,S,0.6884170081524938,0
5,106,1.3559061993604535,3,Cutter,R,S,L,0.5727612748295233,0
7,50,0.007934915757016547,3,Slider,R,R,R,0.2278734262579794,0
1,56,6.953600704518457,7,Curveball,L,S,L,0.22049246739308473,1
1,55,5.372222302512541,2,Cutter,L,L,L,0.3031403627823809,1
3,138,0.7915425764041872,0,Slider,R,S,L,0.7864435236819114,1
2,24,5.312578941470845,3,Sinker,L,R,L,0.2514253502799928,1
2,71,4.893178661900788,0,Curveball,R,L,R,0.6433134544949755,1
7,68,3.7868534963456266,5,Curveball,L,R,L,0.4409552941743736,0
2,25,3.354064787404912,3,Fastball,R,R,L,0.3419873920092146,1
4,142,7.096558103325879,5,Slider,R,L,L,0.5450026969801268,1
2,137,1.9611841591796102,4,Fastball,R,S,S,0.42091268627340256,1
6,42,3.1864804561070663,4,Sinker,L,S,S,0.3861093697888557,0
8,129,2.632923303158618,5,Fastball,R,L,R,0.3437733632721258,1
4,63,6.1696082322930685,4,Changeup,R,L,R,0.47469040699065795,0
5,60,7.331722449860315,5,Fastball,R,R,L,0.3017629913381517,1
4,69,6.798253589921844,0,Fastball,L,R,R,0.7111686095633432,0
3,71,6.381631442398148,2,Changeup,R,L,L,0.55504565077458,0
5,89,7.894319564560663,5,Changeup,L,L,R,0.23772889413127427,1
9,128,5.577156403283081,3,Cutter,L,R,S,0.4742261420614465,0
8,137,6.00843032970827,3,Fastball,R,R,L,0.5777542111367181,1
8,128,7.862420317640152,7,Curveball,L,S,L,0.7169663090557805,1
8,114,0.055926283193392656,0,Changeup,L,L,S,0.21408779218865026,1
8,63,5.07238701149092,5,Slider,L,R,R,0.4737652565834612,1
7,86,5.911772255626317,4,Cutter,L,S,L,0.6235045331299665,0
8,86,7.34261643005756,7,Cutter,R,R,S,0.3176766981833477,1
8,37,7.070754433474742,2,Fastball,L,L,R,0.33280752865127106,1
8,79,6.7356854498703544,3,Sinker,R,S,R,0.49380425773081466,1
7,93,7.56633017553363,7,Curveball,L,R,R,0.7306967787693142,1
1,68,4.29903350330966,7,Sinker,L,L,L,0.43896277053113075,1
4,34,0.05536076467861406,2,Sinker,R,L,S,0.4906918553887304,0
4,92,0.08843518957607621,2,Changeup,L,L,L,0.5814549555113182,1
5,67,4.357112444942865,1,Slider,L,L,R,0.38647071615125517,1
6,91,3.4821779109115303,2,Fastball,R,S,L,0.7202515895183721,0
4,132,3.609960426923588,5,Curveball,L,R,R,0.7771157337975076,0
2,148,3.203237897680296,6,Fastball,R,R,R,0.5901844245054797,0
6,72,7.3418064727298855,1,Fastball,R,L,S,0.5830857122946027,1
8,37,2.8733628093583192,7,Cutter,L,R,L,0.6041304687951399,1
8,31,6.849815534104666,6,Sinker,R,L,S,0.31633823013944284,1
7,67,7.222918350333127,0,Slider,L,R,L,0.6394234571858317,0
6,49,3.9960141599916383,4,Slider,L,R,L,0.4081863990654351,1
2,116,3.5755042989207064,1,Slider,R,R,L,0.7960115995800263,1
7,26,6.0881648337235745,6,Slider,L,S,R,0.6513005961236475,0
5,111,5.663772061119059,2,Changeup,R,L,S,0.5502599259777767,0
6,132,2.6282809327696475,4,Changeup,L,S,S,0.7473413752186848,1
8,22,0.8203850073971726,2,Slider,R,R,S,0.7820241309073268,0
8,126,2.118819201459843,2,Curveball,R,S,R,0.6908446980884354,1
3,82,1.0482280464983917,1,Changeup,R,S,L,0.6539583532367357,0
7,121,2.357858206213531,7,Changeup,R,S,L,0.2363940580380067,1
1,34,2.0945725246463924,0,Curveball,R,R,R,0.6236096081379101,0
1,110,5.101691391093708,7,Slider,R,S,L,0.40145283247442964,1
7,100,7.635968227638237,6,Fastball,L,R,L,0.757947736582397,0
9,80,5.485949858643869,2,Changeup,L,L,S,0.5670579003910985,1
7,139,7.413195264516557,5,Fastball,L,R,R,0.4223920758959961,1
5,80,6.273058068867547,7,Fastball,L,R,L,0.40338688265264133,1
8,72,5.823020976569386,7,Curveball,R,R,R,0.5328988309057598,0
2,45,3.3124955217067313,1,Slider,R,L,R,0.4948987648381972,1
9,134,2.598356022906949,7,Sinker,R,L,L,0.43452502259596354,0
6,59,6.770218979783354,5,Fastball,R,R,L,0.32507221888420845,0
9,107,7.2431458634320425,5,Slider,L,R,R,0.677883402710246,1
2,135,3.615059949207456,6,Cutter,R,L,R,0.4600465543449196,0
3,40,0.07250478549315531,2,Sinker,R,L,L,0.2593374664497966,0
8,62,6.340248471251764,6,Sinker,R,R,S,0.2512421799565777,1
1,40,2.280550723778333,5,Sinker,L,L,L,0.34286981529925087,0
7,50,0.0791029201353659,6,Slider,L,R,R,0.5313376934357834,1
7,46,6.439908471808977,4,Curveball,L,R,R,0.28878697239178963,0
1,92,4.139313510535185,0,Curveball,L,R,L,0.3290102225850681,0
9,116,5.481685970707753,2,Cutter,R,L,L,0.5010219305038008,1
8,109,7.31751856915582,5,Curveball,L,L,R,0.33065623575726777,1
4,63,4.329390641104843,0,Slider,L,L,R,0.7148386082827622,0
5,62,4.025552580631726,6,Sinker,R,R,R,0.5540051353074116,1
2,50,2.325296970786108,0,Slider,L,R,S,0.25149590933347155,1
9,136,2.441550675519621,4,Sinker,L,S,S,0.28393147286261344,1
6,95,6.372336528237167,4,Slider,R,R,R,0.31710442508426695,1
3,53,3.5922339646874963,3,Curveball,L,R,R,0.5779366027954016,0
7,99,1.3082096688649631,0,Slider,L,S,L,0.2633902411169433,0
9,23,0.7562301120039647,2,Changeup,L,R,R,0.2259738299321793,1
3,91,3.783360934894235,4,Sinker,L,R,S,0.6370762298865957,0
2,117,3.7196401889418436,2,Sinker,R,L,R,0.4868760045112997,0
7,129,5.227666225643168,0,Cutter,R,S,S,0.7092758684727489,1
7,47,3.7685398219611255,4,Changeup,L,L,L,0.6757146883347804,1
4,149,1.1478056330737179,3,Slider,R,S,S,0.364104623167282,0
9,36,4.062423078388108,0,Curveball,R,R,L,0.31535556330668413,0
8,77,7.254315231088201,2,Cutter,L,S,S,0.5097857134728896,1
1,146,1.2755312929616993,7,Changeup,L,L,S,0.2480624770404835,1
1,28,5.518037127821992,3,Slider,R,R,S,0.5797170527857418,1
5,50,4.750874119724212,0,Curveball,R,L,S,0.2073076473015788,0
6,107,5.988685813694421,4,Slider,L,S,S,0.6818631317612345,0
3,81,1.204802187420742,5,Sinker,R,S,L,0.734418332301465,1
9,38,7.532842695247957,0,Changeup,R,S,R,0.7977202367710137,0
6,100,4.967731422137269,1,Changeup,L,L,L,0.40646438702008525,0
4,126,6.776569101529095,2,Cutter,L,R,R,0.5371557625960727,1
7,74,1.9728541094418848,4,Curveball,L,R,L,0.7177767933820349,1
8,131,5.915303115183693,4,Fastball,L,L,S,0.47728340264769464,1
9,142,6.248245634671352,1,Slider,R,L,R,0.3975552243663676,1
6,84,3.1794821790966052,5,Curveball,L,L,R,0.22929507991540177,0
6,143,3.0716276230673767,3,Fastball,R,R,L,0.43644404894338723,0
8,22,5.262370120205994,7,Curveball,R,S,R,0.24733479811714393,0
5,40,0.7472614540817277,4,Slider,L,L,S,0.41779763108697876,1
3,56,5.8849932017400715,6,Slider,R,L,R,0.4058192038227494,1
3,34,0.3430940787152874,3,Cutter,L,S,L,0.5883084509269569,0
6,106,1.5247224089666078,3,Changeup,L,R,R,0.419646002650391,1
2,139,5.313150057930938,3,Changeup,R,L,L,0.4305023975292745,1
6,63,0.7865893367357106,5,Changeup,R,L,S,0.3718103985246368,0
6,58,7.77473673181432,0,Cutter,R,L,L,0.5647888627244897,1
8,44,6.947169675695205,1,Changeup,L,S,L,0.43361008014872526,1
7,75,5.010418659253892,2,Curveball,L,S,R,0.7691528162220289,0
8,140,6.552459645354799,1,Changeup,L,S,L,0.7351828584189835,1
9,109,7.100640388716543,4,Changeup,R,S,L,0.34215017702532713,1
6,83,2.0758051965745477,1,Sinker,L,R,L,0.44238335798255163,1
3,108,6.795292703594556,2,Slider,L,S,L,0.5807495377823408,0
3,131,1.5583502691008144,0,Cutter,R,L,L,0.2097869782470219,0
1,95,3.306738113190523,4,Cutter,R,L,L,0.33644713455703795,1
5,29,4.466077049988795,0,Changeup,L,L,R,0.3710178783031996,1
4,81,5.7111277045922595,4,Sinker,L,L,R,0.4414381793723659,1
9,109,0.2411305417802243,2,Fastball,L,R,L,0.7335873615610364,0
9,79,2.324075302225512,0,Slider,R,R,L,0.2577962205489808,0
5,126,4.868152785683122,2,Changeup,L,R,L,0.23949983922787177,1
4,57,2.85894943319295,2,Fastball,L,R,S,0.5986509513921847,0
7,66,6.200200445035947,5,Curveball,R,R,L,0.4186965097810163,0
6,97,5.21321728920573,1,Sinker,L,R,R,0.3066323497904289,0
4,72,1.8752116297898862,4,Sinker,L,S,R,0.6210834929883531,1
2,81,1.1674318367386647,3,Slider,L,R,L,0.34576432291401216,1
1,42,5.032375948696403,3,Sinker,R,R,R,0.5393838658782633,1
4,63,3.603738621638062,0,Cutter,R,L,R,0.4452538884993379,0
4,71,1.3516563288105488,2,Fastball,R,L,S,0.41672967961275614,1
1,65,2.610993642547019,1,Changeup,R,R,L,0.632685003761726,0
6,103,2.4243739865486926,4,Fastball,L,S,R,0.5680453774044575,1
4,66,0.8650557787150008,0,Cutter,R,S,R,0.5083051667269881,0
1,110,4.3752721541218245,2,Curveball,R,S,L,0.2768508574148862,1
1,71,6.109189071300433,5,Fastball,R,S,R,0.5513843509646079,0
1,43,4.603735110823896,3,Changeup,R,R,S,0.6156511772065847,1
8,108,6.610330919498819,3,Fastball,L,S,L,0.6888796471739476,1
8,83,1.0205483777234505,4,Sinker,R,R,R,0.3796430450107998,0
2,138,3.484894862577791,4,Curveball,L,R,L,0.3585867007939978,1
7,83,4.875320829264793,4,Fastball,R,R,R,0.6492635326360983,1
8,105,5.408012487535259,0,Curveball,L,R,S,0.4804722108368873,1
8,75,5.566290451387416,4,Curveball,R,R,R,0.4435132178948036,1
7,78,5.831723416783048,7,Slider,R,L,S,0.29637250849620583,1
5,144,5.211438497568134,0,Slider,R,R,L,0.46049261286600074,1
1,66,0.7538247115269412,1,Changeup,L,R,S,0.6356763077611386,0
9,140,5.562445420818372,2,Changeup,R,R,L,0.4703315496962676,1
7,121,5.798261254195101,3,Changeup,L,L,R,0.7236382278001536,1
2,63,7.947839474669017,6,Curveball,L,L,R,0.20252547925443218,0
6,34,5.546899493609008,6,Curveball,L,R,R,0.30797987754784084,0
2,124,5.494643166012391,0,Slider,R,S,R,0.5687699447626531,1
1,70,4.118506321455776,2,Sinker,R,R,L,0.6031890377047455,0
7,72,6.943383268680911,5,Curveball,R,S,L,0.3654209384253414,0
2,53,7.974678095689266,4,Slider,R,S,R,0.7651348458588372,1
2,143,6.232358961579457,3,Fastball,R,R,L,0.3983858873218844,1
5,96,4.900003022862467,5,Changeup,L,S,L,0.4467141199563008,0
5,142,0.6316386154525455,7,Changeup,R,L,L,0.7858270314663112,1
7,89,5.8139130538370205,0,Cutter,R,R,R,0.487514227410614,1
1,40,5.668492548655603,4,Sinker,R,L,S,0.5677201696512242,1
8,127,6.204545182475454,7,Slider,L,L,S,0.5241070544915336,1
3,127,0.9964431071959146,2,Cutter,R,R,L,0.30650305585321547,1
4,109,5.229860001009148,7,Changeup,R,R,S,0.7949007125847982,1
9,98,2.3657912396133973,1,Cutter,R,R,S,0.23544386818702367,1
4,61,6.08216994722267,2,Fastball,R,L,L,0.7900973687768686,0
5,71,1.9229916322517298,0,Cutter,L,R,L,0.48079742282516097,1
7,121,5.4718294145632855,1,Fastball,L,L,L,0.31376384482650255,0
4,124,2.3599435758718377,1,Changeup,R,S,R,0.30015847664272133,0
1,98,0.0719543425394491,4,Curveball,L,R,S,0.593348094024719,0
9,131,5.0668632957847635,2,Slider,L,L,S,0.6264847304869134,1
4,123,0.9061526652713789,0,Cutter,L,R,L,0.7392167027898697,0
9,35,5.274331782305713,5,Sinker,R,L,R,0.3419114678235084,1
6,115,7.4048755868555,5,Fastball,L,L,L,0.45992685716488724,1
1,56,7.753967473688722,1,Sinker,R,S,R,0.7827151214220678,1
3,65,1.8873846986209006,4,Changeup,R,R,S,0.4568015787666313,0
2,21,6.474025821205239,7,Sinker,L,L,L,0.4757488180378771,0
9,138,2.8284262149795225,5,Sinker,L,R,L,0.37311842438129605,1
1,106,7.203656581983859,1,Changeup,L,L,S,0.7225706769319642,1
9,113,6.29991654903499,6,Curveball,R,S,R,0.41937313019613576,1
9,22,0.5913737331661091,7,Sinker,L,L,R,0.5813244859453969,1
8,130,3.2570959510182185,2,Sinker,R,L,S,0.3095595999429903,1
8,20,2.6985426080773927,5,Sinker,L,R,R,0.5694456133179185,0
1,124,6.281448165786216,3,Changeup,L,S,S,0.7603790569826447,1
8,41,3.282285685225273,6,Sinker,L,L,S,0.6660989051938185,1
3,84,5.47670718122467,0,Changeup,R,R,S,0.240615427347173,1
7,40,4.819482044723523,6,Curveball,L,L,R,0.5803782335428342,1
1,23,7.80510975278107,3,Changeup,R,R,L,0.535203923185471,0
1,132,7.502279654412919,2,Sinker,L,S,S,0.40314473605381607,1
5,49,3.4215961179097496,7,Fastball,R,S,R,0.7056215178595322,1
5,50,5.788625693129195,3,Sinker,L,R,S,0.6750246258047248,1
8,39,6.635680751849774,2,Cutter,L,S,R,0.5891636592389562,1
7,73,7.191086030897162,2,Cutter,L,R,S,0.6465090598489747,0
8,145,0.5450741102118695,4,Fastball,L,R,R,0.31589746333859153,1
6,34,2.4166303941879743,6,Cutter,L,S,S,0.7522192628645954,1
6,76,2.5618403277481745,3,Sinker,L,S,S,0.6008193383754293,0
2,98,3.475567609759029,1,Changeup,R,R,S,0.48069040169909877,1
6,33,1.3541180057233522,2,Sinker,L,R,R,0.3158649604288505,0
5,110,3.9696470396000647,6,Cutter,L,S,L,0.609658016106063,1
3,33,5.305714618387649,3,Cutter,R,S,S,0.25803020445759517,0
6,118,3.9789113617337417,1,Changeup,R,R,R,0.39184862105796103,1
8,52,5.326344761580926,0,Cutter,L,R,R,0.5442689548620397,0
9,20,0.5315330545432024,1,Changeup,R,R,R,0.5876570932603074,0
1,53,7.007898653659282,3,Curveball,R,S,L,0.2103981077061994,0
3,38,7.512553536808547,7,Sinker,L,L,L,0.20528599218528892,1
3,23,4.943259392949189,7,Curveball,R,R,L,0.26687694020750513,1
8,96,7.051127989095176,3,Cutter,L,L,S,0.660997414759124,1
1,77,1.0515681331856994,1,Curveball,R,S,S,0.5402615088494719,0
5,122,6.3795913606104815,1,Cutter,R,L,R,0.5650483206873019,1
3,86,0.9531855477807518,5,Curveball,R,L,R,0.5620574766125283,0
2,135,3.2640818519802934,2,Cutter,L,R,S,0.2220903632868368,0
8,139,2.5905482764662002,3,Slider,L,L,R,0.3033676876472012,1
3,41,4.684734601763634,2,Sinker,L,S,R,0.6367197967744553,0
7,131,2.4121162819162683,2,Fastball,L,R,L,0.5874308447003962,1
1,94,5.098509037337061,6,Sinker,L,L,S,0.46717408510930086,0
6,51,2.9390983132156627,0,Curveball,L,L,L,0.2122397246297797,1
3,86,6.886323048243716,6,Changeup,R,L,R,0.4501066624494521,1
8,23,5.071070721756892,3,Fastball,R,L,S,0.34877250364268214,0
6,49,1.722386378571569,2,Cutter,L,R,L,0.6183615453873152,1
2,32,2.6890353762246963,7,Fastball,R,R,S,0.6948061517838687,1
6,40,6.779367101013246,0,Changeup,L,R,R,0.5022839463609923,1
7,60,3.091837999899668,5,Changeup,L,S,R,0.4421153561090862,1
5,140,4.286392524525161,7,Sinker,R,S,R,0.36382542830209996,1
3,38,5.191535487618662,2,Cutter,R,R,S,0.2555664539660235,1
4,67,2.782477196687334,7,Sinker,L,R,S,0.4230489906285662,0
4,105,2.3518290460645463,2,Curveball,L,S,L,0.6068192112073998,0
6,82,3.802039220864229,5,Curveball,R,L,S,0.5996465775244874,1
1,56,1.719047776742313,3,Slider,R,R,L,0.44766650985592904,1
4,50,2.2736846953525074,6,Sinker,R,R,L,0.7795870286410109,1
4,93,0.4966278722562887,7,Changeup,L,L,L,0.7640448601797569,1
1,126,2.4317622077680436,1,Slider,L,S,S,0.725390463377596,1
9,122,2.5656327469085545,5,Changeup,L,S,S,0.4614789220808029,1
4,129,7.694665330330557,1,Slider,L,R,S,0.6479192725123935,1
7,39,4.717830603727041,3,Sinker,L,L,L,0.75739988983281,1
3,105,6.299059403326445,7,Curveball,R,S,R,0.6425821853730134,1
3,63,0.3630180222425796,6,Changeup,L,L,L,0.3894563740664878,1
8,101,0.8522935488669754,1,Sinker,L,L,L,0.2408047953267411,1
8,83,6.5162956869007385,6,Sinker,L,R,L,0.774807462879934,1
1,141,4.988396395341086,7,Curveball,R,L,S,0.7954557053989599,1
2,106,1.5278562443216233,4,Fastball,L,L,L,0.6161846395875008,0
8,84,3.238363246893906,1,Curveball,R,L,L,0.3892117934849235,0
1,74,4.3093799998529825,6,Changeup,L,L,L,0.7190172318992449,1
8,93,6.748878633099534,5,Fastball,L,L,R,0.7720726681532755,1
8,136,0.48329593355595346,2,Slider,R,R,S,0.5038657479135592,1
2,148,4.773778314938899,2,Cutter,R,S,L,0.3869895639444757,1
4,114,5.7362873726934716,0,Changeup,L,S,L,0.44381584641577876,1
6,118,7.823134863283675,7,Cutter,R,L,R,0.24430884386617774,1
9,131,6.457280626337475,5,Cutter,R,R,S,0.539400826039383,1
8,71,2.2098185085221873,7,Fastball,R,R,L,0.42731209431679285,1
8,52,5.6766335510261205,6,Slider,L,L,S,0.7307243843629363,1
7,23,6.106223079415817,3,Curveball,L,L,L,0.36533140424038657,0
9,106,5.837883999347161,0,Fastball,L,S,L,0.20502220011362754,1
2,94,6.56115254361496,7,Slider,L,S,S,0.6422975441473469,1
3,28,7.229839809709101,2,Curveball,R,S,R,0.20444501071357912,1
8,83,0.787438951914722,2,Curveball,L,L,L,0.5275826628144182,0
6,49,0.8381108614489508,0,Slider,R,S,S,0.30875537360359434,1
9,95,6.371199910165168,5,Curveball,L,R,L,0.566287499579422,1
4,148,2.018979812171767,4,Changeup,L,R,L,0.3187305632306465,1
8,34,0.46833137560062355,1,Changeup,R,L,R,0.5011262693956191,0
3,108,3.2098334478448463,6,Fastball,L,L,R,0.40104132197590975,1
3,147,6.559015294608625,7,Curveball,L,S,S,0.3095329389815838,1
8,45,1.012520190511843,6,Curveball,L,R,L,0.5638895204039747,1
5,80,5.37473577443574,4,Slider,R,S,L,0.2493311842853569,0
3,142,0.028926894172541573,4,Changeup,L,R,S,0.7646817433001798,0
1,86,0.8778995776995995,7,Cutter,R,S,L,0.6668777376615524,1
3,45,2.8068027661478947,4,Fastball,R,L,L,0.7495205747678444,1
9,102,0.6688182481953122,6,Sinker,L,R,S,0.22548035380693016,1
5,127,6.767213339496903,7,Changeup,L,R,R,0.20128382355868774,1
2,130,6.912564025163751,5,Slider,L,R,L,0.41475700648221353,1
7,79,6.044565624796194,4,Fastball,L,S,R,0.5700083230341182,0
2,58,1.9398370511649397,1,Cutter,R,S,R,0.34663733276018394,0
4,142,4.185976601919839,3,Sinker,R,S,R,0.5295954669813899,1
7,55,1.4735082041869711,0,Fastball,L,R,S,0.5636009772425609,0
4,40,2.2502276005848865,7,Changeup,L,L,S,0.2909761968596138,1
7,137,4.128042337390329,4,Cutter,L,S,S,0.6613234494077902,1
7,67,5.880110467686382,4,Sinker,R,R,R,0.7618154871504303,1
1,45,0.7572350431491133,0,Slider,L,S,R,0.5840766399649491,0
6,55,2.373573581024689,7,Fastball,L,R,R,0.7687092685338839,1
9,147,7.412970788575378,7,Changeup,L,R,L,0.3476802759227161,1
2,34,3.4329865422551054,6,Slider,R,S,R,0.22190872454375166,0
3,98,7.510957391274515,6,Cutter,R,R,L,0.3484613541033439,1
5,47,7.931204332417085,7,Fastball,L,S,R,0.5888667471548257,1
9,139,4.213278608891327,7,Curveball,R,R,L,0.5585809525342618,1
4,107,2.3043520782788045,0,Changeup,L,L,L,0.36044340598010743,1
1,50,6.326214468580632,6,Changeup,L,L,S,0.44482837676861275,0
4,66,1.2744858842001197,6,Curveball,R,L,S,0.42058113561116406,1
6,53,2.016374877376564,3,Slider,L,L,R,0.7702554487702935,0
5,21,6.279039275994258,2,Changeup,R,S,S,0.3886028367111326,0
1,125,3.469167397856239,3,Slider,R,R,L,0.31586771891314935,0
4,113,1.612303495901334,2,Cutter,L,R,S,0.5393675882295731,0
6,91,5.209005959618596,5,Curveball,L,L,S,0.2748943109690504,1
4,71,5.862094891053463,1,Slider,L,L,L,0.5047219324677097,0
9,109,1.0005699156045527,6,Cutter,L,R,R,0.6121668039702006,1
5,111,2.215842079799473,3,Fastball,L,R,R,0.765957853083298,0
8,97,1.7702140429778659,1,Changeup,R,R,L,0.7353546178681369,1
9,144,3.038837030099617,0,Curveball,R,L,S,0.7047295450331756,1
5,69,6.1075591646085154,3,Fastball,R,R,R,0.4363236657481079,1
6,112,5.709664818194594,5,Fastball,R,L,L,0.7363845998471132,0
1,143,5.300191283069632,0,Fastball,R,L,R,0.6299833380765107,1
7,73,0.05028436694872962,5,Slider,L,L,L,0.4649162282395772,1
4,97,1.1371465070431155,5,Changeup,R,R,S,0.5384470468508242,1
2,97,1.7863803928165343,4,Curveball,L,L,R,0.4616665184417863,0
5,39,2.1756467683107967,0,Sinker,L,S,L,0.3180726105045519,0
3,110,1.1714123331912,6,Sinker,R,R,R,0.47101245146007187,1
6,118,3.282524411791117,5,Changeup,R,R,S,0.6844458075363563,1
8,75,0.6014446801122073,4,Changeup,R,R,R,0.35995283410309076,1
7,21,6.000177523102246,2,Changeup,L,R,L,0.5842042964280341,0
3,124,6.30176629836884,4,Cutter,L,L,S,0.5319639252882906,0
8,131,4.594133516807185,6,Cutter,L,S,L,0.7520653373684378,1
2,43,0.7176390163357427,2,Cutter,R,L,S,0.6477017688371349,0
9,128,7.120665356374064,4,Cutter,L,S,R,0.4168348508850799,1
4,87,7.725086629664916,4,Changeup,L,R,S,0.5370358402727943,0
1,133,1.618908482574315,1,Changeup,R,L,S,0.7467272005406254,1
8,103,5.637118555525758,1,Sinker,L,L,S,0.3358883521330568,1
7,68,6.735509045139886,6,Curveball,L,L,S,0.4846899908607359,1
5,51,4.318748180341618,0,Sinker,R,S,L,0.3330083735972591,0
5,80,2.586584796213991,5,Sinker,L,S,S,0.4510546583085064,0
7,148,3.828469720642821,6,Curveball,R,R,L,0.23493393937388546,1
5,121,4.098150006275616,1,Curveball,R,L,L,0.7255822671779799,0
8,54,3.2050963535042234,2,Sinker,L,R,R,0.7869474508929806,1
6,70,7.4387399490696495,1,Sinker,L,S,R,0.5406850629960983,0
5,64,5.951064887540016,0,Sinker,R,R,S,0.5324443660121116,0
9,96,1.9304131380397118,7,Curveball,L,L,S,0.7734940342110053,0
2,132,4.684457498558948,3,Curveball,L,L,R,0.4359450117572186,0
1,84,5.50951320744934,2,Cutter,R,S,R,0.5726544818496805,1
8,33,1.1212513736170422,3,Changeup,R,S,L,0.702356668131008,0
3,112,2.8674059390411903,7,Curveball,R,R,S,0.5034464812565393,1
7,43,7.244386252831328,2,Slider,R,L,R,0.33289886217887626,0
8,84,4.537384801481612,7,Curveball,R,R,R,0.687620911427274,1
6,32,1.7359819684825348,5,Curveball,R,S,L,0.3626812677094252,1
9,119,0.9822783849532062,5,Changeup,L,S,L,0.7062655515899536,0
7,118,4.145815147799022,5,Sinker,L,R,R,0.7667678343080735,1
5,74,4.381485784233153,0,Cutter,R,L,S,0.5276298085540045,0
8,82,2.6753156108368987,1,Fastball,R,S,L,0.2295785573683552,1
2,90,5.043328227352948,3,Sinker,R,R,L,0.7733706884246141,0
7,118,0.5494774897551098,3,Sinker,R,L,S,0.6987945845076796,0
4,85,1.161117546129125,1,Changeup,R,R,R,0.2704155809585672,1
9,98,4.370190568090074,0,Cutter,L,S,R,0.5776325794643594,0
1,92,0.49452555075563165,1,Slider,R,L,S,0.3893673203299856,0
7,66,7.047270119928805,4,Fastball,L,S,S,0.3981980091445572,0
6,100,1.1371709636521343,4,Cutter,R,S,L,0.5481845200378914,1
8,145,5.391358992676292,5,Sinker,L,S,R,0.6271280049296808,1
5,71,3.129627533715402,4,Cutter,L,S,R,0.20674029636938676,0
1,42,3.1983019803379875,3,Changeup,R,S,R,0.29160366981551156,1
1,40,6.11911622888915,5,Cutter,R,R,S,0.7416808926161851,0
9,83,3.9956970733833117,3,Curveball,R,S,S,0.49699520225971267,1
6,91,5.805243709150931,0,Cutter,L,S,R,0.4951261426116486,0
5,149,4.041529830022154,2,Fastball,R,S,S,0.7041889173121072,0
1,88,4.743242731242107,1,Cutter,R,L,S,0.2776249682701089,1
6,87,6.085717022957313,6,Slider,L,S,S,0.6281985861643253,1
6,147,4.858469943370203,6,Curveball,L,L,R,0.503735378529107,1
3,126,4.924920875110309,6,Fastball,R,R,R,0.6449533283506965,1
8,128,6.313756731420756,2,Fastball,R,S,R,0.607560394125172,1
1,91,7.592694526554986,3,Sinker,R,R,L,0.5998906481280079,1
1,122,3.013729231482694,1,Changeup,R,R,R,0.7136227260217876,1
6,84,4.61693725780761,3,Changeup,R,S,L,0.5304679673738818,1
1,131,0.6901852618683648,0,Curveball,R,R,S,0.44470978580212506,1
6,98,2.8704310445509353,5,Fastball,R,S,S,0.3190972180574746,0
1,145,3.296393807115088,1,Sinker,L,R,S,0.4063861104728822,1
6,140,6.681898534592408,3,Slider,L,L,R,0.7219571720937314,0
3,106,4.107139217005415,4,Cutter,L,L,L,0.40248381002086187,0
8,67,5.8485309863876624,6,Cutter,L,L,R,0.7912542451282591,1
6,107,0.1520592002053709,4,Cutter,R,S,R,0.5647929117732565,1
1,87,3.7159413570265247,7,Changeup,R,R,S,0.6889806713560934,1
5,120,7.210541321308674,3,Fastball,L,L,L,0.49595678333338095,1
8,36,1.7945112744462808,7,Fastball,L,S,R,0.5927326616213002,1
3,57,0.2521774824569034,2,Slider,R,L,L,0.7937181056188374,0
6,73,3.4672698697078115,5,Changeup,R,L,R,0.5001619461639201,0
5,71,5.635454565180763,0,Slider,L,S,S,0.3580155149314664,0
6,34,3.635708054731756,0,Fastball,L,L,R,0.589926356503917,1
1,87,3.6798265080901267,6,Cutter,L,S,L,0.7517643581124505,0
7,131,5.358440329906556,3,Changeup,L,L,S,0.21031916935854178,1
9,123,2.035110466264392,0,Changeup,R,S,R,0.7955333624938996,1
2,26,6.01511833313582,1,Changeup,R,L,L,0.5267290307322761,1
5,70,1.2249082472458674,0,Sinker,R,R,L,0.6796666324387335,1
4,77,3.1660048422879017,7,Sinker,L,R,S,0.2709330927827575,0
6,128,5.248064867767344,4,Cutter,R,S,S,0.3749013515460705,1
6,130,6.6269520578415815,3,Sinker,L,S,R,0.78629552203683,1
2,50,6.332248569320442,1,Changeup,R,R,S,0.3727427919100005,0
2,111,5.773484794461583,6,Sinker,L,S,R,0.44732905183169247,1
4,125,2.8727710682911285,7,Sinker,L,L,L,0.3684206892158765,1
1,32,0.9784345303497908,7,Curveball,R,L,S,0.48108055012185746,0
9,138,1.7346737415439248,0,Changeup,R,L,L,0.29543211896027394,1
7,134,6.91867051661188,6,Sinker,R,L,L,0.5053086392275381,1
7,76,6.858650961061276,7,Cutter,L,L,R,0.3790638125605352,0
3,145,7.612486820312126,4,Sinker,L,L,S,0.6890753322422112,1
3,73,0.6079092151643328,5,Sinker,L,L,R,0.4338582437819809,0
1,38,4.294472682219649,2,Changeup,R,S,S,0.6756321733485358,0
3,96,5.1894643592338685,0,Sinker,L,R,R,0.5850527736820842,1
3,88,5.685259016534853,6,Curveball,R,L,R,0.7490565432658649,1
4,63,5.1509058800834415,7,Curveball,L,L,R,0.6863744067975179,1
4,57,6.160091119218256,4,Sinker,R,S,L,0.7406711504753227,1
3,81,2.8757726103147325,5,Changeup,L,S,S,0.5153852534964729,0
8,41,1.4354621770838571,5,Fastball,R,R,L,0.7480670186731131,0
8,92,1.6366669772035083,4,Fastball,R,R,L,0.2928437269617967,1
1,144,0.09582951576131471,4,Slider,L,S,R,0.25066371163037326,0
7,24,2.8025749768497787,6,Curveball,L,L,R,0.5156131037781713,1
2,73,0.7339524070398182,4,Fastball,L,L,L,0.6956288949114922,1
1,105,2.571909542321527,2,Slider,L,L,S,0.32730517413479,1
3,22,5.025680617329982,3,Fastball,R,L,R,0.7811689688938175,0
4,57,7.155824444694559,4,Changeup,L,L,L,0.31114502826688656,0
6,92,6.716843607924131,3,Sinker,R,S,S,0.6252197985492709,1
5,57,2.021393695660615,5,Curveball,L,R,S,0.7490719954526641,1
4,144,1.0726651375843756,2,Fastball,L,R,L,0.779215917004102,1
8,89,1.5445781903738505,6,Changeup,R,S,L,0.5968471714284145,1
4,84,7.767893215228855,5,Slider,L,L,S,0.5445248090830725,1
2,44,4.395795837483926,7,Changeup,L,S,S,0.2545166395587288,0
3,35,1.4600177840045987,2,Slider,L,R,L,0.2118846722005229,1
6,34,6.725969237494521,5,Fastball,L,R,L,0.7914555115549553,0
8,56,3.1615299545004394,1,Sinker,L,R,S,0.36462030370950993,0
8,144,7.193777215797819,1,Cutter,L,R,R,0.243344069078076,1
9,132,2.085417014675892,4,Sinker,R,S,S,0.5230875549820734,0
7,20,3.1457740704338892,3,Changeup,R,L,S,0.3875585166106754,0
2,90,4.039582102320677,5,Cutter,L,L,S,0.4145562545576805,1
8,122,7.140922672712253,7,Curveball,R,S,S,0.4122580490087774,1
7,38,6.9500594528404465,2,Cutter,L,L,R,0.34921362298053976,0
8,71,4.594840562431023,0,Sinker,L,L,L,0.7806078807949302,1
3,137,1.7742040782471253,1,Curveball,L,L,S,0.3591324761298419,0
7,126,3.226855773903001,1,Fastball,R,L,L,0.5342298224291139,1
9,74,7.805064522924043,5,Fastball,R,R,L,0.34317466550410847,1
3,33,4.8621857910192166,6,Changeup,L,L,L,0.6571160993232701,0
6,32,6.248782040993573,0,Cutter,L,S,S,0.3374108915064309,1
2,103,3.5989175628913577,7,Curveball,L,R,S,0.5687930181922309,0
2,109,4.256058203734451,7,Curveball,R,R,S,0.7003759029152226,1
5,46,3.4316328978603527,3,Cutter,R,S,R,0.3629792952367587,1
5,108,5.623367984495744,7,Sinker,L,L,L,0.6819452334629239,1
7,60,6.811768111095019,7,Fastball,L,R,R,0.2554924676391216,1
2,67,4.0589083457965085,3,Sinker,L,S,R,0.26984313655476466,1
7,31,3.8469396690898057,3,Fastball,L,S,S,0.4403502752723173,1
5,25,2.7222917367871755,4,Curveball,R,L,L,0.4441558042594128,1
6,60,1.4167735543526705,4,Changeup,R,L,L,0.5098883054582688,1
8,25,7.513981783000871,6,Fastball,R,S,S,0.21421286828184294,0
4,149,2.52863774943604,5,Slider,R,L,S,0.2702841410745065,1
7,34,6.405531708594284,0,Curveball,L,S,R,0.20616498618095172,0
6,35,5.7227761702997935,5,Cutter,R,L,S,0.7727133202230938,1
2,104,6.327340802225033,2,Cutter,L,L,R,0.38800971793691685,0
8,29,7.494145066976819,0,Sinker,R,S,L,0.6128420270892285,1
9,38,4.986966081767178,2,Sinker,R,S,R,0.5650643774787688,0
5,87,7.183602747056357,0,Curveball,R,L,S,0.6348252340364244,1
4,61,1.3415785832983493,4,Sinker,L,S,L,0.7297113316063073,1
6,103,5.013700607654301,3,Sinker,R,R,R,0.33988877046545124,1
8,72,6.178204903316901,1,Curveball,R,L,R,0.45545121061277016,0
3,117,2.1731290459533925,6,Fastball,R,R,L,0.39706660407828615,1
1,61,5.92603041033572,7,Curveball,R,R,R,0.24947899098171306,1
4,49,6.227814632929895,0,Curveball,R,R,R,0.21915532603808507,0
4,28,6.649503648131558,0,Sinker,R,S,R,0.6588735706321038,1
1,53,2.5030633007674625,6,Slider,L,L,S,0.2775364878942447,0
9,107,5.452852721346473,1,Cutter,L,L,S,0.2092184057565405,1
3,69,2.434026267278097,6,Sinker,L,R,S,0.4630459233319481,1
5,95,5.912323099987643,0,Fastball,L,S,R,0.39336027825804487,0
6,65,3.703789321165698,7,Changeup,R,L,L,0.23966442408130134,1
8,65,4.78035499621776,6,Fastball,L,L,R,0.2309549418932485,0
6,145,3.326719851444551,3,Cutter,L,L,R,0.7478936898397432,1
3,36,1.2958634154385944,5,Changeup,L,R,S,0.7638040860495012,0
6,85,1.4242362368429093,1,Curveball,R,R,S,0.4893743289773555,0
1,123,0.620551258097076,7,Slider,R,R,R,0.7089708460035593,0
4,24,4.944581437773294,1,Slider,R,R,S,0.6800557231331488,0
6,142,6.789107183624474,3,Cutter,L,R,R,0.5476118584911406,1
7,144,0.16669461009664754,7,Sinker,L,L,S,0.6504818208323522,1
3,131,0.529916016706828,3,Cutter,R,R,R,0.7583248306022952,0
9,35,3.6597359384232826,1,Slider,R,S,R,0.5397832100725588,0
7,100,5.901765889345515,3,Changeup,L,R,L,0.5070015242542565,0
1,110,1.2616611576956105,5,Changeup,L,R,S,0.2021261691960659,0
2,91,2.173210556393551,3,Sinker,R,R,L,0.5252853503067911,1
1,115,1.8560496102544572,7,Fastball,R,L,S,0.6905005616783564,1
9,130,3.192409749369233,5,Curveball,L,L,S,0.6572620729094178,1
9,101,1.7999894161405692,7,Sinker,R,S,S,0.5874778756984532,0
7,57,2.820789428358024,3,Changeup,R,L,L,0.2147508442527455,0
3,73,5.828340789295553,1,Curveball,R,R,S,0.7552186828304768,0
5,95,4.888073987633513,0,Cutter,R,S,R,0.4574635872145932,1
4,34,0.6494536431335431,2,Changeup,R,S,R,0.542920958531248,0
7,135,5.101965329965742,1,Changeup,L,S,S,0.4386372015400166,0
9,28,3.816617372473708,7,Changeup,L,R,S,0.4093276790526357,0
2,27,7.47652459765711,6,Fastball,R,L,S,0.5063563131941522,0
8,129,2.314434536832426,2,Sinker,L,L,S,0.49681927772193724,1
9,70,5.80933135759328,3,Cutter,L,R,S,0.4138487430226903,0
9,50,5.846886584356559,3,Slider,R,L,S,0.6823124995014256,1
7,121,1.7720062480734988,0,Fastball,R,R,L,0.23036918993578814,1
9,22,7.225788999767489,3,Fastball,L,R,R,0.27021355197707575,0
9,118,3.9294656034368245,6,Changeup,L,S,S,0.24952380163821491,1
3,102,5.431066935114419,7,Fastball,L,L,L,0.538995727372813,1
4,62,1.1668444710680363,2,Sinker,R,S,L,0.4475099272101498,1
2,48,2.062431335935754,1,Sinker,R,L,S,0.47122645316649575,1
3,29,4.6888569434977825,1,Sinker,L,R,L,0.5460485719827728,0
5,65,2.552218146986796,6,Slider,R,S,R,0.39438088318239717,1
5,49,3.9975433485677874,5,Fastball,L,R,S,0.30987584088038067,0
6,113,2.992041594986314,0,Sinker,R,R,S,0.384099284252181,1
7,51,5.124430373152384,6,Fastball,R,S,R,0.7963929132279135,0
7,66,3.897162902246471,2,Changeup,R,S,L,0.7716132659862656,0
1,107,0.03687948778534533,3,Cutter,L,L,S,0.7739811089521462,1
2,82,5.197446703563072,4,Sinker,R,L,R,0.21657830829005664,0
9,42,3.376972456401454,7,Slider,R,S,R,0.253670666975795,0
2,93,2.733586723921783,0,Changeup,R,L,S,0.22742569039875818,1
6,69,0.7531740182657884,0,Fastball,R,R,R,0.6892828855500421,1
1,143,1.7629575245319318,4,Sinker,R,R,S,0.7948210370354656,0
3,32,1.7901783326468275,6,Slider,L,R,L,0.5257929489702158,0
2,145,7.482955995237832,1,Curveball,R,R,S,0.6204989361088349,1
3,48,3.4601037979723746,5,Sinker,R,R,S,0.4113338233211693,0
5,140,0.3365267777213603,7,Sinker,L,R,R,0.659240830474747,0
6,109,1.110533457946567,7,Fastball,R,L,R,0.5936499478876093,1
9,97,0.6322614058632965,1,Cutter,R,S,L,0.680576412474752,1
4,128,4.71095512165769,1,Fastball,R,S,S,0.5000143816470929,1
7,33,1.4929719325346138,4,Cutter,R,L,L,0.31641062908932394,0
6,67,3.9884611222542077,7,Curveball,L,L,R,0.4854339818607856,1
2,43,2.9604965029598045,3,Changeup,R,L,L,0.38725563243148176,1
8,98,6.431011017153595,7,Changeup,R,S,S,0.6164641590134609,1
7,70,2.5639170981228983,3,Sinker,R,L,S,0.2821098319836242,1
7,22,3.6661238591744665,5,Changeup,R,L,S,0.3991466080318183,0
8,147,5.770284388782606,5,Slider,L,S,R,0.2039462896485419,1
1,138,3.4668096554451147,2,Cutter,R,L,R,0.6893152433281131,0
1,77,6.3457242881055125,2,Fastball,R,R,S,0.44397578642712365,0
8,144,5.293474849893319,1,Slider,L,S,R,0.6657123237314961,1
4,132,3.284232911573728,4,Slider,R,S,L,0.25855937114159294,1
5,74,4.0318554054909015,5,Fastball,L,S,L,0.3162775185376302,1
8,138,7.737627646737548,0,Curveball,R,L,S,0.7102809663432645,0
5,139,5.292891972067139,3,Changeup,L,S,R,0.5572760472399738,1
4,99,7.239961807778599,6,Curveball,L,R,S,0.20354016595445634,1
6,61,1.430068027768515,4,Curveball,L,R,L,0.7430770463578553,1
5,40,3.8658892499612154,7,Changeup,L,S,L,0.7900987416647061,1
7,29,7.269293358760405,5,Curveball,R,R,R,0.5967110247114382,1
7,76,2.580896491531341,2,Slider,R,L,L,0.636694962346199,0
4,75,7.741313585171366,5,Sinker,L,S,R,0.28016050601166653,1
5,57,0.7766199237892595,7,Fastball,L,R,R,0.6597495785091112,1
3,105,7.221369362200295,3,Sinker,L,L,L,0.25939669809013743,0
4,132,3.5616969765268696,5,Slider,R,S,L,0.7338490632481902,0
4,131,0.5899533211292853,3,Sinker,L,S,S,0.5028836063220439,0
3,73,7.036172740688699,7,Slider,R,S,R,0.28470713393131925,0
5,65,2.0155216992729077,4,Cutter,R,R,S,0.25322744745095815,1
5,23,0.17800100396180163,5,Changeup,L,S,R,0.4640687972078244,0
7,81,1.0864568445535383,5,Changeup,L,R,L,0.20320323441896665,1
4,143,5.272917935198093,2,Sinker,R,L,R,0.7767360272389792,0
4,147,7.822491913105559,4,Slider,L,L,S,0.3024106038842217,1
9,131,0.8916971166681344,0,Changeup,L,L,R,0.4517109505228207,1
6,104,3.695584384998096,3,Cutter,R,S,L,0.5640026244365742,1
4,23,1.44509240758026,6,Sinker,L,L,S,0.6048897104597326,0
2,84,5.960292272812737,6,Fastball,L,R,R,0.5388856954979195,1
6,81,0.9444711980945133,4,Curveball,R,R,R,0.3071541156660599,0
2,109,1.9187339878471166,6,Changeup,L,R,R,0.483079998706695,0
5,139,1.571247741192571,4,Slider,L,R,R,0.393557875971354,1
6,149,4.420158242935823,6,Changeup,R,R,R,0.2536279131244323,1
4,64,6.985472736005058,0,Slider,L,R,L,0.4325145190213961,0
3,131,4.0887216092513485,4,Sinker,R,L,L,0.5652998897628894,0
7,61,0.46594762217177,3,Sinker,L,S,S,0.26123065130488254,0
2,60,4.50711144477465,7,Curveball,R,R,R,0.29898644962555215,1
6,108,6.380167994544075,6,Changeup,R,L,L,0.2517647533018196,1
4,61,1.0572495784345817,7,Curveball,L,L,L,0.2006709390970825,0
6,54,0.5816897147567337,1,Slider,R,R,R,0.7618608085707226,0
4,86,1.5024622204605524,1,Cutter,L,L,S,0.7029693829068804,1
4,60,5.96869058257302,2,Cutter,R,R,R,0.3389271370018614,1
4,118,4.7334433562560125,0,Fastball,L,S,S,0.546579830903422,1
9,69,4.324757231693991,7,Slider,R,R,S,0.6809613562241085,1
7,123,1.9958391570541467,2,Slider,R,S,L,0.4199224136340065,0
3,105,2.6578927619748756,1,Slider,L,L,S,0.6434304171883855,0
3,98,7.727080103546738,0,Sinker,L,L,L,0.7211950140587338,1
6,64,1.9250018138350855,7,Sinker,R,R,L,0.4991923092758577,1
6,125,7.213163386040708,4,Cutter,R,L,R,0.7328256630444421,1
4,141,4.644252035661893,4,Cutter,R,L,R,0.32598316269012384,1
9,96,0.9863717309699824,3,Cutter,R,S,S,0.7408661589872405,1
4,75,3.738499025240544,7,Changeup,R,R,R,0.683293019751966,1
9,131,7.588389738887007,5,Changeup,R,R,R,0.7040392603249124,1
4,112,3.348524785098869,1,Cutter,R,S,S,0.20269891814515653,1
2,60,6.907092518314898,4,Curveball,R,S,R,0.5981748235509792,0
2,25,2.0514295572136616,0,Changeup,L,S,L,0.4403912892806971,0
5,117,4.567377214402984,5,Sinker,L,R,R,0.5627385000635883,1
4,92,6.75081646561579,5,Changeup,L,S,R,0.25019487021971193,1
7,60,7.365507529357564,4,Changeup,L,R,R,0.3418851526789896,1
5,28,3.8865869372104056,2,Changeup,R,S,L,0.41076975379886066,0
6,27,5.117504817163432,2,Fastball,R,L,S,0.6310576186002261,1
4,123,0.02384104625864758,2,Changeup,L,R,L,0.5317485501666916,0
2,32,2.025786460107117,7,Curveball,R,R,S,0.2087772103294137,1
9,38,2.229696829975566,5,Fastball,R,R,L,0.4008653932006052,1
7,117,0.7479440932354464,2,Sinker,L,L,R,0.7639763856763044,1
4,115,2.2375601068558133,2,Sinker,L,L,L,0.30791032224452575,0
3,68,2.568976264465113,5,Changeup,L,R,S,0.3420663335071842,1
3,119,7.750128316545546,3,Slider,R,S,R,0.38443094954980206,1
9,101,5.348819044486701,2,Fastball,R,R,S,0.360792781287844,1
5,85,3.408040635330754,3,Sinker,L,R,R,0.27303508524819453,0
3,110,7.904435685564074,3,Changeup,L,L,R,0.3875961266407014,1
5,78,1.2258585618768896,4,Curveball,L,L,L,0.5236586603137758,1
2,72,3.8084095514438765,5,Cutter,L,S,S,0.6051677882869132,0
4,71,5.176497656392395,0,Sinker,R,S,L,0.5857136973279216,1
2,100,0.44464507587261615,2,Changeup,L,R,S,0.2976055163770295,0
2,34,5.7359908646649505,0,Slider,R,R,L,0.5687145074734277,1
8,140,0.7989388233759191,1,Curveball,L,S,R,0.41499480464592997,1
1,24,1.1222584687974155,7,Sinker,R,R,S,0.6931015373459035,1
7,37,1.2775160996966726,3,Fastball,R,R,S,0.4174468266651714,0
5,75,7.431118613244142,6,Curveball,L,S,L,0.7859412495731155,1
8,94,5.465884361105342,1,Changeup,R,S,S,0.5688929020538565,1
1,115,5.243420008824833,3,Sinker,L,S,L,0.4573874369001208,0
7,133,4.443947971719937,2,Sinker,L,L,L,0.5018673408312517,1
5,120,2.3424479895608226,1,Slider,L,S,S,0.3055718659506531,1
4,47,4.9671176367948116,5,Sinker,R,L,L,0.6080827413683016,0
7,69,3.2811977591091184,4,Curveball,L,S,S,0.7778405914797357,0
2,21,1.163329200740919,7,Sinker,R,S,R,0.5089749810611826,1
1,87,5.516778322621865,1,Curveball,L,L,L,0.7954108994125313,1
1,147,1.0366573434393818,7,Cutter,R,L,R,0.2902774234768343,0
1,96,1.5253486481693859,3,Cutter,L,R,L,0.5826102956933394,1
5,43,6.541594494780847,5,Changeup,L,R,S,0.6067486860011898,0
7,131,5.280936769001232,3,Fastball,R,R,L,0.3870335336374213,1
2,138,5.047929233709139,0,Fastball,R,L,L,0.41093897018298514,0
8,55,3.3456222747417925,6,Slider,R,S,S,0.7672821652276209,1
4,21,3.1702441459149693,6,Changeup,L,L,R,0.5671635312621377,1
3,146,5.522100873483209,1,Fastball,R,S,S,0.6689154491921867,0
8,124,5.920044308872366,4,Sinker,R,S,R,0.6355910092077827,1
2,37,4.0817056189144845,2,Curveball,R,S,R,0.5665893138378661,0
3,27,7.75415395478821,0,Changeup,R,R,L,0.22872295155764255,0
3,34,7.645596471350975,1,Curveball,L,L,L,0.5976146378146794,1
1,42,3.299435920102069,0,Slider,R,L,R,0.4069477353661578,0
6,112,6.564978034265229,1,Sinker,R,R,S,0.4814140637934546,0
2,68,4.346142732787323,6,Changeup,L,S,R,0.7108724264003052,0
1,83,4.094047100457396,2,Sinker,L,R,L,0.7812245183630333,1
2,53,0.4397124910292147,2,Sinker,L,S,S,0.616569174245827,0
6,37,4.591797683746481,6,Sinker,R,R,S,0.33918829465065736,1
4,83,7.204623444505317,7,Slider,R,L,L,0.3906131849997306,0
6,125,6.241070793560737,4,Cutter,R,R,S,0.2828663529571752,1
9,93,6.2905371575940965,0,Slider,R,L,S,0.5484215310920671,0
8,121,1.2794323086107138,4,Sinker,R,S,R,0.7579498663014901,0
1,36,2.867595577068509,1,Cutter,L,R,R,0.6865610555503562,1
8,71,1.8656393332018864,2,Changeup,R,R,L,0.5261830751720503,1
9,83,2.5273222596450875,2,Curveball,R,R,R,0.7648395337983462,0
6,53,4.636314747949803,3,Curveball,R,R,S,0.7380497828917774,1
5,114,2.918270506961983,3,Curveball,R,L,L,0.41664536365750193,1
6,106,4.4855825397141285,6,Slider,R,L,L,0.5298677173581218,0
6,121,3.5080099861966163,4,Changeup,R,R,L,0.3775771261034586,1
9,95,2.292924467597821,0,Changeup,L,L,S,0.20526306291817725,0
4,38,0.763227473641269,6,Cutter,L,R,R,0.47071304723447654,0
2,93,7.134707658758261,1,Changeup,L,L,S,0.650066253745389,1
9,69,0.09098692803718933,4,Curveball,L,L,S,0.5805020009133142,1
2,58,0.013219905135769316,2,Changeup,L,L,R,0.7560912740355803,1
9,31,6.614381918108368,2,Cutter,L,R,R,0.611464520191396,0
2,98,7.97448752260632,7,Changeup,R,R,S,0.28475433238765613,1
8,34,5.81682262170925,7,Changeup,R,L,R,0.3600909289678845,1
9,47,0.1221907045030779,2,Curveball,L,S,S,0.2752048270722442,0
9,55,1.8135218133481068,1,Changeup,L,L,R,0.6768412820645955,0
9,138,7.77458160209569,6,Slider,R,R,S,0.7704173669016723,1
2,84,6.468834017390678,4,Cutter,R,S,R,0.33575906328409066,0
4,117,4.534398750437688,1,Cutter,L,R,L,0.6593141071343107,0
7,66,1.8948856755228718,5,Cutter,L,S,R,0.4622015059486352,0
2,100,0.11496164741399184,7,Changeup,L,S,S,0.4131287377710989,1
1,58,0.16689178109927205,2,Slider,R,R,R,0.7921309008835198,1
3,57,4.895846908241813,3,Sinker,L,L,R,0.4075276994564827,1
4,63,0.17465501081938495,4,Sinker,L,R,S,0.5966178291713522,0
8,116,7.9490411354029815,3,Cutter,L,R,R,0.6276788531279152,0
6,143,1.4670706679499048,4,Fastball,L,L,L,0.6638174724649951,0
2,45,5.685658894954218,6,Sinker,R,L,L,0.7172043989767116,1
9,116,1.2404777712993074,2,Sinker,L,S,L,0.5397120015988616,1
2,20,4.320747368781716,3,Curveball,R,S,L,0.5626381028681985,0
5,72,0.6448903077297405,7,Fastball,R,L,R,0.6266824173430758,1
4,25,6.1342273962659455,3,Fastball,L,R,L,0.28933245400392865,0
7,56,4.679368757798637,4,Cutter,L,L,R,0.32003025350847275,1
8,21,0.6893335472113202,5,Fastball,R,L,L,0.6585860034904878,0
5,142,6.788689513600044,5,Fastball,R,L,L,0.28097920462907683,1
5,88,4.376148918213616,3,Sinker,R,R,S,0.6130805930561176,1
2,32,7.372738480106544,3,Slider,R,R,R,0.2194484444359511,0
8,88,7.332986989424901,6,Curveball,R,S,R,0.4025285791265312,1
2,85,7.364062315892659,7,Changeup,L,L,R,0.5973466386588546,0
6,78,0.6222816016037438,2,Cutter,L,L,S,0.6240283893624821,1
8,87,0.9676620940361875,4,Sinker,L,R,R,0.5780701201065893,0
6,78,7.901646477729583,4,Sinker,R,L,S,0.46492381297729185,1
4,136,3.900806571189648,0,Cutter,R,R,R,0.35280293901035364,0
4,29,1.9057124226331812,4,Fastball,R,S,L,0.5679786192565084,1
6,149,6.157315907989264,7,Changeup,R,S,S,0.3109836606646956,1
4,34,2.114281769699856,7,Sinker,L,S,S,0.23615969931155034,0
8,65,5.817725504149139,2,Changeup,L,R,S,0.21176156756802317,1
9,108,6.698286222798089,3,Changeup,R,R,R,0.3606396102544105,1
1,96,6.274107018362245,6,Cutter,R,L,L,0.2179797818496033,0
4,129,2.192382465583483,0,Cutter,L,S,S,0.3495252033078644,1
4,116,3.2129485926338965,6,Sinker,L,R,S,0.37364332163582614,0
2,64,3.306008025866211,6,Sinker,L,S,R,0.4069599798769871,1
6,110,3.9301833448357746,3,Sinker,R,S,R,0.6280881261783693,0
3,133,1.3389828123210883,4,Slider,L,S,L,0.4647872200587945,1
7,92,3.6197604033147392,1,Cutter,R,L,S,0.7911805681744559,0
5,54,4.086263924123838,7,Cutter,L,R,S,0.7684141145420111,1
4,61,4.253671972648419,3,Slider,L,R,S,0.7889223718204199,0
5,46,6.559203439875666,5,Cutter,L,R,S,0.4473377570992624,0
8,51,4.138675987835962,4,Fastball,R,L,S,0.22652155414367778,0
3,122,1.8462713801094015,5,Fastball,R,L,L,0.7161785944694006,1
7,104,5.305029905953497,2,Slider,L,L,S,0.4609318195648292,0
6,97,6.378513152693001,5,Sinker,R,L,R,0.5846969334013637,1
1,63,2.554973331506094,4,Slider,L,R,S,0.7060564192219374,1
7,51,5.162447432140842,0,Fastball,R,L,S,0.5643838570863083,0
7,47,1.1755039675681012,5,Changeup,L,R,S,0.6421417340595397,1
1,96,2.7354104366245124,7,Cutter,R,S,S,0.34924897979505276,1
9,37,7.273791436397073,1,Curveball,R,R,S,0.31703291902911507,1
6,122,7.290465305300566,6,Curveball,L,S,L,0.533161550630771,1
2,89,4.602596629944509,1,Slider,L,L,R,0.5827674934775091,0
5,138,5.6188116869208535,1,Curveball,R,S,L,0.7230689698069173,0
4,116,6.832123321647531,5,Changeup,L,L,R,0.6928391859066618,1
7,54,7.668425482501013,2,Curveball,L,R,R,0.7934317818537424,0
8,88,3.9190915223181557,1,Fastball,L,R,R,0.7798120347487982,0
1,145,4.492605893008275,3,Slider,L,L,S,0.5741058665363138,0
5,118,3.325132533182642,6,Sinker,R,R,L,0.5020826904859457,1
3,97,0.57585549645143,7,Curveball,L,S,R,0.6563856249528894,0
1,130,3.3824277795905475,2,Cutter,R,S,R,0.3568235500741278,0
3,36,6.325018715064617,4,Slider,R,S,S,0.4114256565900876,0
6,23,6.439083983932229,0,Changeup,R,L,S,0.6602755490355792,1
7,111,7.139016916746398,2,Fastball,R,S,L,0.7699824273846148,1
8,94,0.4117336414077526,6,Curveball,L,S,R,0.7372143289437205,0
4,122,4.217236716645071,6,Fastball,R,S,R,0.24371431935948848,0
3,43,0.8593959034966101,0,Changeup,L,S,R,0.33914990428416647,1
5,84,1.6059374653259466,2,Sinker,L,S,L,0.3639787372312847,1
9,136,7.201732019044852,4,Curveball,R,S,S,0.42991337671237273,1
6,101,3.974330067437567,0,Sinker,L,L,S,0.24243546074679004,1
9,25,6.068359367172909,6,Sinker,R,S,L,0.33852980954633327,1
6,85,0.5150728474294466,2,Slider,L,L,S,0.6296857318024669,0
2,86,3.334612031398816,6,Sinker,L,L,R,0.3466707516210975,1
5,91,5.393922245314702,0,Slider,L,L,R,0.7655250822742183,1
9,114,1.0672518502257065,1,Sinker,R,S,L,0.45382035076863386,1
8,67,2.6065430328454653,6,Cutter,R,S,S,0.2598114544733595,0
7,89,0.5163824401910659,1,Changeup,R,L,L,0.7056034157854911,1
1,97,5.210719526956083,5,Curveball,L,L,L,0.7493005655761127,1
4,86,7.767130072464949,1,Fastball,R,S,S,0.7568678652551741,1
7,84,6.616363929142637,3,Fastball,L,R,L,0.4963575134574259,1
7,82,7.796984934460525,1,Curveball,L,R,R,0.7523065769285304,1
6,65,6.764838360787172,1,Changeup,L,R,L,0.6255134125183566,0
8,92,6.841566449575829,4,Changeup,L,S,R,0.31736944664776207,1
6,90,4.617417562970741,7,Sinker,R,L,R,0.519915451841807,1
3,129,4.1460184913056795,0,Fastball,R,R,L,0.4597061405713767,1
4,82,3.2500341314226207,0,Curveball,L,L,R,0.47063204279296783,1
3,60,6.54475916036704,1,Sinker,L,S,L,0.4479974444437982,1
1,26,1.4565408982241967,0,Curveball,L,L,L,0.30516451477332723,0
5,23,0.4497993265935456,2,Fastball,R,R,S,0.43401966387926805,0
1,108,7.5831505814774,5,Curveball,L,S,L,0.5072008158107756,1
1,101,0.030225481627816464,6,Curveball,R,L,R,0.3714045834698153,0
2,40,7.8146345750068145,1,Sinker,R,S,L,0.3061103974251186,1
4,147,5.8308269589901265,5,Slider,R,R,L,0.31894124633566523,1
6,124,2.627991357582621,1,Slider,L,R,S,0.31578218510114475,0
8,123,5.582558744690482,3,Cutter,R,R,S,0.4680502063593975,1
3,87,6.543001257481019,5,Sinker,R,S,R,0.3254477061389016,0
1,129,1.9628964478914872,2,Cutter,R,S,R,0.6303962164488215,1
3,85,6.167165466236655,1,Changeup,R,R,R,0.4013766368137902,1
3,46,6.434957000065921,1,Slider,R,S,R,0.7636305791126161,1
5,79,1.9948370410027634,0,Slider,L,S,S,0.23763752014676776,0
4,137,0.33541083502386826,1,Slider,L,R,L,0.385971614137143,0
4,63,1.6329782764647813,5,Slider,R,R,S,0.6430102440938636,0
9,55,1.6051712711151556,5,Changeup,L,L,S,0.6108700256155595,1
7,38,0.5219236334038655,1,Fastball,R,R,S,0.452379328288006,0
4,110,5.808059077241567,1,Changeup,L,S,L,0.7221186263879418,1
3,64,3.0397993956672655,1,Fastball,L,L,L,0.24282322386834831,1
6,117,7.075089339630867,3,Cutter,R,S,S,0.5054588225257324,1
3,38,2.0173688453214877,2,Slider,R,L,L,0.3202482820467233,0
6,60,3.625857320799419,7,Sinker,L,S,S,0.4243660538590092,0
9,45,5.112139431414103,6,Sinker,L,L,S,0.6194372796324888,1
6,47,7.019719597374224,7,Fastball,L,L,R,0.25938339824045636,1
4,83,4.1969688129549985,5,Changeup,R,S,S,0.22626300043150105,0
5,87,2.9881970224990626,3,Fastball,R,L,S,0.4524981542214567,1
6,99,6.936120627776071,6,Curveball,L,S,S,0.36285298910164815,1
3,70,2.4819713975008844,0,Cutter,R,S,R,0.6323120019272545,1
8,121,0.6353895970606116,4,Cutter,L,L,L,0.23933035663005575,0
4,29,3.56033686008192,1,Slider,R,R,R,0.7799032627168472,0
8,119,6.280746451983935,5,Slider,R,R,L,0.5724513115300984,1
3,141,0.24624665402818469,6,Changeup,R,R,R,0.500759423539715,1
7,83,4.687057959916737,0,Fastball,L,S,L,0.4475297960013648,0
9,143,4.755712388217889,5,Curveball,L,S,R,0.649403143679326,1
4,38,7.428334107419053,7,Cutter,L,R,S,0.41379427146236264,1
8,95,2.2917185371601745,7,Fastball,R,S,L,0.6661687474657723,1
3,81,2.2306929056855695,4,Curveball,R,R,R,0.6264155084881371,1
7,44,3.523869210717425,6,Sinker,L,S,R,0.5308093763590739,1
3,108,2.8553192117721213,1,Fastball,L,S,R,0.7332034957212905,0
7,111,5.890766901514614,5,Slider,R,S,L,0.40759147419879693,0
6,61,5.134016617052397,1,Sinker,R,R,S,0.23471009982545987,1
2,136,6.07136830325013,4,Sinker,R,L,R,0.42572069246418603,0
3,58,6.560334329589513,3,Cutter,R,S,L,0.7252009488794522,0
6,100,7.383849061873182,6,Curveball,R,S,L,0.2463893876877652,1
4,126,3.447493854277181,4,Slider,R,R,S,0.6578917846047341,1
6,130,7.877579115772396,4,Sinker,L,R,S,0.6951553741734489,1
1,40,1.7252865072292218,5,Changeup,R,S,S,0.4567716236144152,1
1,69,5.714921295578629,7,Changeup,L,S,L,0.3167116155491883,1
3,140,4.272074538457514,6,Slider,R,L,L,0.41330937086159303,1
8,69,6.535204757479067,2,Curveball,R,S,S,0.43908299331207884,1
8,134,3.814164164851408,1,Curveball,L,S,R,0.7593553243406903,1
4,20,6.27150908289945,6,Cutter,R,S,S,0.37077348356489837,0
6,49,7.441349717181424,7,Slider,L,L,S,0.7835675716431179,1
8,126,5.858354129120698,5,Changeup,L,S,S,0.26529226422857843,1
7,67,6.208754289746595,1,Slider,L,L,S,0.7844176530808848,1
7,106,0.537403450126849,3,Fastball,R,R,R,0.3339915661876268,1
4,148,1.639661297858245,6,Curveball,L,S,R,0.30065583681143737,0
9,38,7.79442992402875,3,Sinker,L,S,S,0.27206026120834326,0
6,65,5.545496030299155,2,Fastball,R,S,L,0.38975525454396825,1
3,149,4.491592138488037,2,Changeup,L,S,L,0.5699369670833615,1
5,75,2.9358109871716005,2,Curveball,L,L,R,0.5997980099866527,1
5,111,0.3551120096553433,7,Changeup,R,R,S,0.4219730622133597,1
5,101,2.95308726371308,3,Changeup,L,R,L,0.33845486034110506,0
8,98,3.991302986316607,4,Changeup,R,L,R,0.7970173055211447,0
9,124,1.6916760750950939,7,Cutter,L,L,R,0.3623522861816241,1
9,46,1.3850943301906602,5,Changeup,R,L,R,0.42697431184008805,0
6,74,4.067332410860135,1,Changeup,L,L,R,0.48858771746589286,1
6,79,4.687233885020351,1,Fastball,L,S,S,0.6437528346528528,1
9,128,1.9193433508361988,5,Fastball,R,S,R,0.29125683951066883,1
4,139,4.699115795649704,0,Fastball,L,L,L,0.3596804969121734,1
6,104,7.2027197109943595,3,Curveball,L,S,S,0.7981434079706404,1
4,105,3.7853860641708303,3,Cutter,L,S,R,0.6950954301761456,0
1,136,6.859121356697451,2,Curveball,R,R,L,0.4663239828197252,0
7,127,7.418171556266548,7,Cutter,R,S,L,0.26521348264609873,0
6,94,0.7391522314966856,6,Cutter,R,R,L,0.7200251997807869,1
9,138,0.7664926372543759,6,Slider,L,S,S,0.6698025290927405,1
7,26,3.8083534631008114,5,Sinker,R,R,S,0.5484126234695592,1
7,94,4.704819554541621,0,Slider,L,R,L,0.4426742643241756,1
2,77,3.407067715720234,0,Slider,R,R,S,0.7613688515835524,0
9,35,2.6116061633400243,3,Cutter,R,R,R,0.37739652952871894,1
9,46,5.127952929009247,2,Cutter,R,L,R,0.39254847592601894,1
6,70,0.016652098799362136,1,Curveball,R,S,R,0.7253206896195974,0
3,94,7.74458624690994,2,Cutter,L,L,S,0.5758054723892618,1
1,106,1.8566327055041771,1,Changeup,R,S,S,0.770540261290388,0
4,142,7.336790148664057,6,Changeup,L,L,S,0.5870067247838098,1
3,95,0.8721179562760479,3,Cutter,R,S,L,0.21979453297355575,0
1,59,1.9046974563565806,7,Changeup,L,L,R,0.3060776566322154,1
3,86,1.878989608700003,2,Cutter,L,L,L,0.3690851609153568,1
4,149,7.969223233605169,0,Slider,R,R,L,0.7203564789172243,1
8,121,0.03680436580707536,5,Cutter,L,L,R,0.6985132963429422,1
9,112,5.117105674427966,4,Slider,L,R,S,0.6741962371031107,1
3,129,6.957492648486823,0,Fastball,R,R,L,0.532122572293834,1
6,101,5.378189232197894,6,Changeup,R,L,L,0.28337596964814293,0
5,97,2.9018705457355534,5,Fastball,R,S,S,0.27872045969632336,0
6,21,7.666474901623479,1,Changeup,L,L,S,0.27565517011429264,0
4,84,7.148166036712328,3,Sinker,R,R,R,0.7127671938677071,1
6,39,3.471639361996142,2,Sinker,R,R,L,0.28493425288740076,0
7,53,4.586627940889308,6,Sinker,L,L,R,0.6851164485469101,1
9,60,7.740153502441926,6,Fastball,R,L,L,0.7068497375181089,1
7,42,7.860482895411761,3,Sinker,R,L,R,0.26302048658335153,1
6,57,3.5985862057436178,3,Cutter,L,L,R,0.7412018967996539,1
1,86,6.778800225144709,1,Sinker,R,S,S,0.7385228963406145,0
2,81,2.4158418156314907,3,Fastball,L,R,L,0.582927061714999,0
1,49,2.9745029834453174,2,Changeup,R,L,R,0.5078057676266988,0
9,106,1.3185750639218101,6,Curveball,L,L,S,0.5883833563080788,1
9,137,1.6734767422138423,0,Changeup,L,L,S,0.44288969935811806,1
7,25,5.254986418074871,3,Curveball,R,R,S,0.5531961639552667,0
2,94,4.086252944056647,2,Cutter,R,R,L,0.7817151596143443,1
6,112,1.849054885004823,2,Changeup,L,R,R,0.2679738632372265,1
4,29,3.2232769308932205,1,Fastball,L,L,L,0.34027451208934567,1
1,70,2.985467678909454,3,Cutter,L,R,L,0.5144541484495007,0
1,112,7.898881636282674,6,Changeup,R,L,S,0.35516513024974905,1
5,57,6.828526697691035,1,Cutter,L,L,L,0.7956616628164428,1
2,148,3.103730667070594,0,Curveball,L,S,L,0.6321622249006768,1
4,121,7.3113326311682645,0,Cutter,R,S,R,0.4603858527372592,1
1,100,2.741083133025369,5,Fastball,R,S,S,0.7416450660856952,0
4,102,5.343212101878875,7,Changeup,L,R,S,0.28666816010259916,1
6,50,7.7331999734569,2,Curveball,L,S,R,0.37274298810866335,1
4,40,3.122230911908418,3,Cutter,L,R,L,0.7735599571616509,1
1,145,5.43907972083947,5,Slider,R,L,R,0.5341831644075079,0
7,54,2.3673904885010657,6,Curveball,R,S,R,0.7523978400086477,0
2,64,2.130498524783797,2,Curveball,L,S,L,0.7905244727098639,1
9,78,4.5932533314524155,6,Fastball,R,R,S,0.4161356516761106,1
3,31,7.8341167842657455,3,Fastball,R,R,R,0.5458909873695856,0
8,52,3.6250707897613594,7,Cutter,R,S,L,0.7080167887107802,0
8,40,7.501095762532645,1,Slider,R,R,S,0.36364465344812147,0
3,79,7.314908161958093,0,Curveball,R,R,R,0.4680525437647207,1
4,71,2.030100898759958,5,Cutter,R,R,R,0.29199181312243155,1
2,142,3.214555256674619,6,Sinker,L,L,S,0.5915222111478133,0
4,125,5.146419827953465,5,Slider,L,S,R,0.2025166432546735,0
9,119,4.144367075291133,0,Cutter,R,R,R,0.46958497159030343,1
2,90,0.7676682389053946,1,Curveball,L,R,L,0.7574869951913206,0
3,81,7.949584241017266,4,Cutter,L,L,R,0.7383814769951631,1
4,107,6.02123200969024,4,Fastball,L,L,R,0.6822618714061222,1
5,43,3.501552305797694,6,Fastball,R,L,L,0.28469546389848716,0
1,59,4.9453483973303305,4,Changeup,R,L,L,0.5121560332571102,1
7,95,0.700582538129841,3,Slider,L,S,S,0.6314834651531489,0
7,28,3.96241322951688,5,Sinker,L,S,S,0.2607041484387653,0
9,22,7.446659326539902,1,Curveball,L,R,S,0.28820237089627454,1
4,40,7.172807664439826,3,Slider,L,S,L,0.22403941047872997,0
6,114,2.699046763865165,3,Fastball,L,R,R,0.3938441722759457,1
2,35,4.250942910570711,6,Sinker,L,S,R,0.7263934011128643,1
4,126,5.5790681927011745,1,Curveball,R,S,R,0.5044854650204443,0
2,112,2.7200741352632427,3,Changeup,L,S,R,0.7119624262479547,0
5,98,0.5190337447515079,6,Fastball,R,R,L,0.2501901030913253,0
7,89,4.043533253742438,5,Fastball,L,R,S,0.23366163859789174,0
1,67,4.813085886586691,1,Sinker,L,L,S,0.6823406414813551,1
7,34,0.04673280097208199,7,Slider,L,R,S,0.498650095166872,1
6,53,0.764602988308245,4,Cutter,R,L,L,0.4825574266452351,1
6,79,1.6583251487532182,4,Slider,R,R,S,0.4853895660114975,1
8,21,2.7844182959274733,3,Fastball,L,R,L,0.42864275372972094,0
8,99,4.328409782644643,0,Slider,R,S,R,0.7318430590469536,0
6,38,2.3507433500773223,1,Cutter,R,R,L,0.5125982780154359,0
3,68,2.20947051525203,2,Changeup,R,S,L,0.7843324223800412,0
5,97,6.954794750504655,6,Curveball,L,R,S,0.7079155686752137,1
2,47,1.1604051264114101,7,Fastball,L,L,R,0.6425426099963334,0
5,67,3.963681065378882,2,Slider,L,R,L,0.5817247890270367,0
9,115,7.622597735489088,3,Fastball,R,S,L,0.7011021331370704,0
1,128,5.000105992928367,0,Curveball,R,S,L,0.729038425012466,1
5,92,5.737643839155508,1,Slider,L,S,L,0.27994451888083655,0
6,119,3.449895931124857,4,Changeup,L,S,S,0.4158445888497858,1
7,48,0.15945733695775655,3,Curveball,R,R,S,0.6832693746093941,0
9,77,5.169042946937643,1,Cutter,L,S,S,0.3327833972577028,1
6,67,5.0553942514249925,1,Cutter,L,S,R,0.5517188389115668,1
5,42,0.8834210917066647,1,Fastball,L,R,S,0.6682703058972865,0
7,46,3.697277708997052,0,Cutter,L,S,L,0.33436272986789856,0
1,26,7.322631557325203,1,Slider,R,L,L,0.44120845032153455,0
5,68,1.640678655775801,0,Cutter,L,L,R,0.7490694047124611,1
2,128,3.6887900370728826,0,Changeup,L,S,R,0.4136014154945066,0
4,87,3.6888254816041632,5,Sinker,R,L,L,0.5628319587787369,0
7,92,6.486091745181107,7,Slider,R,S,S,0.4603069171236037,1
5,120,6.596606962635557,1,Sinker,L,R,S,0.726220414301747,1
6,27,6.074155357307135,5,Fastball,L,L,L,0.45448856783009806,1
2,72,2.92363327350619,4,Fastball,R,L,R,0.41553656162414093,1
3,22,0.5762954001481608,5,Cutter,L,R,L,0.30396352253936754,0
7,97,2.795863817792113,7,Cutter,R,L,R,0.4095453296886752,0
2,105,5.438329610170717,5,Fastball,L,S,S,0.6017326340785598,0
6,65,5.621972595912611,7,Slider,L,S,S,0.3054864989648889,1
5,109,7.720001675813752,6,Curveball,L,L,L,0.6232245172366102,1
1,28,3.629129851549668,6,Fastball,L,R,S,0.20638821838736335,0
4,134,5.059484663522323,6,Changeup,L,S,L,0.4201718032415851,0
2,149,4.3135269657802535,1,Slider,L,S,L,0.4795608983640538,0
4,94,1.204948480905899,4,Curveball,R,L,R,0.2576722028510168,1
1,100,3.6896197770570884,3,Curveball,R,R,L,0.610458439942913,1
2,147,4.358681237511954,2,Slider,L,S,L,0.2616541456142336,0
8,53,7.605996848338068,3,Fastball,R,R,S,0.2539770744743281,0
6,58,2.9323124352716485,0,Curveball,R,L,R,0.4207598579387014,1
2,32,7.840792824863822,7,Changeup,R,L,R,0.6429790429224902,0
6,69,4.338400592192675,3,Sinker,L,S,R,0.778204975785983,1
9,42,1.9397539464244602,2,Slider,R,R,S,0.6656106999566576,0
7,141,1.5333150961264623,7,Cutter,R,R,R,0.4796028143414648,1
9,139,1.133559338081854,2,Sinker,R,L,S,0.3635584135417412,1
5,107,3.623462964587624,4,Fastball,L,L,R,0.38084823968370074,1
7,131,0.17541143831138584,6,Slider,L,L,L,0.3702191756991082,0
7,130,3.560362266518923,3,Changeup,R,L,R,0.3669936680547732,1
3,91,7.90723753724757,0,Sinker,L,L,S,0.24145759263762528,1
7,76,5.360854365778133,5,Sinker,L,S,S,0.33226754483959264,0
1,20,6.078288969603237,5,Curveball,L,S,L,0.26475648984716604,0
9,132,0.9520431257461004,0,Fastball,L,R,L,0.20442426590798005,0
6,81,3.7848068919207263,4,Fastball,R,S,S,0.37136101748333894,1
5,66,2.2897848082057113,7,Slider,L,S,R,0.4113148204339815,1
7,97,7.1527802239122344,5,Slider,R,S,L,0.7564600504051975,0
5,125,1.4503397761113002,4,Changeup,R,R,L,0.7968930200281523,0
5,145,3.669866617093936,5,Cutter,L,S,R,0.5476625323065488,1
7,24,4.704381746765102,5,Slider,L,R,S,0.7405901068863654,1
7,50,4.112328732628261,3,Sinker,L,R,L,0.5709356204276409,1
3,56,6.641948223763259,4,Slider,R,S,L,0.4985467451415431,0
3,98,1.851625370557123,2,Slider,L,S,S,0.22560994873050133,0
3,71,3.01912888338953,0,Changeup,L,S,R,0.22675767378607745,1
6,62,6.33667437259162,5,Curveball,L,L,R,0.21847846958476458,1
6,59,4.224571293894439,6,Cutter,R,R,L,0.29004819133361726,1
3,82,3.2169390851836583,2,Changeup,L,R,S,0.246141206265461,0
3,149,0.23554011795865204,1,Slider,R,L,R,0.3168071860749481,0
8,106,6.027083392124875,2,Curveball,L,L,S,0.5115259108335948,0
8,92,7.777456623734082,6,Slider,L,S,L,0.5019205184037896,0
7,123,4.96229607590808,0,Changeup,L,L,R,0.40650967402467875,1
4,35,6.8523297655103566,1,Fastball,L,L,S,0.599585042037104,0
4,78,4.135005945559409,3,Slider,R,L,S,0.43515413623011434,1
3,66,1.8534477233869167,6,Curveball,R,R,L,0.3321441265482392,1
5,135,0.11553683388116376,1,Cutter,R,L,R,0.6152918563049519,1
3,128,5.227186140719914,4,Fastball,R,S,L,0.788122428500065,1
8,28,3.944870785985957,0,Slider,L,R,L,0.6864231016618996,1
7,84,6.256785176700812,4,Slider,R,R,R,0.4484309610809694,0
3,78,5.5574593394824365,2,Curveball,L,L,S,0.42540096424149565,1
9,121,7.903618945652518,3,Fastball,R,L,S,0.22318922864735435,1
5,142,4.082500667296318,0,Fastball,R,L,S,0.5942435906712903,1
9,110,3.417398317384075,3,Fastball,L,L,R,0.33357437521082794,1
7,115,2.2939175155143596,5,Slider,L,S,L,0.6101108109664155,0
7,77,3.8148903343301956,0,Fastball,L,L,S,0.6561016328501041,1
6,51,6.982971824983377,6,Slider,R,S,S,0.7278776390442043,1
2,67,0.33951780633393014,4,Slider,R,L,R,0.5289500050936666,0
9,64,7.82320037828951,2,Sinker,L,L,R,0.6979865633780908,1
6,119,7.946457554462384,1,Fastball,R,S,L,0.6339111822208883,1
8,119,4.782571028703214,7,Changeup,L,L,L,0.41178870276805957,0
1,65,2.652353629563211,7,Cutter,L,R,S,0.2638573048456473,1
5,145,1.7843917465761905,3,Cutter,L,S,S,0.34530196792055534,0
1,65,2.21192316547903,0,Changeup,R,S,R,0.7067467115697768,0
8,140,0.4008434120397748,0,Fastball,L,R,L,0.5206530627275419,1
8,107,3.8008876678668706,5,Slider,L,S,S,0.5993375164565444,0
1,80,0.4585941669152467,3,Curveball,L,L,R,0.6836445045455044,0
9,65,5.747793718207402,1,Changeup,R,S,L,0.6002257052277024,0
2,100,2.9754356442628325,2,Cutter,R,S,L,0.7136327614286542,0
9,64,1.5949178539773055,0,Cutter,L,R,L,0.2518157471815789,0
1,137,4.358828462688307,7,Slider,R,S,R,0.7421881265952137,1
9,66,7.79007445794411,0,Cutter,R,L,L,0.6875731401380886,1
4,42,5.561048392147346,3,Cutter,R,S,R,0.7418045194463077,0
9,80,3.9339748008332815,3,Slider,R,S,R,0.6385148096275832,1
7,32,6.21531439403605,0,Fastball,R,R,R,0.3646361409699733,1
6,26,5.8998117751919095,0,Sinker,R,R,L,0.26832760818781354,1
5,47,7.133883688462349,5,Cutter,R,S,S,0.2777828827715644,1
9,115,1.63735158075158,0,Sinker,L,L,S,0.4993428544014835,0
2,126,6.871020610069856,4,Sinker,R,R,R,0.4345618458241971,1
2,117,2.408208696333591,0,Fastball,L,R,R,0.5925304562626448,0
9,131,7.527991422600777,2,Curveball,L,L,S,0.501966584251306,1
3,20,2.2485211915738814,2,Fastball,R,R,L,0.27519199843517955,1
8,62,7.414788345301409,6,Slider,L,S,S,0.2013473068211684,1
9,61,7.71032571571264,5,Slider,L,R,S,0.27698788763517507,0
8,114,1.163930859656114,1,Slider,L,L,L,0.2880433660904982,1
4,148,7.795999066102264,3,Cutter,L,S,R,0.6319511148245215,1
1,70,0.6857837474342583,1,Changeup,R,L,S,0.3711686248906706,0
4,34,1.7485422929001757,0,Cutter,R,L,R,0.25618216288726614,0
9,144,3.5533502469824363,3,Fastball,L,L,L,0.6532273996614737,1
2,106,7.948778925693681,0,Curveball,L,L,L,0.764291605973328,1
3,72,3.908504409323035,3,Curveball,L,R,L,0.2602893697471306,1
8,108,4.403275545427887,5,Curveball,R,R,L,0.7778354440962689,1
6,125,5.555399596189188,6,Sinker,L,R,L,0.7701588543671809,0
8,25,7.746348466183611,4,Curveball,R,R,R,0.5138705786143056,1
7,50,6.266811200993955,7,Sinker,R,S,L,0.3774592848956695,1
5,59,1.7932320353895888,6,Changeup,L,R,R,0.28285530442896256,0
9,88,2.4239274453148374,4,Curveball,L,L,L,0.6943121209472862,1
4,32,0.7810259168681952,4,Sinker,R,S,R,0.5628439613082414,1
6,23,5.155618913317919,6,Cutter,L,R,L,0.5907791704641912,0
2,22,1.4459224523137726,5,Curveball,L,R,L,0.716526094876645,0
2,84,2.0592391078349257,6,Slider,L,S,R,0.4663665176587161,0
2,46,7.104909241443017,1,Fastball,R,R,S,0.42086504510622397,1
7,126,2.6140454026561217,3,Cutter,L,L,L,0.6573828181512105,0
2,69,4.533173746833336,1,Changeup,R,L,R,0.37833211677878786,0
2,36,3.1805280703134162,7,Cutter,L,L,R,0.3967555034883935,1
9,51,0.5922502992473087,3,Slider,R,L,S,0.4286547415530088,1
7,36,2.9029106391736406,7,Curveball,R,R,L,0.7138148021377786,0
3,53,3.2645456242874467,7,Curveball,L,L,S,0.6674692602321639,1
3,54,7.1656088152921456,0,Changeup,R,R,R,0.3748507266343235,1
7,69,2.595605229170716,7,Fastball,L,R,L,0.28616741686237174,1
5,122,3.033928958096543,4,Curveball,L,R,S,0.4356759085648217,1
6,52,6.263174149378676,4,Sinker,L,R,L,0.574731047660886,0
8,108,6.0716532096927835,3,Changeup,L,S,R,0.6057481770191211,1
9,148,6.386282213187926,1,Curveball,L,S,S,0.32025807142491314,0
1,104,7.630165920608032,1,Sinker,L,S,R,0.34964114126233403,1
3,78,6.364459987158273,2,Cutter,R,L,R,0.7580607314452104,0
7,29,3.2608656257431274,4,Changeup,R,R,S,0.4310358889408048,1
6,76,6.572068135184735,4,Changeup,L,R,S,0.3884855812201507,0
7,85,4.069397056719507,1,Changeup,R,L,S,0.617426145046051,0
8,138,2.2217122601485224,4,Curveball,L,S,R,0.48072625323315826,0
6,131,2.423336545048099,1,Changeup,L,R,L,0.34808116626982677,1
3,34,1.7907391085071866,2,Cutter,R,L,L,0.4455782930160396,0
2,32,1.1599436625580273,3,Fastball,R,S,L,0.2865171659436694,0
7,133,1.4759232948292027,7,Fastball,L,L,L,0.36773822033059533,0
1,137,0.505424399630555,3,Slider,L,L,L,0.4510775290848516,1
3,133,7.107606919459091,2,Cutter,L,R,L,0.5107963289400965,1
4,53,7.448062477192986,4,Cutter,L,S,S,0.6449944125801719,1
1,120,4.694163139951164,6,Changeup,R,S,L,0.43096615489654383,1
5,44,6.72391645286948,0,Slider,R,R,R,0.5274227941897731,0
3,131,1.468568821225177,4,Sinker,L,S,R,0.7706037793047917,1
2,73,7.213390601815881,7,Sinker,R,L,L,0.6909897750531355,1
3,31,4.050892477044067,1,Cutter,R,L,R,0.34220529503381125,0
8,145,0.5373199408444407,5,Cutter,R,L,R,0.3280899991397712,0
6,50,1.1305019559532816,7,Cutter,R,R,L,0.5976178990087054,1
7,97,2.4718116862945374,0,Curveball,L,S,S,0.5571979608854369,0
6,72,0.3484606428380115,2,Cutter,L,R,S,0.5281237759413616,0
6,131,2.474347024139549,3,Sinker,L,R,L,0.2925024685830423,0
3,62,0.4794434649511343,3,Curveball,R,R,S,0.41757058922367407,0
8,61,1.8882208415426014,6,Sinker,R,R,S,0.6556223217094819,1
7,143,2.1253580468515327,4,Cutter,L,S,L,0.6341528440986606,1
7,86,7.954951810934351,3,Sinker,L,L,R,0.29910428663843563,0
6,85,1.8843733901093156,7,Fastball,L,L,S,0.45611592979919013,1
5,102,1.9134915915086426,4,Curveball,L,L,L,0.4656281057790149,1
8,113,5.49431174686708,6,Curveball,R,S,R,0.5051490973018551,0
5,124,6.874859828131616,6,Changeup,L,S,S,0.4766950802622613,0
9,50,3.0964433008166923,1,Cutter,L,S,L,0.5010293913655395,0
9,137,7.0049441595255395,1,Slider,L,L,S,0.6878866749634269,1
1,47,2.721136165982057,2,Slider,R,S,S,0.43368059893073424,0
6,23,1.5761270369201545,5,Slider,R,L,L,0.5312151672743854,0
7,37,2.637110594621788,1,Slider,L,L,R,0.564060163800685,0
3,66,4.874850991423939,4,Fastball,R,R,L,0.7653830282502201,1
7,28,2.93714527449659,3,Slider,R,S,R,0.5928417527387824,0
7,48,5.38315043191431,1,Sinker,L,R,L,0.2784099270921858,1
2,111,1.8954870353798592,1,Changeup,L,S,L,0.5494745970289051,0
7,83,5.60794315191319,4,Slider,R,S,S,0.5971513578657154,0
1,130,2.7795069059877333,6,Changeup,L,R,R,0.20570098905511824,1
5,143,3.646946972815476,1,Curveball,R,S,R,0.24518354102011403,1
9,129,4.461961123543167,3,Sinker,R,S,R,0.21139885705722994,1
7,137,5.489800025487949,5,Cutter,R,S,S,0.22895176875375595,1
7,119,1.9097095347898696,3,Slider,R,L,L,0.2537990321186465,0
2,50,6.687564299286484,6,Changeup,L,L,S,0.7746892951618363,1
8,100,5.774741998041918,5,Sinker,L,S,L,0.32403253337264054,0
3,65,1.8727833521919957,3,Changeup,L,R,L,0.32273463966542953,1
8,68,7.799796500823283,7,Cutter,L,L,L,0.7144516880492435,1
3,61,5.318375928243667,7,Curveball,R,L,L,0.6516539282895022,1
7,131,3.6194150917336447,6,Slider,R,S,L,0.6054892208259882,1
2,46,1.2602186044281307,3,Changeup,R,L,S,0.4530412075352756,0
4,107,4.265768018465051,0,Slider,R,R,R,0.2187061988777318,1
6,140,1.3182070946169455,6,Sinker,L,R,L,0.695923876678024,1
9,22,3.43593342958275,3,Fastball,R,R,S,0.7164777568336067,0
5,79,3.269700181916151,6,Changeup,R,R,S,0.4890758433199966,1
9,98,5.759517154779681,6,Curveball,L,L,S,0.5869304556675663,0
5,51,1.5390654497939984,0,Sinker,L,L,S,0.48659258676147416,0
8,26,6.574970838966767,3,Cutter,R,R,S,0.3776952812662904,0
1,90,2.6090586161293263,6,Changeup,R,L,L,0.5241772819127093,1
7,147,3.5519090157502005,6,Fastball,L,S,R,0.6131593037969805,1
4,77,6.17872780443074,3,Cutter,L,S,L,0.2927338967737585,1
5,131,5.003139197708118,4,Curveball,L,S,L,0.5184292964389055,1
6,67,2.464202814415499,5,Slider,R,S,R,0.6655758293885103,0
5,130,3.089623396367048,3,Slider,R,S,L,0.48535447226899725,0
1,90,2.4462945119168813,1,Changeup,R,R,R,0.29413667538489596,1
9,94,4.758161338217257,3,Cutter,L,L,L,0.7218350149028214,1
2,93,2.6609962656547177,7,Fastball,L,R,R,0.6043153113438584,1
9,140,5.805581558265127,2,Fastball,L,R,S,0.5795167115187922,0
2,74,4.638297268669809,7,Curveball,R,R,R,0.5910027786206975,1
9,60,1.1656528939800719,4,Sinker,R,L,L,0.3470361766976493,0
6,116,2.4821489494390594,4,Cutter,L,S,L,0.49538814377730195,0
9,52,1.771579535281246,3,Cutter,L,R,R,0.39559246346161964,0
6,53,3.1225057004118826,2,Slider,L,L,S,0.7001164949951013,0
6,81,4.127872689674905,6,Curveball,R,R,L,0.5532582831202664,1
2,38,4.054102858272879,5,Curveball,R,L,S,0.6303762846502445,0
8,29,6.036189412506312,3,Sinker,L,R,R,0.5961808416885304,1
3,139,1.5133749088136748,1,Curveball,L,S,R,0.4902322467244217,0
7,142,7.571782634379574,6,Cutter,R,L,R,0.6829131643807249,1
5,123,2.742760855057349,4,Slider,L,R,S,0.5692200898777267,0
3,24,2.401990775329108,6,Curveball,L,S,S,0.33607127747881305,1
1,77,5.481428625441758,4,Slider,L,S,R,0.3744487435777231,1
8,78,6.4441330294645,5,Sinker,R,L,R,0.6961804594687917,1
3,147,3.0277741185092273,2,Curveball,R,S,R,0.7647388158175923,0
2,105,5.974775799151817,0,Cutter,R,L,S,0.5288021823484249,0
1,123,7.069887649088438,5,Slider,R,L,S,0.43132439627269115,1
4,148,6.134429321655659,2,Changeup,R,S,S,0.5750071277070603,1
8,57,0.2735718845666639,7,Sinker,R,S,R,0.4901040022006574,0
3,126,6.618951290929505,6,Curveball,R,L,S,0.7050167949219541,1
1,128,6.195847667634939,1,Cutter,L,S,L,0.6997967677002758,1
4,72,5.354321905225488,2,Slider,L,L,S,0.4736921674138873,1
9,71,6.080179352703228,5,Fastball,R,S,S,0.6827493318265143,0
1,20,7.835403166655511,0,Cutter,L,L,L,0.3157738033941132,1
2,30,3.4489031025467973,6,Cutter,R,S,S,0.42434842038626097,1
9,77,0.5377858796367825,1,Fastball,R,S,R,0.24776107626607663,0
2,147,3.6871197570217333,1,Fastball,R,R,L,0.6846765488649607,1
3,63,0.3714692431283835,7,Changeup,L,R,R,0.7851458794015063,1
7,25,2.354003264707689,0,Changeup,R,L,L,0.546058591766299,0
3,27,4.695038334374072,7,Changeup,L,R,S,0.6598977769009633,1
9,24,2.4769831434092504,3,Cutter,R,R,L,0.44095645933101923,0
6,125,5.483161967276309,2,Cutter,L,L,S,0.5369317997069409,1
3,131,6.575890621485769,5,Cutter,R,S,S,0.4084134274736391,1
9,36,3.363513434236295,1,Changeup,L,S,R,0.6181084207326117,1
1,28,7.2011036103440285,5,Slider,R,L,L,0.347746955435212,0
3,97,0.6387114508032017,2,Cutter,L,R,L,0.29194535059462245,1
1,33,6.720905313603598,6,Cutter,L,S,S,0.7391354594528958,1
2,132,6.6285851635143915,0,Cutter,L,R,R,0.7185689110312026,1
8,110,2.575951170614119,7,Changeup,R,L,R,0.7009760495104045,0
7,44,2.38972149699692,4,Curveball,L,R,S,0.692925557276137,0
2,117,2.440759849228101,0,Changeup,R,L,R,0.6377029870997697,1
2,22,6.4911496987552875,2,Curveball,R,L,R,0.7248558427180094,0
9,131,6.653227900881561,1,Changeup,L,S,S,0.32612859358926416,1
6,66,2.6377796706213408,6,Slider,L,L,R,0.7222416245389136,1
5,69,4.7407227795556945,2,Slider,L,S,S,0.7506749861265276,0
6,143,1.111465835523636,6,Cutter,L,L,R,0.6296022756681181,1
9,109,3.750229906248177,4,Changeup,R,S,S,0.559610859757556,0
7,86,7.990342806844306,1,Curveball,L,R,L,0.34164218436037774,1
9,21,1.2707131816499748,6,Curveball,L,L,R,0.7196964186789931,1
4,21,7.580501119680472,4,Slider,R,R,R,0.5460964449977916,1
2,84,6.5940377757200626,6,Cutter,L,L,R,0.5664015771014154,1
8,110,7.777717207570159,3,Curveball,R,L,R,0.5639367952688321,1
4,135,1.4366300848842641,5,Changeup,L,L,R,0.7200676866882225,1
9,68,1.708147923546914,0,Cutter,L,S,S,0.28218630156882574,1
4,88,0.13493745387886946,3,Sinker,L,S,R,0.23700339934430553,0
8,145,5.797614503324844,2,Changeup,L,R,S,0.33439025346845025,1
9,72,5.152757547489485,7,Changeup,R,R,L,0.4950558541900541,1
9,131,1.4245235065978568,3,Slider,L,L,L,0.4816495157544119,1
4,132,6.329159724336575,0,Changeup,R,R,S,0.5072185975304326,0
1,133,2.3935640490538033,1,Fastball,R,L,L,0.26860114924938544,0
3,67,1.0799645546450813,5,Cutter,L,L,S,0.6757354411858956,1
9,50,3.380501320154785,4,Fastball,L,L,R,0.381274366187607,1
4,56,0.7277587874148486,6,Changeup,L,S,S,0.7479379930134786,1
5,127,2.105949250185973,7,Changeup,L,R,L,0.7039780205596038,0
7,47,2.9706668674187693,1,Slider,L,S,S,0.23807739491275842,0
5,89,6.814913396113199,5,Slider,R,L,L,0.23213835059988286,0
4,33,6.340389930345771,3,Sinker,R,L,S,0.5773871203366593,0
2,141,3.542034286004946,2,Slider,L,S,L,0.24636564632715668,0
2,35,5.7966004620191,3,Sinker,L,R,R,0.5431027756165288,1
4,44,4.54919708943204,0,Slider,R,S,S,0.24749818027086662,1
9,85,2.7267348406245446,0,Sinker,R,S,R,0.48760905153964457,1
8,57,5.806994747962278,2,Curveball,L,R,R,0.4514639802512843,1
3,122,5.467993235731024,5,Slider,R,L,R,0.5545604086311342,0
9,117,4.952755537548816,1,Changeup,L,R,L,0.4137169952579203,1
5,134,4.943644168346005,6,Sinker,R,R,L,0.28402831437809084,1
3,59,5.463855938615814,6,Changeup,L,S,R,0.7052696490861448,1
5,83,3.076364101140306,0,Sinker,L,L,S,0.37958049354892454,0
4,108,6.952606520541619,0,Cutter,L,L,L,0.2404777518007278,1
8,119,1.2984627639716866,2,Sinker,R,L,L,0.5003568943327866,0
5,101,7.0710837059132325,1,Fastball,R,S,R,0.7266050035949299,1
8,96,2.738254744255955,7,Sinker,R,S,L,0.36843213495639116,0
9,78,1.0002529248689802,7,Sinker,R,R,S,0.47045176226744884,0
4,110,4.800219221433039,3,Curveball,L,R,L,0.4415407244522065,0
7,117,3.007893352563242,4,Curveball,L,S,L,0.22903279336714594,1
2,20,6.523997816828154,2,Cutter,R,R,S,0.7210081798365853,1
6,32,3.4462837482301385,1,Cutter,R,S,S,0.6553287906796434,1
8,49,5.348500204496879,4,Slider,L,R,L,0.2574613356273475,0
7,37,2.466063916038604,6,Cutter,L,L,S,0.2792995280749486,1
7,97,1.6756190002027207,2,Curveball,R,S,L,0.20634911722336072,0
8,51,3.1043922475905905,3,Fastball,R,R,S,0.7914309326950171,1
7,90,4.854462676819468,3,Sinker,R,S,R,0.44970811764979235,1
5,69,5.255573913690815,1,Fastball,L,S,L,0.7582338840529821,1
7,135,4.625653322384147,1,Curveball,L,R,R,0.4520859625610625,1
3,132,7.904445748992871,3,Slider,L,R,L,0.26228021785740663,1
5,99,5.528721491961322,3,Fastball,L,S,S,0.4059945081784355,1
7,50,7.452157020775342,2,Sinker,R,S,R,0.4509389776307886,1
9,70,0.9434655591613961,5,Sinker,L,R,L,0.3059686138339495,0
2,79,0.4909834385078309,6,Fastball,R,L,S,0.23210471401646832,0
4,52,2.4879576160956294,5,Slider,L,L,S,0.38991095481846166,1
7,146,1.0927115070113915,1,Fastball,R,L,R,0.5235759628904814,1
1,145,4.2069482258261415,4,Changeup,R,S,L,0.35319565498568717,1
2,60,4.15185002818623,3,Curveball,L,L,R,0.7752103824277197,0
9,38,4.600377331551601,4,Fastball,R,S,L,0.48885487466120786,1
7,60,5.961823046648582,1,Fastball,R,R,S,0.2781630327137006,0
7,104,7.770637601698559,6,Slider,L,L,S,0.44809599203823947,1
6,108,7.026069531513172,1,Fastball,R,R,S,0.6246200509539317,1
3,61,0.9469379166046528,0,Slider,L,L,L,0.4922890464320163,1
3,139,2.708109510165258,3,Curveball,L,L,L,0.39874033558606437,1
2,42,2.046584200384335,6,Changeup,L,R,S,0.2637799963431928,0
6,52,1.4145388622383424,5,Cutter,R,R,L,0.4757334398603804,1
4,39,4.357799013246276,5,Curveball,R,S,L,0.25843173973659456,0
5,109,4.426115216261844,7,Fastball,L,R,S,0.42252936205391056,0
3,123,1.8179586231044906,1,Changeup,L,S,S,0.26973456004222773,0
6,31,5.695178002453484,1,Cutter,R,S,L,0.6056961790426426,0
3,70,5.863314393356042,3,Cutter,L,R,L,0.6635620966978857,1
8,25,0.1678399586714665,0,Sinker,L,L,R,0.3460911413174966,1
9,110,3.1660616297785324,0,Sinker,L,L,L,0.24482954613639898,0
4,88,7.1211251296129685,0,Fastball,R,L,R,0.408218264529184,0
9,142,4.162548865950706,0,Sinker,R,R,L,0.5363165715586529,1
7,134,2.7810224115119544,6,Cutter,R,L,R,0.6607628517198545,0
3,130,2.029409212761041,2,Cutter,L,S,R,0.44173870196739645,1
7,80,1.9468361593462582,3,Curveball,L,R,S,0.4195672412376899,0
1,126,0.7981442708064508,3,Sinker,L,S,L,0.7450020357913267,0
3,97,6.537811352744737,3,Sinker,L,L,S,0.4698118142294808,1
6,114,0.6932592431533697,6,Curveball,R,L,S,0.4683308375535152,0
4,93,2.3383581268945264,5,Cutter,R,L,L,0.4459994668079722,1
7,67,0.36540590853082566,6,Slider,L,S,S,0.41793175725344256,0
3,115,6.251092557789604,0,Fastball,R,L,S,0.6370896860122972,0
1,50,0.3142694578143237,0,Slider,L,S,S,0.36906956494672183,0
9,53,2.4664088309456673,5,Slider,L,R,S,0.4272654739630657,1
6,106,4.586378960693312,7,Cutter,R,R,R,0.369374211441694,1
8,102,3.2764908823475505,6,Fastball,R,R,L,0.5421913263152217,1
3,66,2.2581685379928036,5,Slider,L,L,L,0.776234750140874,1
8,148,2.201512579420333,1,Curveball,L,S,S,0.4341769373628061,0
2,144,6.382322448049995,2,Curveball,R,L,L,0.7809221923742911,0
4,96,7.791824760697961,5,Fastball,R,R,R,0.5940152221984767,1
3,22,2.784328563590347,3,Slider,R,R,S,0.677267374154785,0
1,111,0.3131641088721322,2,Changeup,L,L,S,0.3998019449842778,1
7,119,0.29252622327286737,6,Sinker,R,L,S,0.3346532634974986,1
2,146,6.0737073216857445,5,Changeup,R,L,R,0.5460861400698783,1
4,87,4.418958572873016,7,Fastball,R,S,L,0.7944506719429163,0
9,109,6.268741259338643,3,Sinker,L,L,R,0.6261138461127091,1
6,108,5.579976082308598,0,Fastball,R,R,L,0.6089747951122223,0
8,29,7.260050794123172,6,Changeup,R,R,R,0.4700614516858783,1
2,27,7.086594328372988,0,Slider,R,S,R,0.7276908850976298,1
7,31,6.306619164969419,3,Slider,R,L,S,0.6181806920730399,1
6,83,3.80151328033715,7,Cutter,L,S,S,0.604929893932701,0
9,137,2.4650112608308197,4,Sinker,R,L,S,0.3755195485662407,1
7,78,4.056214299557119,6,Fastball,L,R,R,0.7746400391908166,1
1,69,4.016572858558589,0,Slider,R,L,R,0.3502327498441481,0
8,59,4.882204391114701,7,Changeup,R,L,L,0.5142122301243153,1
3,141,1.4887805422632328,7,Sinker,R,R,R,0.40373340792158763,1
2,116,5.24495904355991,1,Changeup,R,R,L,0.308465152653887,1
3,146,3.652807393646526,5,Curveball,R,R,S,0.28645602632209505,0
6,106,4.961638655526873,0,Slider,R,L,S,0.3757339571568421,1
3,96,1.9168385833563653,1,Cutter,L,S,R,0.6133876547535999,0
5,140,3.4751591510188398,7,Cutter,L,L,L,0.784869242104099,1
6,130,1.6816097156201621,2,Sinker,L,S,L,0.7119602105268674,1
8,148,7.002441254054413,6,Fastball,L,L,S,0.33081640952582864,1
7,60,3.9036883603323007,0,Curveball,L,L,R,0.24704768303067942,0
8,42,1.799851324590497,5,Sinker,R,L,L,0.6120083746517162,1
3,97,0.3296695659323703,0,Changeup,R,L,L,0.21802069707045799,0
4,30,5.405909317228335,5,Changeup,R,S,L,0.7154736532073716,1
6,90,1.7171577119180457,2,Fastball,R,L,S,0.6953286464152038,1
7,45,7.9166575385502265,5,Cutter,L,R,R,0.6762201896470512,1
9,49,4.269602987321373,1,Cutter,L,R,L,0.5314522207159205,1
1,121,2.3118159699842566,4,Changeup,R,L,R,0.7841204204691028,0
8,88,5.261419470341043,6,Fastball,R,S,L,0.4750198416579395,1
8,80,2.2017593875046844,5,Sinker,L,R,S,0.7919194788826249,0
6,125,6.562194351277972,6,Slider,L,R,R,0.7291229000171384,0
4,42,2.465888407439535,5,Sinker,R,R,L,0.2759251843358736,0
3,132,7.905981859167274,6,Curveball,L,L,S,0.7369385267301323,1
3,49,4.841158283562349,1,Cutter,R,R,S,0.3829203754410361,1
6,86,6.755289191541307,7,Sinker,R,S,S,0.6609502794791002,1
8,140,0.5825237566273778,6,Cutter,L,S,L,0.200125495799771,1
7,102,2.7863953390895055,3,Cutter,L,S,S,0.36550842576850595,1
1,81,5.899896689329197,3,Slider,R,R,S,0.6550690250186497,0
6,76,5.2404721387246616,3,Slider,L,R,S,0.7834083893972927,0
7,20,1.5539449714700622,5,Sinker,L,S,S,0.3025775546705222,1
7,121,2.849623444077679,2,Curveball,R,R,S,0.47564704465352076,1
9,88,2.1075472599003273,1,Cutter,R,S,L,0.5523018162394238,0
5,78,4.906961358094744,5,Changeup,R,L,R,0.7715375324184357,1
1,65,2.7565458356701997,6,Cutter,L,L,L,0.4719613736734679,0
2,125,2.4724339360027985,0,Curveball,R,L,L,0.7601208379435591,0
4,53,1.6590238434907336,5,Sinker,R,R,L,0.7869127804603211,1
5,120,3.2722169673171866,3,Curveball,R,L,R,0.7649791722020771,1
9,116,1.5640207215724287,1,Changeup,L,L,R,0.6492382785952208,1
1,48,7.7005566990210585,0,Slider,L,S,S,0.27573836631494103,1
3,142,1.2360144919624272,7,Changeup,R,S,R,0.5614480196699689,0
5,92,7.30643771967021,1,Curveball,L,S,L,0.652116069847708,1
3,23,3.4277847852526557,2,Changeup,L,L,S,0.7729435586270978,0
4,57,3.0229279324937766,3,Cutter,R,S,R,0.6667759684968151,0
3,39,1.8505584072387906,4,Curveball,L,L,L,0.5233609938599579,0
4,132,5.086050674940153,5,Sinker,L,R,S,0.3230982011973556,0
1,42,5.484224120086691,6,Slider,R,L,S,0.4742336441111283,0
8,130,3.7405676980193396,3,Slider,L,S,S,0.5829805134002299,1
4,64,0.44565516554739304,3,Changeup,L,S,L,0.3947594989541692,0
7,116,7.348081205508399,2,Changeup,L,S,S,0.4738702719914095,0
2,52,7.842633063011048,0,Changeup,L,S,L,0.21041622953933078,0
2,41,3.44834732169468,3,Sinker,L,R,R,0.727415023362131,0
6,34,4.909286459274617,0,Cutter,R,R,S,0.22085953971629183,0
2,40,3.602389009949974,0,Slider,R,L,R,0.445574135286372,1
6,145,2.5750372070889647,2,Curveball,L,S,S,0.5065844011256411,0
2,108,0.618550342862461,3,Curveball,R,R,S,0.7834508164567056,1
4,36,3.648541843178391,5,Slider,R,R,S,0.7610981043985858,0
7,75,6.547076450875612,2,Sinker,R,R,L,0.5878160459809245,0
8,69,0.1362516887040286,2,Changeup,R,S,R,0.5504321964051081,0
3,137,4.656861465441779,4,Fastball,L,R,S,0.419933546623922,1
9,141,7.046176869813511,5,Changeup,L,S,S,0.22465242684296716,1
2,69,1.740395440114864,2,Sinker,L,R,L,0.3606243195922006,0
8,79,1.4660469175124975,4,Slider,R,R,S,0.7086336553436923,1
8,144,6.178213005615545,7,Cutter,L,S,L,0.5889615081827402,1
4,135,2.0406914489543464,0,Changeup,R,S,S,0.688655694044011,1
1,107,1.5358741404851877,5,Curveball,L,S,R,0.7021839681238689,1
1,124,3.0239140045538804,5,Cutter,L,R,L,0.2373244239077597,1
2,74,3.1400160981617438,0,Slider,R,L,L,0.4022857660834285,0
9,83,6.992808504132528,7,Fastball,L,L,S,0.6055924363749238,0
2,115,4.947547775469415,1,Changeup,R,S,R,0.7118530104428544,0
2,63,3.247691650716715,5,Cutter,L,S,S,0.6808598304031523,1
6,149,4.275103714286135,7,Cutter,R,L,L,0.45328767995896113,1
7,69,7.631721866602193,6,Curveball,R,L,S,0.7592617096006669,1
7,130,0.905717412879163,1,Changeup,R,S,R,0.3804302553020853,0
9,118,1.6617241737975315,0,Fastball,L,S,L,0.42546577415054965,0
6,103,7.7002296526924425,3,Cutter,L,S,R,0.30885249940142423,1
8,49,7.658598788217633,1,Curveball,R,L,R,0.3361523158209724,0
6,84,1.417323370118181,2,Changeup,R,L,L,0.2052278733680718,0
2,43,1.1608705370023857,5,Changeup,R,L,R,0.385094433258129,0
1,109,3.3686810747089586,6,Fastball,L,S,S,0.38394210934010153,1
5,125,0.39774633990375285,1,Curveball,R,R,L,0.2403650508323809,1
9,96,5.239228258281121,5,Fastball,L,L,R,0.404286731771593,1
8,87,0.6199681732939375,0,Cutter,L,R,R,0.3808299618200227,0
4,128,0.4642370167542458,3,Sinker,L,R,S,0.6794327562612923,1
5,116,3.881495489670794,7,Slider,R,L,S,0.29374800973287607,0
5,111,7.662293088880812,0,Slider,L,L,S,0.6350494912958489,1
6,107,3.4143674885052766,7,Fastball,R,L,S,0.2779917855601566,1
3,69,2.8518492692844086,3,Fastball,R,S,R,0.49774030192720575,1
5,122,7.983653724018287,7,Sinker,L,R,R,0.6418303632683106,1
2,131,4.2557516862334674,5,Sinker,L,R,R,0.5638734118180994,1
1,65,3.0019312551219883,1,Sinker,R,R,L,0.5875262492868315,1
1,30,3.0868865067328146,2,Sinker,L,R,R,0.32382244237754637,0
7,31,1.5596759682680839,2,Slider,L,S,L,0.6964416348330758,0
2,83,4.0977844595803115,7,Cutter,L,L,R,0.7712686872880101,1
4,27,3.5108402253440465,7,Sinker,L,L,S,0.2926216648410531,0
5,28,2.166362370779307,7,Sinker,R,S,R,0.732960293660551,0
7,149,1.2843206928140782,0,Fastball,L,L,L,0.4386149633086837,0
2,97,2.4899109493404294,5,Sinker,L,R,S,0.6193011269358386,1
6,21,4.069466621501834,3,Cutter,L,S,R,0.5040323412629051,0
1,93,0.4666661782784134,7,Cutter,L,S,L,0.6760035784330651,1
7,106,1.2299522286716478,1,Curveball,L,R,R,0.22716953061270373,0
9,24,7.581258135752763,6,Cutter,L,S,S,0.39421206880358883,0
5,33,4.342842808250712,7,Sinker,L,R,L,0.2284920132812324,0
5,143,0.507594429280303,3,Changeup,L,S,S,0.765019859756888,0
4,62,5.544702070156584,3,Sinker,L,L,L,0.30209064107383005,1
3,47,0.49442296063227786,3,Slider,R,R,S,0.4547389788004117,0
9,43,5.910993816370984,5,Slider,R,L,L,0.5848676886993535,1
5,36,5.999701773760215,1,Fastball,L,S,L,0.47690074914724495,0
8,102,5.208631805994021,5,Fastball,L,S,R,0.5219253945596198,0
9,64,5.857636356954798,6,Curveball,R,S,S,0.3224105352930593,0
5,93,0.7037262481044619,3,Sinker,R,S,R,0.24021742969893672,1
9,80,5.814244418842141,6,Curveball,L,S,S,0.3544330318317384,1
2,57,1.0935065577910636,6,Changeup,R,L,S,0.3902939053778052,1
9,85,2.7160472581747506,5,Fastball,R,R,R,0.4494883281532628,0
4,52,7.541962028005063,7,Slider,R,S,L,0.3775701020376233,0
6,62,4.023003821273121,7,Changeup,R,S,S,0.22148658068291996,0
6,131,7.739411456664111,2,Fastball,R,S,L,0.25676477908970097,0
6,54,0.7113796710939004,0,Changeup,R,L,S,0.6042910156563,1
2,56,3.8204527965054407,4,Sinker,R,S,R,0.23789200522096732,1
7,119,0.4992185622149652,7,Cutter,R,S,L,0.22772816098842166,1
6,42,5.041682099194278,3,Cutter,L,S,R,0.6870717427474478,1
1,108,0.6296560109481311,6,Changeup,R,R,S,0.22474608240576807,1
2,34,1.4029424203230185,2,Fastball,L,R,R,0.24124001744636742,0
7,41,2.070642480554244,5,Cutter,R,S,S,0.5297076006735297,1
1,97,5.989950813315866,6,Cutter,L,R,L,0.4657066531377699,0
1,91,1.3116969505445981,2,Changeup,L,S,L,0.7786711332199985,1
1,117,6.773056426344542,0,Cutter,L,S,R,0.7621079929760377,1
8,109,1.055231510646407,0,Sinker,L,R,R,0.5961311981684767,0
4,128,0.2819555925612507,4,Slider,R,R,L,0.243120456651426,1
4,113,3.1603633517573426,4,Cutter,L,S,R,0.5019140501815396,1
2,99,7.835533135770361,6,Sinker,R,R,R,0.2270400690642283,1
1,113,0.8827378223102178,7,Changeup,L,R,L,0.7447622739480462,1
9,99,0.8137475523170323,4,Cutter,R,R,S,0.595989809950388,1
7,57,6.009332086364991,1,Cutter,L,L,R,0.5443377917150527,0
4,45,2.4972935519485224,1,Curveball,R,L,R,0.4567423122616018,1
6,120,5.738252937805735,2,Changeup,R,L,L,0.5058301187120078,1
2,94,1.600084715546907,5,Changeup,L,L,S,0.4401767780663809,0
7,57,3.6805759535853033,0,Sinker,R,L,S,0.2597684197658561,0
2,102,2.122319021991343,3,Curveball,R,S,R,0.5965918709553173,0
8,75,3.612225719032695,7,Curveball,L,R,R,0.797846504382453,1
8,124,6.15277674068243,0,Sinker,R,L,S,0.26749584968627843,1
1,50,6.0960795238212935,1,Slider,L,R,R,0.7965090864307041,1
8,77,4.126178301389789,2,Cutter,L,S,S,0.7397674101763372,1
2,92,7.426974749768408,3,Fastball,R,R,R,0.7365107741580386,1
6,29,2.110272819586192,4,Fastball,L,R,R,0.6987496774310538,0
1,92,1.9224908089538646,4,Curveball,L,S,L,0.7541320895519896,0
5,34,4.91045120940347,1,Changeup,R,S,S,0.3478547087027435,1
7,117,4.9703762737343125,2,Changeup,R,R,S,0.4622908789038372,1
1,82,0.3723203165197919,6,Sinker,R,R,R,0.4878889441839498,1
2,38,4.862221699095181,5,Slider,L,S,L,0.24078814314345898,0
7,132,2.995489258792115,0,Fastball,L,L,S,0.7885730500316404,0
6,82,5.979540202564473,1,Sinker,R,L,R,0.6136655302048485,0
3,135,6.464845316362183,5,Sinker,R,L,R,0.4709419323457759,1
2,40,4.417230556376293,5,Changeup,R,L,L,0.795356894046132,0
4,100,0.013640252018120691,0,Slider,R,R,S,0.3633183275096545,0
3,85,5.0909264813331365,3,Slider,R,L,S,0.4022123418567975,1
7,84,5.9910502373274745,0,Curveball,R,L,R,0.3145130434398504,0
8,62,1.9918661298521139,3,Fastball,R,S,R,0.31190698271497375,0
2,76,3.7171680091263104,7,Slider,R,S,L,0.3130881063258332,1
7,56,7.725812987294306,5,Slider,R,S,S,0.5665021295678001,1
8,139,2.3849244271528276,2,Slider,R,S,S,0.3764806134215347,1
6,88,1.7852260083339262,1,Fastball,L,R,L,0.7710367466333796,0
6,75,1.6868383238240812,0,Curveball,L,R,S,0.6900355875063866,0
1,138,4.47040667483197,2,Cutter,L,R,L,0.2967234650164961,1
4,74,7.598296810464052,2,Changeup,R,L,S,0.7003884298534229,0
1,57,4.869521033602838,0,Sinker,R,L,L,0.40739461613074157,1
4,34,2.4265849619012796,4,Sinker,L,R,L,0.3366609002886036,1
2,96,5.108558224539633,5,Fastball,L,L,R,0.6692428067211617,1
5,72,4.998738380782299,4,Fastball,L,L,S,0.7141988327995172,1
9,26,4.775401085837234,3,Sinker,R,L,R,0.7762694301764219,0
3,74,1.275409655106416,7,Fastball,R,L,L,0.4521315080309284,0
8,71,5.076534394759953,2,Cutter,L,L,L,0.5372668327280283,0
3,23,3.441315620115997,1,Changeup,R,S,L,0.5689503177819906,0
6,62,0.14873646898426696,1,Changeup,L,R,S,0.5766224595957394,1
4,59,4.318115897179961,2,Slider,L,R,R,0.44129364144688993,1
8,140,7.914133961747341,4,Sinker,L,L,L,0.2914101618880695,1
6,49,2.7979167267518683,5,Sinker,R,L,S,0.2422675194242499,1
8,122,7.724473746549266,2,Sinker,L,S,L,0.7435930323896089,0
1,26,0.7696459333007564,6,Slider,R,R,L,0.4199306198982087,0
6,128,5.85960092693845,3,Sinker,L,S,L,0.3084124000142294,1
1,39,0.9146399573026827,2,Curveball,L,S,L,0.7901432080158541,0
1,68,2.1885725884421934,0,Fastball,R,R,R,0.6817447298550168,0
8,115,4.566726682576995,4,Curveball,R,S,L,0.7887097324519585,1
7,78,4.742237551813991,0,Fastball,L,S,L,0.3672833886524237,1
3,109,6.20169053787337,0,Changeup,R,R,R,0.4779486609622622,1
6,45,4.922491257819514,2,Sinker,L,R,R,0.6852157852482001,1
9,55,4.748917635044486,5,Curveball,L,R,L,0.53113454106429,0
7,145,7.2988246959131065,2,Changeup,R,S,R,0.41297807670315034,1
3,62,3.6172860176732575,5,Slider,L,L,R,0.2950559565369676,1
6,118,1.8021262295604403,1,Sinker,L,L,R,0.5370591247126288,1
4,52,1.294308680189042,5,Changeup,L,L,R,0.559032409994583,0
3,119,3.1999567744759982,7,Cutter,L,S,L,0.6324487319637762,1
9,116,5.702022041549566,0,Curveball,L,S,S,0.6743154405344888,1
2,64,0.3403478794392072,7,Sinker,L,L,S,0.27086521299732996,0
1,107,1.032427092075249,2,Sinker,L,R,L,0.5767718686850054,0
2,114,0.8489076808291154,7,Fastball,R,R,S,0.6688647543729815,1
7,36,4.68200122441167,1,Changeup,R,S,R,0.4334034335885055,0
1,41,1.9429172042501301,6,Sinker,L,L,S,0.36534036545213067,0
6,109,1.330075426411172,0,Sinker,L,S,L,0.48779328470354244,0
7,97,4.7421657579441785,1,Curveball,R,S,S,0.3860519611375871,1
9,133,6.090479323619034,4,Fastball,L,L,L,0.5059128910015642,1
8,87,2.657239331621315,3,Sinker,R,S,S,0.38509584609519665,0
6,129,4.625636845412769,0,Sinker,R,R,R,0.45362096749695013,1
3,144,0.7849953055956815,2,Curveball,R,R,R,0.7490829961744077,0
8,76,7.48152824366056,5,Curveball,L,L,R,0.749963379882794,1
7,74,2.6951694825181827,4,Cutter,L,S,S,0.7953073554237169,1
3,101,7.98004554538801,7,Changeup,R,R,S,0.4916740398506009,1
9,126,7.828702046798257,6,Cutter,R,L,S,0.3008232855092113,1
2,121,6.230587594686492,1,Slider,L,L,R,0.7334159832370601,0
3,130,0.16053676325573374,3,Sinker,L,L,S,0.5581059726575661,1
2,126,4.347799363074906,5,Curveball,R,S,S,0.6486320507824423,0
1,121,0.694691363520092,0,Changeup,R,L,L,0.29755651558848495,1
4,22,7.161104207692129,3,Slider,R,S,R,0.3918189016800918,0
5,44,6.317090021179223,7,Sinker,L,L,S,0.3651308139180945,1
6,94,7.778723012765464,4,Slider,L,S,L,0.5358537353337521,0
5,80,4.867063625198363,7,Cutter,R,R,L,0.798305157599486,1
1,142,4.177382435874704,3,Slider,L,S,L,0.5674092173709591,1
3,74,4.151790847555101,7,Fastball,L,R,R,0.543718235867048,0
1,58,3.091586995634759,0,Fastball,R,R,L,0.6554495851309696,0
5,102,3.7495205378331278,4,Fastball,L,L,R,0.39728910871330514,1
5,53,5.0833006650828025,1,Sinker,L,R,L,0.35191477608418464,0
6,132,7.463580860450217,0,Slider,R,S,S,0.7028265017907285,0
8,46,4.767074706048248,3,Sinker,R,R,R,0.7763309366280138,1
1,50,6.856927538538938,0,Sinker,L,S,R,0.45284441399361686,0
4,102,6.902239290420005,7,Curveball,L,S,S,0.2247586966373772,1
1,29,4.150661406786074,7,Changeup,R,S,L,0.3074964331764963,0
9,59,2.779757131980973,7,Fastball,L,L,R,0.7141887954329011,1
7,73,5.116590986656648,4,Fastball,R,S,R,0.27298685299440095,1
7,23,3.567018735318742,3,Fastball,R,L,R,0.6578037310941833,0
5,25,0.6515269385754632,1,Cutter,R,R,R,0.5721469730063762,0
7,92,3.0224728034594692,6,Cutter,L,R,R,0.6360398315368827,1
2,77,7.952577104394599,6,Fastball,R,L,S,0.35395432892983886,1
4,96,0.38809496021029766,5,Fastball,L,R,R,0.21099796276787247,0
7,38,5.573335295207413,2,Sinker,R,R,R,0.22385266288394087,0
3,81,6.729509640569977,1,Cutter,R,R,S,0.6349098088482806,0
2,90,5.18980722780303,0,Changeup,L,R,L,0.568038459913203,1
2,44,4.55798584930632,2,Curveball,R,S,R,0.704271881174735,1
1,146,5.66043533583006,5,Changeup,R,R,S,0.4395484029733881,1
5,77,3.4347418983972453,5,Sinker,L,S,S,0.5333308093956977,1
6,139,0.730893898471014,7,Curveball,L,R,L,0.6701034299402648,1
6,130,7.698974034427054,4,Slider,R,L,R,0.49799035510090583,0
9,95,3.4584061598735687,5,Slider,R,L,R,0.7960091136047276,1
4,89,5.3231138973441405,6,Changeup,L,S,L,0.6457350308498627,1
1,85,4.250483495114362,3,Cutter,R,L,S,0.6099862642334459,0
6,139,0.43738457582043644,7,Fastball,R,S,S,0.6809193128930136,1
5,106,7.621972807940308,3,Slider,R,R,S,0.6663141198424946,1
6,141,6.3402978089145865,4,Sinker,L,L,L,0.3318171490519214,1
3,68,1.1927831557551594,5,Cutter,L,S,L,0.3262303660059111,0
2,67,7.853191010306134,0,Cutter,L,S,S,0.5636445588880792,1
6,134,5.895210977373663,1,Curveball,L,R,R,0.46162892386615906,0
1,106,3.778573203426471,7,Slider,R,R,R,0.7229459625855381,1
7,26,4.890960452476586,6,Changeup,L,L,S,0.37406138783325643,1
7,96,0.8538934561167801,2,Sinker,L,S,R,0.39851566792256904,1
7,140,4.483292080124888,4,Cutter,L,R,S,0.2997882490848217,0
1,143,0.5892885761364752,7,Changeup,L,L,S,0.7890451818292683,1
4,144,4.3588420569544155,5,Changeup,R,S,R,0.2696279197862663,1
7,31,4.421565510102283,0,Sinker,L,R,R,0.789739995377897,0
9,90,6.995510281285951,7,Slider,L,L,L,0.62383559838373,0
5,20,5.800460002178352,0,Sinker,R,L,R,0.2534908327903503,0
2,138,1.9964191377209604,2,Changeup,R,R,R,0.2912092332901694,0
7,130,7.107409137502855,7,Changeup,L,R,R,0.39618270135687017,1
1,83,4.585941318784046,4,Fastball,L,S,R,0.3562076393884029,1
7,62,4.85103582859227,1,Sinker,L,S,S,0.7838769823260181,1
6,60,1.3518509537774266,6,Changeup,R,R,R,0.5680052476719691,1
7,134,6.862188767752912,1,Fastball,L,L,S,0.24463397003687143,1
3,58,7.447720920132352,4,Slider,R,R,S,0.515242770614749,0
3,20,6.199925195959265,3,Changeup,R,S,L,0.7382838757263916,0
7,60,7.526019621160049,6,Cutter,R,S,S,0.4497090918828238,1
2,107,2.418399232978767,5,Sinker,R,R,R,0.5996783340077704,0
1,117,6.888953346902169,1,Changeup,L,S,L,0.6639155483973669,1
9,107,3.91114514290994,3,Fastball,R,L,L,0.3110174149142461,0
9,98,1.3113376235486793,4,Cutter,L,S,L,0.7133004445990079,1
7,90,5.350404792267209,5,Slider,R,L,S,0.46929269619673125,1
7,118,5.472962165647031,0,Sinker,L,S,S,0.23401315839909015,1
3,106,2.295396110053521,4,Curveball,L,L,S,0.7273420321081219,1
2,20,0.2199466530205605,0,Curveball,L,R,L,0.5386119263911759,0
7,131,1.5987780726845067,7,Fastball,R,L,S,0.3189930507114017,1
9,93,3.198220381391094,4,Slider,R,R,S,0.3904700138348314,1
1,84,1.3405032884789483,6,Slider,L,S,L,0.5416237786320222,1
4,88,1.5522395859168334,3,Changeup,R,L,L,0.424504421458968,0
6,86,3.1311253150581564,5,Curveball,L,L,R,0.3400292278262712,1
7,69,7.694292914468483,3,Changeup,R,S,L,0.4875862356890272,1
7,77,6.113948123261187,5,Slider,R,S,L,0.31102743662112986,0
2,72,2.557987209812513,6,Fastball,R,L,L,0.34722750430543603,0
4,110,7.612832551348386,4,Fastball,L,R,R,0.6960404298487264,1
5,134,5.165174338069861,0,Cutter,L,S,R,0.3371247324366964,0
1,137,3.643597157121121,4,Fastball,R,L,R,0.6172204707204272,0
1,76,3.7464015916411766,0,Curveball,L,S,L,0.3502818879241957,0
3,105,3.285955742683135,3,Cutter,R,S,R,0.3274390200873071,1
3,37,1.8639364203675175,2,Curveball,L,R,L,0.35069333362388816,0
8,35,3.0930575377096456,1,Changeup,L,R,S,0.4809787803743984,0
9,149,4.2231710723471405,3,Changeup,L,R,R,0.2877678047124133,1
1,32,4.224218805841768,4,Fastball,R,L,S,0.2639675231573383,1
2,99,6.093895217700144,4,Cutter,L,S,L,0.6540443945177166,1
2,62,2.8703828572588206,0,Curveball,R,R,S,0.2139810027336621,0
4,73,5.734384234431619,1,Curveball,R,L,R,0.43129050845781614,0
2,92,4.624734710149477,5,Slider,R,R,R,0.43762064872113493,1
7,67,7.694763236214675,3,Fastball,L,R,L,0.7358248059949428,0
9,37,3.0822794082718614,6,Sinker,L,S,R,0.66469466065715,1
7,30,7.209731714086322,1,Changeup,R,L,S,0.5064060384363405,0
6,103,6.565140378386316,7,Sinker,L,S,S,0.4878877921612988,1
1,38,5.101314276715655,1,Slider,R,R,R,0.53936077979356,0
9,119,5.236115733936938,3,Changeup,R,S,R,0.41469669531610587,1
5,135,0.6771994768512855,0,Changeup,R,L,L,0.6204663132575305,1
5,109,7.601796844747459,5,Curveball,L,R,S,0.6116427027616462,1
6,93,0.8554885079659513,0,Changeup,L,R,R,0.5447927929641299,1
9,43,4.505866469948057,6,Cutter,L,R,S,0.23461561084693255,0
8,32,2.640566403593236,0,Changeup,R,R,L,0.2761025939781365,0
8,144,3.438815826318814,2,Cutter,L,L,S,0.22356576572675518,1
8,135,4.881464086694536,1,Changeup,R,S,L,0.6311094401413511,1
1,90,7.270811023058573,2,Slider,R,L,S,0.4865598080796942,1
1,145,3.6605369885784116,0,Curveball,L,R,L,0.7729887016982284,0
8,138,7.901836442451529,5,Slider,L,L,R,0.7713970205335665,1
5,110,4.742496522811998,3,Curveball,R,R,R,0.6789024910761645,1
9,104,1.2844315411373959,1,Slider,R,R,L,0.46582934956555366,1
2,127,1.5200743586500183,3,Fastball,L,S,S,0.38981023966614947,1
9,146,5.728888284714008,4,Changeup,L,R,S,0.32058453080746935,1
8,140,0.40318235394705404,1,Changeup,R,L,S,0.33949695200189794,0
9,148,3.8427326097778147,3,Fastball,L,L,R,0.7941910742148222,1
4,25,1.1857528784281328,0,Fastball,L,S,R,0.5182092631737777,0
1,97,3.46574908142276,2,Cutter,R,S,S,0.2073520897765374,0
1,57,5.999339376573756,3,Slider,L,R,R,0.22657592202722077,1
5,135,3.6705034259314733,6,Changeup,R,R,R,0.4752597296736171,1
2,121,1.3076088718474157,5,Cutter,L,R,R,0.46608907180856174,1
8,27,2.0154029628531394,7,Sinker,R,R,L,0.4433352350413893,0
5,97,2.940316709217459,4,Changeup,R,L,L,0.6941620513089835,0
5,131,0.5564894678913177,0,Fastball,L,R,R,0.6218932119785481,1
2,74,4.674701088648975,6,Cutter,L,S,R,0.2644502893133065,1
7,67,4.8602703302244015,4,Sinker,L,L,R,0.41760733767214636,1
8,107,0.4972154170605396,5,Cutter,L,L,S,0.5580079612746796,1
1,29,3.218490569393296,5,Cutter,R,R,L,0.4294933274621757,1
2,71,3.3120054630777993,2,Slider,L,R,S,0.32498319869256087,1
4,53,2.6705565484208096,7,Sinker,L,L,R,0.5768317745699946,1
5,80,4.461917922648895,4,Cutter,R,S,R,0.5613495018850596,0
2,98,2.7676599204808943,5,Changeup,R,R,S,0.7847656644971821,0
1,37,3.3312742358224483,3,Slider,R,L,R,0.5366421925793394,0
9,90,6.380188379532845,5,Changeup,L,L,L,0.7245785517476719,1
1,105,1.2968748434416115,5,Sinker,R,R,L,0.7695177178183439,1
4,51,4.952917562427367,7,Cutter,L,S,R,0.4608703848605977,0
2,62,4.044755213526765,3,Cutter,R,L,L,0.23173622151174145,0
4,102,2.4405730998347925,0,Sinker,L,L,R,0.28609663858112583,1
8,88,5.820277251923286,2,Changeup,R,L,R,0.5023821185171897,1
8,69,4.409506876329184,2,Curveball,R,R,R,0.7357748021829291,1
9,31,3.8188922156855627,1,Cutter,L,L,L,0.5924792416894649,0
5,104,5.3413545181696005,6,Cutter,L,L,S,0.32088902997665086,1
7,142,6.4183224638508865,1,Slider,L,R,L,0.6206266098390776,1
3,77,7.78135032026861,3,Changeup,R,S,L,0.736531594882039,0
4,102,5.034802947010988,5,Cutter,L,L,S,0.2181353357070807,1
9,131,6.995519883203063,4,Changeup,R,R,L,0.34568727332411403,1
1,147,0.008732328183655547,5,Slider,L,S,R,0.2919084947604772,1
2,55,4.24188554180713,5,Changeup,L,R,L,0.6704618006878735,1
5,73,1.7171803901615847,4,Changeup,R,S,R,0.7348864454432573,0
3,66,0.7535396566650974,0,Slider,R,R,R,0.5327344859307102,0
2,134,4.255768136515137,2,Cutter,L,S,L,0.7089211207038499,1
1,143,5.974612049192753,7,Changeup,R,S,S,0.5941622977606325,1
3,115,3.298180179795038,3,Curveball,L,R,L,0.5940197249339398,1
1,126,5.360859594755479,4,Cutter,L,L,L,0.5478249011276652,1
1,139,3.9177540307275995,7,Slider,L,S,L,0.2300112205020029,1
1,120,3.496686927675408,1,Fastball,L,R,R,0.7621868631264792,0
8,122,2.322053123486885,3,Sinker,L,L,R,0.41346285610312833,1
3,51,3.0607481160080363,0,Curveball,L,L,S,0.6815466230989988,1
1,85,2.798365046355423,3,Cutter,L,R,S,0.6859907422839424,0
7,30,5.169497472119052,4,Sinker,L,R,L,0.7794567406799104,0
3,56,0.9281480902331163,6,Slider,L,S,S,0.3960197834615462,0
8,121,0.741090949502448,0,Curveball,L,R,L,0.7984396403700589,1
4,68,5.280103953667683,5,Cutter,L,L,R,0.3803446886551186,0
4,38,4.370384559031046,1,Sinker,R,R,L,0.47082209894274496,1
5,26,3.4416007739412606,1,Fastball,R,L,L,0.6237500197202784,0
6,61,1.2195430752632284,4,Cutter,L,L,L,0.29299317678090053,1
7,107,3.288216894954492,0,Fastball,L,R,L,0.35982391067808495,0
4,30,6.317854106560093,1,Fastball,L,L,S,0.6368681044185127,1
8,60,7.116969886314056,7,Changeup,L,L,L,0.7846304928780505,0
6,22,5.620612559713761,0,Slider,R,S,R,0.6396792673700733,1
1,59,0.4792974070470466,3,Changeup,R,L,L,0.7173792671095904,1
1,70,5.3632782128089485,6,Fastball,R,S,R,0.22249205145325102,1
9,51,1.9278847163703565,2,Slider,L,S,S,0.5462155456524627,1
6,67,2.5220099442112405,2,Slider,R,S,L,0.7484551196476359,1
8,90,1.5669856636798762,2,Slider,R,S,R,0.6094382248788996,1
7,108,6.206046324961637,1,Curveball,R,L,L,0.6058773748138765,0
6,128,5.188816981098232,4,Cutter,R,L,L,0.3218241230212304,1
4,54,4.894680436793447,2,Fastball,R,R,S,0.7166846999466494,1
7,127,5.343780877354209,5,Slider,L,S,R,0.7190272124711512,1
9,59,1.8941780912312272,6,Sinker,R,L,R,0.5684042227979589,1
7,71,3.557155314602893,4,Curveball,R,S,R,0.4559709236016389,0
1,131,5.066029772391913,6,Curveball,R,S,L,0.6945640787999464,0
9,58,5.092752220946403,2,Sinker,L,R,S,0.4789974097261261,1
4,87,6.334814902041044,7,Fastball,R,S,L,0.6935687820146943,1
3,95,2.2968317335048845,3,Changeup,R,L,S,0.49094944829598464,1
4,84,6.162688973574579,7,Curveball,L,L,S,0.5478763691841269,1
4,81,3.5214758449354857,7,Fastball,L,L,R,0.6488132212356326,0
2,21,5.3613815364714785,6,Curveball,R,L,S,0.35899615155478604,1
1,141,3.6457550405222943,2,Fastball,R,S,R,0.3481071365827382,1
1,94,7.588881358327546,7,Slider,R,L,L,0.6007047715911146,1
8,59,1.4344181179331557,4,Changeup,L,R,L,0.7723479676453273,1
2,108,5.400040708658857,1,Sinker,L,S,S,0.46762037914442794,0
5,47,4.612280006145271,6,Curveball,R,L,R,0.7389214033313469,0
4,99,1.3818483275819569,7,Sinker,R,L,R,0.5109122643062289,1
8,82,0.5280506864933434,5,Curveball,R,R,L,0.7843587360425721,1
2,60,6.393155111773309,7,Curveball,R,S,S,0.6752284792697507,0
9,48,1.2596106691701214,3,Cutter,R,R,R,0.7157345200446241,0
7,42,1.4920534622862078,4,Cutter,R,R,R,0.6077624165166072,0
7,99,7.827473791912315,0,Sinker,R,L,S,0.7210955454001595,1
1,70,5.738086811813046,2,Slider,R,L,L,0.5556789670000395,1
2,131,2.00389473280978,3,Curveball,L,R,R,0.5404020593288797,0
4,124,4.72759168121281,1,Changeup,R,S,R,0.7242268826914193,0
4,64,4.2728947072201064,6,Cutter,R,S,S,0.20903970246963413,1
3,109,6.75578614011078,0,Fastball,L,S,S,0.487267341832428,1
7,108,5.834565982660995,6,Fastball,L,R,R,0.7220443485182062,1
8,34,6.653769003945486,2,Fastball,L,S,R,0.3176897166213924,1
2,96,1.6920527038188995,3,Slider,R,L,S,0.7748055928883362,0
4,125,5.1217536349360415,5,Curveball,R,R,S,0.6443610493750709,1
3,109,0.32192686734704257,4,Curveball,R,R,R,0.6574534898617217,1
2,106,0.5515248982337608,6,Sinker,L,R,S,0.5992857084884498,0
6,80,5.708216261636778,2,Cutter,R,S,R,0.4684846449577866,1
4,127,0.19536082115145081,3,Fastball,R,S,S,0.47657385427990034,0
6,80,4.6381200712040735,2,Slider,R,L,R,0.7034648722444938,1
2,70,6.72324078755624,5,Sinker,R,S,R,0.2834836060575576,0
4,31,3.039534467344229,3,Changeup,L,S,S,0.5132404706986391,0
6,96,0.3587234947193023,4,Curveball,R,S,L,0.3859682352050423,0
5,131,5.7107795970298145,2,Curveball,R,S,R,0.7905898451509357,1
3,85,7.437491619713207,6,Slider,R,L,L,0.20221579226072403,1
8,134,5.737371136466143,3,Sinker,R,L,L,0.2382046041459589,1
7,49,4.627577944022202,6,Sinker,L,L,S,0.7804327200559451,1
3,124,1.8402306390324803,0,Cutter,R,S,R,0.5262750480114753,1
6,50,0.12300499235597595,1,Slider,L,S,L,0.28312106840941814,1
4,32,5.557376867832426,5,Sinker,R,R,R,0.46918417449648914,1
5,147,1.8482094067543438,3,Cutter,R,R,R,0.3935945257513327,1
5,120,6.86530141745886,6,Sinker,L,S,L,0.7467248893423326,0
7,86,3.7309129506608905,7,Curveball,L,R,L,0.6125475875793842,1
5,99,4.24508465897965,7,Cutter,R,L,R,0.27831131447904534,1
3,122,6.0314923541309335,3,Sinker,L,L,L,0.5218673708171264,1
5,38,6.235444862426745,3,Cutter,R,L,L,0.28067610341309307,1
7,51,5.141206664644545,7,Cutter,R,R,R,0.5991383819028422,1
5,84,7.507454523301944,2,Sinker,L,L,L,0.6363363710410466,1
5,46,7.858387490563355,5,Cutter,R,L,L,0.5372960430371698,1
9,66,7.575083554996935,1,Fastball,R,L,R,0.7795734860695873,0
3,31,6.593433482751548,5,Fastball,L,S,L,0.7666006705942039,0
6,104,5.645001761954012,2,Sinker,L,S,S,0.3235493719489668,0
1,85,5.30660686305334,6,Fastball,R,L,R,0.20019763130347434,0
5,129,0.8300014153642712,3,Fastball,R,L,S,0.5976492906480269,0
8,101,2.1718747745529,5,Slider,R,S,R,0.485384934377768,1
5,144,0.045505788235016276,3,Changeup,L,S,S,0.4007951145341582,1
9,82,1.099278961871935,1,Sinker,R,R,S,0.7501338537463396,1
6,91,3.513835817353507,0,Cutter,R,S,L,0.7871046601900902,1
8,117,1.1722924063125868,2,Slider,L,L,R,0.7583463614880952,1
8,92,7.213307317414063,0,Sinker,R,S,R,0.5001171548304506,1
3,90,6.445593482682256,5,Fastball,L,L,L,0.6220139976443552,1
7,49,0.5728952967161458,3,Cutter,L,R,L,0.302944167532936,0
7,144,1.9913097237381283,6,Changeup,R,S,S,0.7705139549959026,1
6,35,6.5525750768920705,6,Sinker,L,R,R,0.3702060131115874,0
7,66,6.424369012478988,3,Cutter,R,L,L,0.31564360512637346,1
2,120,7.56360440094231,4,Curveball,R,L,L,0.23609513977440585,0
9,126,7.980382092938882,4,Curveball,L,L,S,0.5302227920220541,1
1,145,7.810160505928975,0,Sinker,L,L,S,0.7690782743023856,1
1,41,3.2811038857715316,4,Slider,L,R,L,0.2813529504207077,0
3,102,2.002627550416258,6,Changeup,R,S,S,0.27249818136696924,1
3,79,6.0672815234165,5,Slider,R,S,R,0.363558579335739,1
1,77,2.3941831419522464,7,Cutter,L,L,S,0.5992363357898469,1
7,22,6.451202881050638,1,Changeup,R,L,R,0.5286881038271107,0
4,64,4.271637843183395,5,Sinker,L,R,L,0.2577241761681477,0
2,69,6.351418201879631,0,Slider,R,R,L,0.46538014488818763,1
5,21,2.2070390377360836,5,Cutter,R,L,S,0.24015937182989266,1
6,34,4.064218524430567,4,Fastball,R,L,L,0.7111420871547101,1
9,115,4.512190348817456,4,Cutter,R,S,S,0.26426706753705376,0
4,104,7.544864541761057,1,Slider,L,S,S,0.4827789870698526,0
2,130,2.1327806146433383,7,Sinker,R,S,S,0.5062781489710478,0
5,42,7.493505914279157,5,Sinker,L,L,S,0.5180757633576782,1
3,118,6.438871323725727,1,Changeup,R,R,R,0.5654929487530496,1
2,56,5.847152432693562,6,Changeup,R,R,R,0.6209494525304815,1
1,126,6.294962153481001,0,Fastball,L,R,L,0.20261480397992218,0
2,60,4.843400367040456,2,Slider,R,L,S,0.21854862043410406,1
6,76,1.9526400836998867,7,Sinker,L,L,L,0.5669308375703521,1
8,116,1.5159597507188218,5,Sinker,R,R,S,0.30928522618377446,1
3,44,6.930731486803124,6,Fastball,R,R,L,0.6991070684615852,1
9,129,5.801115220766666,6,Curveball,R,R,R,0.5765069893668706,1
9,56,1.7056342620875924,5,Sinker,L,L,L,0.7882404372125471,1
2,59,4.920746926995212,1,Cutter,R,S,S,0.6368025742353867,0
8,104,3.5803718513137905,4,Curveball,L,S,S,0.25442864743475563,1
5,65,1.2692413597047514,0,Curveball,R,L,L,0.3025855655253887,0
4,121,4.254856874857315,2,Fastball,L,S,L,0.22792933835466922,0
5,117,2.252152739731338,5,Fastball,L,R,S,0.6447055193700808,1
4,38,0.7699529932605724,0,Cutter,L,S,L,0.2760939709854473,1
8,110,3.7356663883632866,4,Fastball,L,R,R,0.5982604961071827,0
4,88,4.720868416748495,7,Fastball,R,L,S,0.5332386465593375,0
6,24,0.3752512830492041,2,Fastball,L,L,S,0.5799785843710951,0
2,67,3.2167419952879746,2,Sinker,L,R,R,0.505201938855746,1
5,131,2.0612953586934823,6,Fastball,R,R,L,0.2078172265401034,1
6,37,0.24520472565785933,1,Fastball,L,S,R,0.35193084543872766,0
5,50,1.0053003968920464,3,Curveball,R,R,S,0.730989102037291,0
2,148,1.1122732705470204,4,Curveball,R,L,R,0.7575611408960583,1
7,44,1.4629939849437692,3,Cutter,R,L,L,0.2583258730071469,1
4,27,6.42702057150337,4,Changeup,R,S,L,0.771577219067747,1
8,81,3.5159349318251136,0,Cutter,L,R,S,0.6023156310641056,1
7,26,1.176687938163095,3,Sinker,R,R,S,0.7535345442016885,0
7,38,0.802375735423114,6,Sinker,L,S,R,0.44069836284875247,0
9,130,2.3835236698323126,5,Sinker,R,L,L,0.2610470255374266,1
1,30,6.3841241496356185,7,Slider,L,R,R,0.3814719583603383,1
6,60,2.915678783517148,6,Cutter,R,S,S,0.6138089103184696,1
6,133,1.2791788823515047,6,Cutter,L,S,R,0.6771328993393486,0
6,111,3.2329294523692793,5,Fastball,R,S,L,0.2300733697502362,1
6,94,4.44249245829646,5,Fastball,L,S,S,0.4921710020529604,0
7,86,0.2366734691041108,2,Fastball,L,R,R,0.23862002131605148,0
6,24,5.021134411521385,1,Changeup,L,S,R,0.7181679825364529,1
1,135,3.1608060241183145,6,Sinker,R,R,L,0.4858032948656455,0
3,137,0.07780700104955507,4,Fastball,L,L,L,0.7488930957518556,1
2,30,5.391115191571047,1,Slider,L,S,R,0.24714728773801023,1
6,63,5.699101084501185,4,Curveball,L,S,L,0.39828199086577065,1
8,96,5.030718308469463,5,Slider,R,L,S,0.6059230598679368,1
3,137,2.735441740787378,2,Changeup,R,S,R,0.3761516486119971,1
8,135,4.236838832527689,2,Fastball,L,R,R,0.7049351242165889,1
8,86,3.097261649067483,2,Cutter,L,L,S,0.7921002189615387,0
5,32,5.604973841277555,2,Curveball,L,L,L,0.3687317595861306,1
8,111,4.668641489869509,6,Sinker,L,R,S,0.41664671872625764,1
6,30,0.654392910619598,2,Changeup,L,R,S,0.7804073237916245,0
5,104,5.144748465751979,5,Slider,R,L,R,0.41483666395883706,1
9,104,5.497907314702412,1,Fastball,R,S,S,0.5335919079942031,0
7,36,2.965617444917595,0,Changeup,R,R,L,0.6615449997406333,0
8,67,7.006286247677635,3,Changeup,R,R,R,0.463006852619453,1
1,116,6.744114838759701,1,Cutter,R,R,L,0.42356476947554567,1
2,94,1.4013321911979029,5,Sinker,R,L,S,0.4973530076405291,1
8,96,7.234130467886948,7,Cutter,L,S,S,0.6677119298229104,1
9,147,3.52697897196062,3,Cutter,R,R,L,0.38729736632974643,1
4,56,5.789997221074347,0,Sinker,L,L,R,0.4104844982711048,1
9,49,6.512776055737888,4,Slider,R,L,S,0.313483582282463,1
4,66,4.040899368557519,6,Cutter,L,S,S,0.6209705000496659,0
9,67,3.192815514966526,0,Sinker,L,L,S,0.7396702814180689,1
7,53,7.323610948920787,0,Changeup,L,L,R,0.31144395253997514,0
2,120,1.8468284234833856,7,Changeup,L,R,R,0.22075372223827652,0
9,65,2.055760621753156,5,Sinker,R,R,S,0.4287623949603543,0
4,89,2.8929625121074967,6,Changeup,R,R,R,0.4460928589874146,0
8,43,6.8757262237645245,4,Curveball,L,L,L,0.5875181160687175,1
7,86,7.510306113704607,3,Curveball,L,S,S,0.2513545993929071,0
7,23,1.760541718038895,6,Sinker,L,S,L,0.6928990434198523,1
8,20,6.910961181049963,2,Sinker,L,S,R,0.5443920842820038,0
1,53,2.0656236757485544,7,Slider,R,L,R,0.5275825512553303,1
5,128,7.765129973999104,4,Sinker,R,R,L,0.38981782022899414,1
2,28,4.779263135852658,4,Cutter,L,L,R,0.4191605078802583,1
2,82,0.05669173957905915,0,Changeup,L,R,S,0.2332563503205481,0
1,29,0.2730392325694231,4,Cutter,L,L,L,0.652252866537724,1
5,63,1.1798762464376678,6,Sinker,L,L,L,0.5628419380553267,1
2,137,1.5005852625500538,1,Changeup,L,S,S,0.785857104521243,1
4,25,6.140952982612773,6,Curveball,L,L,R,0.4121370635631798,0
3,140,1.7821270113355991,2,Changeup,R,S,L,0.5997462293337921,0
3,114,7.753132960398879,7,Slider,L,L,L,0.7517271782850838,1
2,130,5.088896457623506,6,Fastball,L,S,S,0.6270085334515432,1
6,124,5.540140074028142,0,Changeup,L,L,R,0.22418631481727364,0
2,83,1.74253215428166,3,Sinker,L,L,L,0.5793420815273513,0
8,90,7.141650512760678,3,Slider,L,R,R,0.5272346085706829,1
8,123,5.342516582559451,3,Curveball,L,R,L,0.49958800297808287,1
5,108,6.915244994734911,3,Curveball,L,R,R,0.5318263805750884,1
7,25,7.651848777849816,3,Fastball,R,L,L,0.4763394961031404,1
4,129,1.0051278168767714,0,Sinker,L,R,R,0.6150993395862339,0
1,131,0.7726978421515653,1,Cutter,R,R,R,0.20894774168059316,0
2,146,6.427262612717086,1,Cutter,L,L,L,0.31313582752274194,1
4,82,6.929008472753362,3,Changeup,R,L,R,0.4192313772601567,1
1,37,4.670091367023885,1,Curveball,R,R,R,0.4716003621668154,0
8,96,2.928004382004165,2,Slider,R,R,S,0.27829180880137117,1
9,122,5.22103708860179,1,Fastball,R,L,S,0.6920875865343681,0
4,136,2.4453125807396585,6,Cutter,L,L,S,0.7576348228568404,0
3,36,1.9070855372277453,4,Changeup,R,S,S,0.6507292936166715,0
2,33,3.905161676218124,3,Changeup,L,S,R,0.7572908289972333,1
5,76,1.7292306208510375,6,Curveball,L,L,L,0.645932823551023,1
3,112,3.869628866521383,4,Slider,L,L,L,0.46463361128264974,1
7,133,7.652852043708576,4,Slider,L,R,S,0.4358797840170754,0
6,128,6.718272284939124,3,Cutter,R,S,L,0.2998396291378087,1
1,138,7.5330473560001785,5,Changeup,L,R,L,0.25186822461756275,1
8,111,6.450631798778868,0,Curveball,R,S,R,0.3317709692270333,1
2,30,2.8380074875702137,5,Slider,R,R,R,0.5192814393405376,1
5,118,6.496361908412473,1,Changeup,L,S,L,0.2809682906678113,1
9,27,7.383325948425712,5,Slider,L,L,R,0.7706981276213478,1
8,133,7.5762863026964355,2,Fastball,R,L,S,0.33110147423087255,0
2,84,5.465582805479976,5,Slider,R,L,S,0.7001788371955582,0
9,112,1.6909331505209053,5,Slider,R,R,L,0.6912913777140548,1
5,123,0.3178332269175268,0,Changeup,L,S,L,0.28472229853302994,0
6,118,1.1776018252812461,7,Slider,R,R,S,0.6264457085724355,1
3,103,7.724375343151563,2,Slider,L,L,L,0.6944683021410744,0
3,92,3.6967745935421554,5,Fastball,R,S,L,0.7305724170666095,1
8,78,6.83988811865646,3,Slider,R,S,R,0.7723877625089905,1
2,50,3.7203532284663288,1,Slider,L,R,R,0.7580620786736127,1
2,83,5.286540667678715,5,Changeup,R,L,S,0.38668223451209455,0
5,67,0.19312621697866916,0,Curveball,L,R,S,0.36059356797674447,0
6,42,1.9989195417549341,3,Fastball,R,R,S,0.43851824977639436,1
2,74,3.490154240340714,0,Slider,L,L,S,0.479003760901682,1
5,26,5.0450483772333055,4,Curveball,L,L,S,0.34033101015381373,0
7,131,1.372169504425428,5,Changeup,L,R,R,0.25164991761456235,0
8,125,6.11641171416392,1,Fastball,R,S,L,0.5939518537320332,0
7,117,2.9152376490898986,1,Sinker,L,L,S,0.3045444705111006,0
8,31,6.5394821538710755,7,Changeup,L,L,S,0.7489398092360569,1
9,79,0.7837527231605383,3,Curveball,R,L,R,0.3726108818648174,0
5,71,5.438052701458975,3,Fastball,L,L,R,0.3186117445417819,1
5,91,2.3466266656520816,3,Slider,L,S,R,0.3164948914476586,1
4,144,6.3630653929809435,1,Curveball,R,S,R,0.37368109629799773,1
9,79,3.2173634163392846,5,Changeup,R,R,L,0.5672994735969892,1
5,50,5.322797058108532,4,Fastball,L,R,L,0.7869901934807566,1
2,96,7.474442149091788,1,Curveball,R,L,R,0.49176112669182626,0
8,95,0.16501305611011485,3,Sinker,R,R,R,0.5598067904561596,0
7,80,0.08893425867498905,2,Curveball,L,S,S,0.7055596324059157,1
8,21,6.162234017413708,5,Changeup,R,L,L,0.40042246678860866,1
3,140,5.171144412064625,7,Changeup,R,L,S,0.30792600351312754,1
4,78,2.3438377640354613,4,Slider,L,L,R,0.46017619164661117,1
5,59,3.955173622194099,1,Slider,R,R,S,0.3912156033068554,0
6,51,0.33548532479094995,2,Curveball,L,L,R,0.7196778248764539,0
1,57,1.5395648428899262,7,Changeup,L,L,L,0.7867639077590871,1
4,111,3.39597099621734,5,Curveball,R,S,S,0.6129900744963689,1
5,107,6.672355329771858,7,Cutter,L,L,S,0.5922564559145863,1
7,104,3.8373374628806785,6,Sinker,R,R,S,0.6285327023672329,1
5,95,4.69090003620783,6,Changeup,L,L,L,0.48059950458930345,1
1,147,6.990030335950244,4,Cutter,L,R,L,0.5772767095481639,1
7,32,2.4705513087107622,6,Cutter,R,S,S,0.24275660054305923,0
8,58,5.605594568816447,1,Changeup,R,S,S,0.4960693297960386,1
7,42,6.893338069426027,6,Slider,L,L,S,0.39941997221880565,1
4,129,1.620925605569414,5,Curveball,L,S,R,0.2319082064467356,1
8,126,2.85182532118266,5,Fastball,L,L,R,0.5268657846953592,1
5,111,7.838481391114841,3,Fastball,R,S,R,0.4161538862258244,1
9,43,7.8657485183696885,1,Sinker,R,S,L,0.5543683128884516,1
5,53,1.7858394423515032,5,Changeup,R,R,S,0.5079080409670058,0
1,131,0.5315667111410249,4,Slider,L,R,R,0.36573179383916987,0
9,137,2.167372890480423,3,Slider,R,L,S,0.5239900729672442,1
5,26,3.181855658429498,5,Slider,R,L,L,0.4272644669707491,0
6,109,3.5280448074493096,0,Fastball,R,R,R,0.7526696455423083,1
4,32,4.950450458643389,7,Cutter,L,S,S,0.4253799814769977,1
6,99,7.196022081052371,2,Sinker,R,L,L,0.22408994712715724,0
8,49,2.6427840952572996,5,Fastball,L,S,L,0.6581436517062782,1
3,35,6.799876283993668,6,Slider,R,R,R,0.7782100335397095,1
5,59,0.7478313674130153,3,Fastball,R,S,L,0.30163029206008996,0
2,56,0.33499759178571775,3,Fastball,R,S,L,0.783670022406487,1
2,97,4.03236146498769,4,Sinker,R,L,R,0.5703163143150599,1
7,35,0.47729778664483913,5,Curveball,L,S,S,0.7084314928654902,0
6,62,3.1399184098738413,5,Changeup,L,R,L,0.4837372014533206,1
4,82,7.174224934953875,4,Cutter,L,S,S,0.5735129488593121,1
5,34,1.9318642896597868,2,Curveball,R,R,S,0.704634716894299,0
1,84,5.647806200999225,7,Changeup,L,R,S,0.789680026799185,1
7,63,2.418923139120535,4,Slider,L,L,R,0.3108783701190979,0
8,39,0.35936044193708483,3,Sinker,L,R,L,0.7392479722953182,0
9,138,4.453524651282475,2,Sinker,L,R,R,0.6003631396118836,1
8,131,6.678827924294014,6,Curveball,R,L,S,0.7681166841258067,1
5,142,3.2757475867409553,2,Changeup,R,L,L,0.3908640838495258,1
3,99,4.9383506116646965,1,Sinker,L,L,S,0.3455563643199988,1
9,119,7.200188781261807,3,Curveball,L,R,S,0.41931407684849614,0
6,25,6.317556101895902,3,Sinker,R,L,R,0.7306995832634495,0
5,102,1.5510111951425545,4,Fastball,L,R,R,0.47577961973455807,0
3,50,5.867071674920046,3,Fastball,L,R,L,0.7708854077173866,0
6,85,4.015144201281216,5,Curveball,L,R,L,0.34540405675004204,1
3,37,5.967734463088678,4,Curveball,R,L,S,0.3323253069137232,0
6,47,3.9561244041777455,6,Cutter,R,R,S,0.6070434080947811,0
4,87,1.0236653128664228,3,Slider,R,R,S,0.3749980135019647,1
2,133,4.559275573513913,5,Fastball,L,L,R,0.2774929040666186,1
8,77,3.9370719391787192,1,Sinker,L,L,L,0.4255629981327687,1
4,148,4.143373869131534,3,Curveball,L,R,R,0.3596994626881621,0
9,58,7.031219629166962,1,Changeup,L,R,R,0.4477888249306272,1
7,125,7.158696373650011,6,Sinker,R,R,S,0.3119065975451373,1
2,20,3.6282968541257468,3,Slider,R,L,S,0.7741897403169744,1
4,94,3.645856330240707,7,Changeup,R,L,S,0.6809893714932859,1
5,107,4.121495670980928,3,Sinker,R,S,R,0.7045407585352892,1
3,79,4.1567142266740555,0,Slider,R,L,S,0.37867477467123156,0
9,149,7.603097153432901,6,Changeup,L,R,R,0.7140552194968697,1
5,129,5.195203739019948,5,Fastball,R,L,R,0.5544703551930761,1
2,38,2.2196559591035516,7,Curveball,L,L,R,0.23403880209999814,0
3,81,4.252294375631919,3,Sinker,L,S,L,0.2919568629886584,0
9,90,5.017788663263863,1,Curveball,L,S,R,0.46757755117563954,0
7,130,5.118173768111716,2,Cutter,R,R,S,0.4362709840394539,1
2,91,4.6820338099054615,1,Sinker,R,S,S,0.6771671199452989,0
9,97,1.4218892369722989,5,Curveball,R,R,L,0.7242016465584462,1
4,119,0.26874551263605984,3,Sinker,R,R,S,0.7189582841512203,0
9,90,2.7027444189348353,4,Fastball,L,R,S,0.42517347050750454,0
2,26,3.4201772364820284,0,Slider,R,R,S,0.5814647318665126,1
4,69,0.49443391660869285,4,Slider,L,S,L,0.49825474717966717,0
5,65,6.519738704158769,0,Curveball,L,R,R,0.7333515501280667,1
2,91,2.75261950008219,0,Changeup,L,R,L,0.7333831489271685,0
1,95,7.309061969428037,7,Curveball,R,L,L,0.23232334953265144,0
7,93,1.2352808627381213,4,Sinker,L,R,S,0.5432840896655492,0
1,92,0.45547965549850744,5,Slider,R,L,S,0.5020797782887951,1
8,121,3.858528835090574,3,Sinker,R,S,L,0.6622352921934593,0
3,113,1.5130346946056532,1,Cutter,L,L,R,0.3174848364514666,1
6,88,7.499194204622889,4,Slider,L,S,L,0.6169989799106546,1
7,84,0.08242718762991164,2,Changeup,R,S,R,0.6431658206412573,1
1,81,3.3009574004722797,0,Changeup,R,L,S,0.21604760932132955,0
6,39,7.413982170761346,7,Cutter,L,S,L,0.4587609818295781,0
7,63,3.0753456538381467,1,Sinker,R,S,R,0.7873679301028991,1
6,81,0.744874244803686,6,Sinker,R,S,L,0.3803627079086044,1
4,126,2.4231595428942967,6,Sinker,R,L,L,0.7307193179071589,1
1,144,3.9840831506754677,2,Changeup,R,S,S,0.5521340081770573,1
9,64,1.4812134987466647,1,Curveball,L,R,R,0.3779265735362092,0
4,30,3.732493641146095,3,Curveball,R,L,R,0.7015922508138213,1
7,107,6.6907455662867,2,Slider,L,R,R,0.7943970250152188,0
7,65,6.980943761572904,5,Fastball,R,L,R,0.6452034950414545,0
2,131,0.3940858776858569,5,Curveball,R,R,R,0.2367763530559467,1
1,100,1.287226864420588,4,Curveball,R,S,S,0.2314463607701159,1
8,51,2.2023210861344333,1,Sinker,R,R,L,0.49493332363499765,1
8,117,4.758926807100814,7,Sinker,R,R,S,0.20364015591651696,1
7,24,2.887958070339737,7,Cutter,L,R,L,0.6055690638347948,0
8,48,6.752327307568604,6,Curveball,R,L,R,0.2097813943408749,0
3,67,5.733374946263501,5,Slider,R,S,S,0.7838390366196089,0
2,35,0.8036481849080657,5,Sinker,R,S,L,0.7283794893736542,1
7,91,4.9964600200967295,4,Cutter,L,R,L,0.6892270166853638,1
8,48,0.9041010027758274,4,Curveball,R,R,L,0.687447297760768,0
1,65,2.0402853570916806,5,Slider,L,L,R,0.7006250524139228,0
9,42,1.4229650682738244,1,Cutter,R,R,S,0.46055358862402795,1
4,113,1.3844955936056396,1,Fastball,L,R,L,0.6751139953363574,1
4,133,4.931164198214874,0,Sinker,L,R,R,0.4202901875951658,1
3,53,4.508839380433292,0,Slider,L,L,S,0.7090318180534911,1
6,136,1.408225222301815,7,Curveball,L,R,L,0.5707797264761808,0
1,48,7.921382443347454,2,Cutter,R,R,R,0.41500701498823145,0
6,28,3.37469385894635,6,Fastball,L,R,L,0.6472838994476204,1
2,58,0.776554625239493,2,Slider,R,L,R,0.3456945708325659,1
9,129,0.964552135640921,2,Fastball,L,L,S,0.7787983632652022,0
2,88,4.671149709812758,0,Slider,L,S,L,0.598847093752857,1
7,115,7.8325552270677825,4,Curveball,L,L,R,0.4407212470093886,1
1,138,4.575608812953583,5,Slider,L,S,R,0.5304369104233775,0
7,137,7.5923318129330974,3,Curveball,L,S,R,0.6425408903847115,0
5,37,3.553062806064214,3,Slider,R,R,S,0.6783932890783781,1
8,121,3.486728829216096,6,Cutter,L,S,R,0.7849752184173953,1
4,129,4.000058874527058,5,Slider,R,R,L,0.325374464085848,1
7,101,5.579403665244442,1,Slider,L,L,S,0.5026632062634273,1
6,124,2.9409277316106612,0,Changeup,L,L,L,0.25487462188205534,0
5,35,6.911088261431656,1,Changeup,L,S,R,0.2493644748497567,0
4,40,0.23425107814516988,7,Slider,L,R,R,0.2625995758510594,0
7,125,3.5181135602275386,3,Changeup,R,S,L,0.35570225126069277,1
5,63,4.087934799839343,1,Curveball,L,S,L,0.6178007386344933,0
5,142,4.856257906104769,0,Changeup,R,L,S,0.7166807853850459,1
1,130,2.208575298926906,7,Slider,R,S,R,0.4615973708170238,1
2,136,3.4198397678866828,0,Sinker,R,R,S,0.5331219425381994,1
5,145,3.876302001712453,0,Fastball,R,L,R,0.3238202009833866,1
3,38,5.495279829465706,3,Sinker,R,L,L,0.6746487254268381,1
2,83,6.188353477886512,0,Sinker,R,S,S,0.7330124678553036,1
4,59,5.902618618750298,2,Sinker,L,S,R,0.4913580907740616,1
4,70,2.7326644183166824,2,Sinker,R,S,L,0.2965245644302951,1
4,75,7.995604183935709,6,Fastball,R,R,S,0.20306099254144924,1
4,100,6.789322494297435,5,Slider,R,S,S,0.5218466936080766,1
3,89,2.0801869851597514,7,Slider,R,R,S,0.4985814999127393,1
7,147,1.5608464453826203,6,Fastball,R,S,L,0.7554851858053435,1
9,145,2.512170004667124,0,Cutter,R,S,S,0.22189058092621453,0
5,80,3.618758823997159,2,Changeup,L,L,R,0.28937091635354856,0
4,99,6.806395026556911,0,Cutter,L,L,L,0.31861195202565695,0
2,140,6.2268981103562755,3,Curveball,R,R,S,0.528274776572093,1
2,120,6.809968988047008,2,Sinker,R,S,L,0.3708417321836739,1
5,96,2.175656919282628,3,Sinker,L,R,R,0.32340741160192044,0
7,145,4.7476897796146895,2,Fastball,R,L,S,0.5086492793437545,1
9,41,2.2659924982189956,4,Fastball,L,L,L,0.22439191705078285,0
7,102,0.8721852857559451,4,Cutter,L,L,L,0.7851454294498028,0
5,97,5.473581947797445,5,Curveball,L,L,R,0.7166111701612645,1
6,114,1.1439804095635102,5,Cutter,R,R,R,0.3631767991238436,0
3,128,5.3415820936517715,5,Curveball,L,S,L,0.40170210797370964,0
5,129,5.183714439243273,6,Slider,L,R,S,0.34753890756367845,1
8,71,6.481987555392136,3,Sinker,R,S,S,0.7570394330554187,0
1,122,1.116436836508515,2,Slider,R,L,L,0.5919183032031453,1
1,120,6.267841188070487,4,Fastball,L,R,R,0.5127072849936359,1
7,82,7.9942122075698965,7,Slider,R,S,S,0.5051597681253202,1
5,47,6.808339588687217,0,Cutter,R,S,S,0.2995523812583025,0
5,65,6.01449661062133,1,Curveball,L,L,R,0.7775878891322112,1
1,47,5.297322837557661,4,Fastball,R,S,R,0.7487584629613375,1
9,21,3.3742518774834354,6,Slider,L,S,R,0.7714526318447519,0
1,146,5.844001343132818,4,Fastball,R,R,L,0.3745593243055748,1
5,36,5.793424281123626,0,Fastball,L,L,L,0.48598911644973564,0
9,78,5.051986261498306,4,Curveball,R,L,L,0.5113557001840235,0
4,96,6.3702270263826275,7,Cutter,L,S,R,0.49380480621114414,1
8,134,3.5901111074146774,4,Sinker,R,S,L,0.21151369671788775,1
6,116,0.9700216970591251,4,Cutter,L,L,R,0.6998895782592474,1
3,124,4.472541820873899,5,Changeup,R,L,L,0.6479273065134457,0
4,43,2.120348229690741,5,Cutter,R,L,L,0.48487892268448746,0
2,54,3.0754647794332017,2,Slider,L,S,S,0.36044115961064566,0
1,21,0.13931923152980819,5,Changeup,R,S,R,0.5809861478916729,1
8,52,3.0623247033430667,4,Changeup,L,L,S,0.2829752583175524,0
1,95,6.470408849083637,1,Changeup,R,L,R,0.7983666271985896,1
1,105,4.3417789355060386,7,Changeup,R,S,L,0.27520402112335063,0
4,100,0.07840421547176835,6,Cutter,L,S,L,0.2350726465964479,1
6,81,3.758750561918778,5,Changeup,R,S,L,0.5674452407702343,0
9,62,2.3316131811632594,2,Slider,L,R,R,0.47804694342400844,0
1,140,3.820405243177369,6,Slider,R,L,R,0.6314002973164939,1
7,78,3.2375417715830164,2,Fastball,L,R,L,0.2767803488386434,0
5,28,7.455833756459052,3,Slider,R,R,S,0.41824742976961726,1
8,96,0.32941839170412646,4,Sinker,R,S,L,0.5006200172792519,0
7,82,5.468704090255458,7,Fastball,L,L,L,0.46819477226805034,1
4,71,6.808212770413932,6,Slider,R,S,L,0.5498201388494177,1
4,42,7.673908677203803,1,Changeup,R,S,L,0.26105009993593686,1
6,49,1.4210898123543672,1,Curveball,L,S,S,0.5022347755724588,1
6,40,4.250438415729551,3,Changeup,R,S,S,0.5328601138683147,0
9,62,0.3487166185376953,1,Cutter,L,L,S,0.7286132881862941,1
5,35,3.993468195640708,6,Fastball,R,L,R,0.5426457112010844,1
8,42,1.0036647163278554,2,Curveball,R,S,L,0.5283773090184292,1
5,106,6.703173397589707,0,Slider,L,R,R,0.6872466908995003,1
2,50,0.9109600208429187,2,Changeup,L,S,L,0.23899850250627103,1
6,140,4.106306883091962,5,Fastball,R,R,S,0.5887772955510383,1
9,88,4.16876855194203,0,Fastball,L,R,L,0.687082664342396,1
3,134,7.773203983452843,1,Slider,R,S,S,0.25675742653827016,1
1,78,5.239845552311105,7,Fastball,R,L,L,0.686943478846685,1
1,96,2.3027223446144154,4,Slider,L,S,L,0.6722935562372576,1
3,26,1.9263944795051078,6,Slider,L,L,S,0.2005658774392168,1
5,56,1.0259856451605192,0,Changeup,L,R,L,0.3476942719401849,0
3,105,6.052117792392476,2,Fastball,L,L,S,0.29075493061793095,0
9,35,5.526053249458709,2,Cutter,R,L,S,0.5068027032164394,0
8,135,4.879017018464848,5,Cutter,R,L,L,0.7484039646661174,1
3,137,0.32672354359990674,2,Changeup,L,S,S,0.561623863324069,1
9,33,6.102630931154356,6,Changeup,R,R,R,0.5610817982624294,0
6,106,5.135100617187834,6,Slider,L,R,R,0.2737091816488204,1
7,123,7.711110944883907,5,Cutter,R,L,L,0.5998275862016547,0
4,63,4.697617039014497,2,Fastball,L,R,S,0.7329923474876165,0
4,47,2.431615253293665,3,Cutter,R,L,R,0.45760857707298697,1
2,35,3.052164417514562,1,Changeup,R,L,R,0.6090607480106248,0
5,69,1.40672564302586,7,Changeup,L,L,S,0.37695866819433804,1
8,134,5.783313457611081,4,Slider,R,L,R,0.36133952768882155,1
7,87,5.6617732801738025,5,Fastball,L,S,R,0.3110558255977998,1
7,111,1.60520012382141,3,Changeup,L,L,L,0.34490164061212175,0
6,140,1.2679145854582288,1,Sinker,R,R,L,0.4056550742809266,0
3,35,0.6160394656175567,6,Fastball,R,S,S,0.5400368538392722,0
5,72,7.295805949454069,5,Cutter,R,R,S,0.6683927876425644,1
1,68,1.864558669558809,0,Slider,L,S,R,0.373737886320601,0
7,81,2.7533082140144316,3,Cutter,R,L,L,0.30086697003557983,0
9,103,2.244036067019925,5,Sinker,R,S,S,0.4698576481324787,1
1,75,3.3089968208863283,6,Changeup,L,R,R,0.67370881528605,0
2,139,5.712390395059867,3,Changeup,R,S,L,0.4335994225550259,1
3,109,6.964765069810276,3,Fastball,R,S,S,0.7479646894166281,0
3,139,1.4607899962283213,3,Changeup,R,L,L,0.3487488101286088,0
8,92,5.491298749929321,0,Sinker,R,L,R,0.6549883281890945,0
7,88,2.8204971379398813,2,Fastball,R,S,R,0.4806550659734446,1
6,117,7.8442173463783424,6,Sinker,R,L,R,0.264275545726633,1
4,21,2.391353274272615,3,Curveball,L,L,L,0.36864339084502534,0
9,72,0.057543648062879704,1,Changeup,R,S,S,0.7149339972753714,0
1,138,4.1251197921587615,7,Cutter,R,R,S,0.20353293907461378,0
2,26,1.2058486742075019,2,Cutter,R,L,R,0.653805012268518,0
4,94,0.3559554145471928,0,Fastball,L,S,R,0.6868439155908066,1
3,114,5.586153855581668,4,Sinker,L,S,R,0.271902499288861,1
1,22,5.858074260067652,7,Sinker,R,S,R,0.777313680853648,1
5,98,3.68559210493202,0,Sinker,L,R,L,0.7233744449915191,0
7,36,5.415084134052618,4,Sinker,L,R,R,0.30711877992163883,1
2,131,4.305915585977071,1,Curveball,L,R,R,0.34487420718926054,1
5,71,5.038408861775453,4,Changeup,R,L,S,0.6910747471525573,0
6,26,4.77363178550369,5,Sinker,L,S,L,0.5278239331996537,1
7,131,5.326582112444739,3,Slider,R,S,R,0.7535407901376225,1
1,73,1.59704518938537,2,Slider,L,R,L,0.7874846134246116,0
7,80,2.1496529602936016,6,Cutter,L,L,R,0.40606468476834034,1
4,128,3.519705196061536,5,Changeup,L,L,L,0.25818321428135893,1
8,35,3.569024075353491,2,Slider,R,S,R,0.6221089322071974,1
4,66,6.195293692695234,3,Fastball,R,R,R,0.7538724219989934,1
6,67,2.9391492738362563,2,Changeup,L,S,L,0.2989267572930011,1
9,140,1.300041248473459,0,Cutter,L,R,R,0.791231285423835,0
5,83,2.011727763928607,3,Curveball,R,R,R,0.31752189506181383,1
4,69,1.7178680190738271,3,Fastball,L,S,L,0.25176535838522557,0
8,60,5.853280154048176,2,Fastball,R,R,S,0.49741878744012274,1
9,41,3.7627169170078565,6,Sinker,R,R,S,0.6833435664754719,0
4,134,5.6690455837678675,5,Changeup,L,R,R,0.41262510407333863,1
3,24,3.3297574460610155,4,Curveball,L,R,L,0.39910465329225947,1
8,120,7.117884820031241,6,Fastball,R,L,S,0.3182667898925659,1
5,97,7.868162461781877,6,Curveball,L,R,L,0.7916475207560492,1
2,60,5.358740069620893,1,Cutter,L,R,S,0.4051192162819265,0
9,111,6.910500457889751,6,Fastball,L,R,R,0.5998823811433076,1
3,41,4.063466137376501,4,Slider,R,S,L,0.27942862039366523,0
2,72,7.476966722831263,0,Cutter,R,L,R,0.4698540438120407,0
1,112,6.652691885382624,3,Cutter,R,R,R,0.6774949568901787,1
8,29,7.934228574128313,3,Sinker,R,R,R,0.7822050347053746,0
3,68,4.9847498826222445,0,Fastball,R,S,L,0.3064013606543461,0
7,90,6.2336539221458285,1,Slider,R,L,S,0.25679011900459936,0
1,38,4.342945119825708,3,Curveball,R,L,R,0.7925020578338773,0
1,74,2.0729608341713828,4,Slider,R,L,L,0.5325096824056559,0
9,40,2.838041369038062,0,Cutter,R,R,S,0.4072525343029382,1
8,45,7.152043317850529,3,Fastball,R,L,R,0.7761670452861129,1
3,47,0.44758357278896455,4,Slider,L,S,S,0.4341134595763449,1
6,59,4.731839088595265,0,Slider,R,S,S,0.3392023011989814,1
3,48,2.9798722600328693,0,Cutter,R,R,L,0.6821021634146784,0
4,39,3.0935403040444456,0,Curveball,L,R,L,0.3883786927411782,1
1,39,7.076569651310138,7,Slider,R,R,L,0.39318668559108516,1
5,93,6.8305789963698125,1,Sinker,R,R,S,0.4669938348643837,1
1,139,4.790739004579749,0,Slider,L,S,S,0.6157753992927093,1
1,116,2.1833507792346714,6,Changeup,R,R,L,0.7050581529553042,1
7,139,3.8036507692961923,5,Cutter,L,R,S,0.33570322929692065,1
6,44,3.2663471503137282,2,Changeup,R,R,S,0.41749255563133864,1
2,23,2.8289442336199624,2,Cutter,R,R,S,0.4977011877180265,1
2,23,0.8222846284583714,0,Cutter,L,S,L,0.2153664503326374,0
7,45,4.344911093722563,3,Changeup,R,L,R,0.6182633373265749,1
1,98,2.4146503829958688,6,Curveball,L,R,R,0.5395806019241947,1
2,109,5.286463543420227,6,Curveball,R,S,L,0.28013624906875384,1
8,90,2.553631486604246,2,Cutter,L,L,S,0.278196761171134,0
6,95,3.449307945078414,4,Changeup,L,S,L,0.7371093057011389,1
2,118,0.41888299355526026,4,Slider,R,L,R,0.6099868782160776,1
7,146,7.940304559243821,3,Cutter,R,S,L,0.4328363674512704,1
4,51,4.060883066201407,4,Sinker,R,R,R,0.40284879306531235,0
2,28,0.19390075331338252,5,Cutter,L,L,R,0.3901119453585995,0
6,97,4.3298452700891525,3,Fastball,L,S,L,0.592795787145773,0
9,32,6.962831994445198,4,Curveball,R,R,L,0.30724905511375333,1
9,143,6.180417074129621,0,Changeup,L,R,R,0.7924609596269907,1
8,115,5.607253473035633,6,Slider,L,L,S,0.6122332224433207,1
3,102,1.1157172367922792,4,Sinker,L,S,S,0.2762720476586382,0
3,37,5.261896631899779,6,Slider,L,R,R,0.28281809082910087,1
2,112,6.1303870240980824,0,Sinker,L,S,S,0.5889759714383761,0
5,43,4.579352511723973,4,Cutter,R,R,R,0.4299045676244272,1
4,121,7.141992036162812,4,Slider,R,R,R,0.5959746415232898,1
7,79,2.2159182542790834,4,Slider,L,R,R,0.6335101286015048,1
4,79,1.9371575979140045,0,Cutter,R,L,L,0.5227520342698947,0
9,119,6.956557959541168,7,Curveball,L,S,L,0.3539322360648598,1
2,20,5.003185943931619,4,Fastball,L,L,L,0.5306966718117949,1
6,62,0.011577764167994609,4,Curveball,R,L,R,0.45311923091347417,1
7,74,2.82505126808842,6,Curveball,L,L,L,0.7342022360975602,1
4,53,6.862847886517396,5,Fastball,R,L,S,0.6441267946440713,1
6,53,0.2185560931339463,1,Cutter,R,L,S,0.5713904813156447,1
7,129,0.02598342609207105,7,Curveball,R,R,L,0.22383375486685037,0
4,103,2.250074324201038,0,Changeup,R,R,L,0.7941017679806082,1
8,109,7.312000296074223,5,Changeup,L,R,R,0.5397628403638088,1
9,98,7.211820651760131,2,Fastball,L,L,L,0.35538657198913653,1
1,90,4.150095566412063,6,Changeup,L,R,L,0.5549153954033634,1
7,90,4.425894969116981,3,Cutter,L,R,L,0.6907375712391911,0
9,133,2.6560640905375106,6,Slider,L,R,R,0.5231342099710055,1
5,48,1.9498932962224789,1,Cutter,R,L,S,0.6661333534425907,1
2,116,6.521774833696946,5,Fastball,L,S,R,0.4478226426357719,1
6,72,0.8503588839971314,5,Slider,R,S,L,0.5539776718325014,1
7,83,3.898834967029086,4,Changeup,L,R,L,0.45335014826633024,0
2,80,5.075178075976676,2,Curveball,L,L,S,0.5166778410538024,1
2,127,0.8294423229682337,2,Changeup,R,S,L,0.30050591941199384,1
1,56,4.1568567637787694,4,Cutter,L,R,R,0.5591852396643004,0
4,27,4.620170303299545,5,Cutter,L,L,R,0.7873707003163815,1
7,97,5.939968484058919,6,Fastball,R,S,R,0.6588899175085083,0
9,87,1.878688393180263,5,Curveball,R,S,R,0.39202908477011666,0
3,40,2.3466200263260664,4,Curveball,L,L,L,0.718316190610484,1
7,113,4.5561691730642675,1,Slider,L,S,R,0.737435014204753,1
7,94,7.865011279852913,7,Slider,R,R,L,0.30608376767099543,1
7,97,1.7399454625609154,0,Cutter,L,R,R,0.2318803164748876,0
2,85,7.887230616987712,1,Fastball,R,L,S,0.5434855648699313,0
6,73,5.71474026443585,0,Cutter,R,L,S,0.4855297317543784,1
2,119,6.608656557040185,2,Sinker,L,R,R,0.6288117241596789,1
6,40,0.7171301458907138,3,Curveball,R,L,S,0.3758352130657464,0
3,72,2.403361499445058,4,Curveball,L,S,S,0.42812716055552297,1
2,102,0.4618902372078484,1,Cutter,L,S,S,0.35831136022307186,0
6,23,2.972375960025402,2,Curveball,R,S,S,0.37528248977411266,0
2,74,7.850317279360415,1,Slider,L,S,L,0.2055724125479832,1
5,34,0.8421844976507078,5,Curveball,L,L,R,0.5064533098718229,1
2,83,4.498982258969596,0,Slider,L,S,S,0.4838927530443034,0
3,131,0.04856498251049857,4,Changeup,R,L,L,0.4135248453767259,0
3,137,5.701462528352502,5,Fastball,R,R,S,0.5241142003520859,1
6,39,1.5775415389763285,0,Fastball,L,S,L,0.4350561864044703,0
6,83,1.0366762969981034,5,Curveball,L,L,R,0.4595367113463515,1
3,52,2.696142497286301,0,Fastball,R,R,L,0.20119066907514263,1
3,100,6.168354383511852,7,Sinker,R,S,R,0.2397842287771369,1
1,145,0.8529046904896864,0,Changeup,L,S,L,0.29042151568150365,1
7,88,1.838711966389563,5,Curveball,L,S,L,0.31041228988688685,0
8,113,0.06771537293847629,2,Slider,L,L,S,0.47131554796717856,0
2,87,7.747318901564944,4,Changeup,R,L,S,0.7249465065148268,1
4,106,4.737164799910911,3,Sinker,R,R,L,0.4436203074637638,0
7,40,5.759197091077596,7,Changeup,R,S,L,0.5763154688389476,0
8,82,5.211065369248116,7,Fastball,L,R,L,0.21548174143784043,0
1,104,1.154916470957395,7,Sinker,R,L,R,0.7129072818868272,1
4,43,4.759519511951953,1,Slider,L,S,L,0.26788069659982916,0
6,130,1.0513247611300969,7,Cutter,R,R,R,0.3705733501148158,0
3,114,3.2098916317050232,6,Changeup,R,S,R,0.6900414923420843,0
5,102,4.551705087402344,0,Fastball,L,L,R,0.35892651494408806,1
9,121,4.471048912817247,7,Changeup,R,R,R,0.3547998701279057,1
3,97,0.9525874078619276,4,Slider,L,S,R,0.5617916494781521,1
5,143,0.27548775717217744,1,Slider,R,S,R,0.7419470509012474,1
8,139,6.385874510990511,4,Curveball,R,S,R,0.3281895792825257,1
6,34,5.807379495968043,5,Cutter,R,R,L,0.5724909787052698,1
4,102,0.6545512365179045,1,Cutter,L,L,R,0.5601128592295187,1
8,25,1.0193241504124275,4,Fastball,R,L,L,0.5957137708015126,1
3,86,7.140670211116962,3,Cutter,R,R,L,0.7680614724324035,1
3,141,6.1530312129742395,6,Slider,L,S,R,0.2995290867169667,1
4,103,7.969282369733393,4,Cutter,R,R,L,0.5926143956739944,1
9,130,2.0318995936401736,6,Fastball,R,R,L,0.3094280372334172,1
5,83,3.902423910950519,4,Changeup,L,L,R,0.3885807234400557,0
8,145,1.8916766084988454,6,Cutter,R,R,L,0.4339769201277927,0
6,47,4.982401107818478,0,Cutter,R,S,L,0.7012345192469285,1
3,117,0.9233139127305439,6,Slider,L,L,S,0.23222601797251677,0
8,32,1.0179453819442648,6,Slider,R,L,S,0.6401914749227653,0
9,105,0.5751031312409811,0,Changeup,R,S,R,0.7475552201522302,1
8,40,5.548688658113336,0,Sinker,L,R,R,0.24754510388831596,0
4,82,3.952580619465654,5,Sinker,R,L,R,0.6744380097008493,1
6,130,4.94184973083704,6,Curveball,R,R,R,0.26458534918663457,0
1,95,7.034408372714871,4,Cutter,R,S,R,0.7777121889177538,0
4,92,5.922627878042869,7,Slider,L,L,S,0.6892188277389573,1
8,26,3.693783345333528,3,Curveball,L,S,S,0.6169906041112864,0
1,91,7.8748479071538116,1,Cutter,L,L,L,0.5300356821973612,0
3,148,3.650048809135786,7,Cutter,L,S,S,0.7524904929387857,1
1,123,0.8996053858682656,0,Curveball,R,R,R,0.2714427799477324,1
9,47,7.941237978021728,2,Slider,R,S,S,0.27307052811005916,0
2,62,0.1825658401187784,4,Changeup,L,S,L,0.6934937078172232,0
9,116,4.399068475902017,3,Sinker,L,S,R,0.489391926947532,0
4,65,2.472763909597674,3,Cutter,L,S,R,0.7070338330048194,1
2,20,4.0284172081358784,0,Fastball,R,S,L,0.4343970335216307,0
4,121,4.469703620756173,5,Fastball,R,R,S,0.47111613148321446,0
6,54,1.9207671702279008,0,Fastball,R,R,L,0.399247201788304,0
7,73,4.454870045898095,5,Changeup,R,L,R,0.7704429571285265,1
3,43,6.0484888960443,7,Sinker,L,S,R,0.4789700268128505,1
3,41,2.132078697951987,2,Cutter,R,R,S,0.6530582434816465,0
8,35,3.0674090665112566,2,Slider,R,S,L,0.6175452895377129,1
5,32,2.1459415453124633,0,Slider,L,S,S,0.3410521661912524,0
4,119,6.56447784790562,1,Sinker,L,L,R,0.748389430250676,0
7,119,5.7998580736767735,7,Changeup,R,S,L,0.5268092541713802,1
7,81,6.969571497747259,6,Sinker,R,R,L,0.713483628407563,1
9,106,1.3603991432132743,0,Cutter,R,L,S,0.6993127298972578,0
9,97,0.5886371052780124,0,Curveball,L,L,R,0.23520197893045092,1
5,86,0.9550680308693869,7,Curveball,L,L,L,0.5718636768614711,1
8,110,1.288146662593891,3,Cutter,L,S,S,0.6733906803277112,1
1,52,4.264661285398419,0,Cutter,L,L,R,0.7438989634915012,0
9,134,7.767296562902119,0,Slider,L,R,R,0.5037774098982062,1
8,38,2.8578833329342563,0,Changeup,R,R,R,0.6504275864381208,1
6,143,7.668066154881641,1,Changeup,R,L,S,0.781778258081584,1
3,139,0.30560635991343776,3,Sinker,R,L,R,0.6967054563959559,1
3,116,7.4149776225172666,4,Slider,R,L,S,0.7126538997404406,0
8,43,1.4492208584397694,7,Fastball,R,S,R,0.444369691983988,0
5,46,7.2997998857547906,4,Curveball,R,L,S,0.2550132028512672,1
7,94,0.4498194409236893,4,Cutter,R,L,S,0.7796171306341082,1
5,42,7.585755579960261,4,Sinker,L,S,L,0.6174911364912918,1
8,60,1.6063861145508866,3,Curveball,R,L,S,0.3026983946133204,0
4,75,2.4217124805852857,0,Curveball,L,L,L,0.784299316658774,1
2,117,3.927538752823665,4,Sinker,R,R,R,0.6294716497252324,0
3,25,3.0457670498838016,7,Changeup,R,R,R,0.2542209962995856,0
8,59,5.3402237541052,0,Slider,L,R,S,0.3024880781016855,1
7,61,7.798462138000619,6,Fastball,L,S,R,0.7192462333025695,0
2,51,4.851411926439526,6,Fastball,R,R,R,0.7722994935730434,1
6,29,5.771883275492394,4,Sinker,R,R,S,0.4188963866116795,0
9,88,0.704042002445612,1,Sinker,R,L,R,0.44795713258634273,0
4,28,5.022499432560043,7,Slider,R,S,R,0.4372727285188564,0
9,88,3.6307982163713053,0,Curveball,R,L,R,0.7012137171657742,1
2,118,7.086258863357027,3,Slider,L,L,L,0.4719536818255718,0
2,93,3.1056887971448157,5,Slider,L,S,R,0.42515433062224295,0
9,122,5.435633152399353,1,Cutter,L,S,S,0.5731211763414616,0
7,142,1.8252298260726327,7,Cutter,R,L,S,0.49431977619559425,1
7,121,2.074980268193568,5,Curveball,R,L,R,0.5200540670079785,1
1,27,3.008979447378189,1,Changeup,L,L,S,0.44420789968919483,0
6,38,2.432508300052022,3,Fastball,L,S,S,0.47630851549264314,0
7,21,2.0310307151205986,1,Cutter,R,L,S,0.2215851995161694,0
6,74,0.39734964720647437,6,Curveball,R,L,S,0.755469392861666,1
6,36,6.693970654019672,0,Sinker,R,R,R,0.21834365517029575,0
2,80,0.5144122471302746,2,Slider,R,R,S,0.6636874404271074,0
6,105,7.098924124823741,2,Cutter,R,R,L,0.3789612393582919,0
4,54,1.003723112544482,4,Slider,L,R,L,0.2673525723959885,1
9,122,0.5220938965012722,6,Slider,L,R,L,0.5658165218165281,0
1,85,4.504038111845577,4,Cutter,R,L,R,0.6241709799847451,0
8,20,4.019534340597774,0,Curveball,R,L,S,0.5781209819383919,1
5,138,3.929876550655081,3,Sinker,R,S,R,0.5456502512751455,1
1,74,4.596034620011182,0,Fastball,R,S,S,0.5217119267270978,1
4,119,2.296452848953246,4,Curveball,R,S,S,0.5246352328586257,1
1,40,5.3035941874368895,1,Changeup,R,L,S,0.7192526572402111,0
6,70,4.019217757657466,5,Changeup,R,R,S,0.2540921914107627,1
2,119,2.677947735658602,6,Fastball,R,L,S,0.2944212487222267,1
5,27,6.612005335845825,0,Sinker,L,L,R,0.6875905902841004,1
7,87,5.821768770613681,0,Changeup,R,S,R,0.38182396024926546,0
2,126,3.1488827355569757,3,Slider,L,S,L,0.6629360792243573,1
6,86,6.780942281830982,4,Changeup,L,S,R,0.41161756698240126,1
6,21,7.362066000894194,7,Cutter,R,S,L,0.7552460701052222,1
5,20,4.2949301366749,0,Slider,R,L,L,0.36880020265900604,0
5,20,1.7196196012553662,1,Curveball,L,S,S,0.45613782288258664,0
3,121,7.326337252375895,5,Sinker,R,R,R,0.29530488707081554,1
2,134,1.5158369607641378,1,Fastball,R,L,R,0.6000107188165287,0
7,107,0.3873858113381532,2,Cutter,R,R,S,0.44172866253242626,0
1,111,2.619896070985047,4,Cutter,L,L,S,0.7647225090563725,1
6,37,5.815730755688318,1,Fastball,R,L,L,0.20944880310945202,1
6,107,7.386192690828396,3,Changeup,L,S,R,0.4325908280040964,0
3,52,5.098285174515519,5,Fastball,R,R,R,0.21417776906538288,1
2,92,7.61470837573328,4,Fastball,R,L,L,0.39742491617632913,1
2,47,0.738966714207173,1,Changeup,L,R,L,0.42814714411942156,0
9,106,0.48602983670416045,0,Curveball,L,L,L,0.354881837522932,1
5,72,4.833535605949312,4,Sinker,L,L,S,0.35331866856720945,0
7,63,7.7289305799420385,1,Fastball,R,L,L,0.35603571334565187,0
5,99,4.021770471637792,7,Changeup,R,R,L,0.3597539263915437,0
7,33,0.41212180751444105,6,Cutter,L,L,S,0.3693716983587265,1
4,122,1.7697492486196493,0,Fastball,L,R,L,0.7107787613293322,1
8,55,1.9583432513261654,2,Sinker,R,R,L,0.22343243205444227,1
7,53,2.7028570330956,5,Fastball,R,S,R,0.7933458787412506,1
5,107,0.34882706868970104,4,Curveball,R,R,L,0.36891389964729693,0
6,35,7.23914160398333,4,Curveball,R,L,L,0.21676769337272125,1
5,60,4.124511557771962,1,Cutter,R,L,S,0.3050955020937916,0
7,44,5.3674463436328725,2,Curveball,L,L,L,0.7651197636619345,1
2,145,0.5373826951600718,3,Sinker,R,L,R,0.7985140864742228,0
5,27,0.4329237424291952,1,Cutter,R,R,R,0.348051840791256,0
3,131,4.691742176324378,1,Fastball,R,S,S,0.3352695610438492,0
9,113,7.098368084033664,3,Changeup,L,R,R,0.7016541568203287,1
6,103,4.227856007676376,7,Curveball,L,L,S,0.7485271488178864,1
3,87,7.022553380560572,3,Cutter,R,R,R,0.5902166885886995,1
7,86,6.487930184441915,3,Curveball,R,S,R,0.7614921890503121,0
4,130,0.606830286359366,5,Curveball,L,S,L,0.7700074873237917,1
3,37,1.6156597950855192,3,Slider,R,S,S,0.6558129530810688,1
8,75,5.26168535324274,6,Fastball,L,S,L,0.40922500061588235,0
4,54,3.5480110604003325,3,Curveball,L,S,S,0.28967580349818267,0
1,137,2.3255985091753644,0,Changeup,L,R,L,0.5106035596020986,1
6,45,3.3490708483838327,0,Sinker,R,S,R,0.3737660559191025,1
1,80,3.561597170165075,3,Slider,L,S,L,0.27110109886443784,1
5,107,7.284418006572772,5,Cutter,R,L,R,0.43639787056955387,0
7,34,0.8276662696396242,5,Cutter,L,S,S,0.4878594463809598,1
6,110,2.23784597446092,2,Changeup,L,R,S,0.5971916911524437,1
2,51,4.3005185326617115,5,Changeup,L,L,R,0.3326836241571452,1
4,83,5.586295413044733,6,Sinker,L,R,L,0.7210962112269372,1
2,105,5.045098311673949,6,Fastball,L,L,R,0.31126507053157565,1
1,64,7.533141901899156,2,Changeup,R,S,L,0.7983378570481012,1
3,54,6.364871398555786,3,Cutter,L,R,R,0.5341274911737437,0
3,45,4.456614735795442,5,Fastball,L,L,R,0.2881054172173407,0
7,42,1.71746153338806,0,Changeup,R,R,S,0.7006361942491162,1
1,48,3.6069938512179185,2,Changeup,R,L,L,0.35223870463404006,0
9,83,5.547057953555819,0,Cutter,L,S,L,0.31298781352686217,1
6,132,6.703697398688679,6,Fastball,R,R,R,0.2808756626727202,1
4,137,7.677889795379099,1,Slider,L,R,L,0.5305368718725948,0
3,86,4.843622129103341,7,Slider,L,R,R,0.7275958913556042,0
3,127,4.21535493843546,6,Sinker,L,S,R,0.7382660629592734,1
2,105,0.1415353849691865,6,Fastball,R,S,L,0.6713711505987822,1
2,48,0.5767925532014395,0,Changeup,L,L,L,0.548868355163716,0
5,79,1.2488399810992021,3,Changeup,R,R,R,0.517930214316408,1
9,73,0.4380794495170246,5,Fastball,L,L,L,0.42426304592998776,0
2,112,3.2069059104394118,6,Slider,L,L,L,0.22643983919905467,1
2,88,2.6950283611109773,5,Sinker,R,S,L,0.7019533146900692,0
6,136,5.098833262947143,7,Curveball,L,R,L,0.7996833448876113,1
2,28,4.285320863467222,4,Cutter,L,S,S,0.7525082013571516,1
4,145,4.767766075102878,7,Fastball,R,R,S,0.7598231316478159,1
6,96,3.775817623501233,7,Sinker,R,L,R,0.3999338201033467,1
5,29,2.221897188434057,3,Curveball,L,S,R,0.2595835032936563,0
1,121,7.622602519571816,7,Cutter,L,S,S,0.7229499104860337,0
6,77,0.6912732780811117,1,Curveball,R,R,R,0.6582859250504516,0
1,132,7.5111279957224575,5,Curveball,L,L,S,0.4342244363699546,0
3,125,2.4899043749178773,0,Cutter,L,S,R,0.7001465344207325,1
5,54,4.101291562938379,2,Curveball,R,L,L,0.283241405117719,0
5,122,0.8707385826203691,6,Slider,R,S,L,0.5906505139468368,1
6,122,0.5674485469680741,3,Sinker,L,S,S,0.7720303314015029,1
8,116,3.436363589748823,7,Fastball,R,S,S,0.7462509989428205,1
5,125,5.933579011037425,5,Sinker,R,L,S,0.6565098494980621,1
1,90,2.1549182203883914,2,Slider,R,L,S,0.35994967208351025,1
5,96,4.4987831114825605,0,Slider,L,L,L,0.2615382149885176,1
3,73,2.2292027241825467,7,Cutter,L,L,L,0.3948416676027319,1
4,40,3.1089044871443265,5,Cutter,R,L,S,0.5704120632694566,1
8,130,7.251570547790598,7,Cutter,R,L,S,0.38990354371072433,0
7,94,6.846717003959356,7,Curveball,L,L,R,0.4478686149832773,1
5,33,4.128140347341039,1,Curveball,L,R,L,0.44216376585861394,0
2,21,1.90484501977663,6,Fastball,L,L,L,0.40149603613284485,0
6,127,1.5454713018641826,6,Curveball,L,L,S,0.7540709459635746,1
6,97,7.632698824285714,3,Fastball,R,R,R,0.39197154357757136,1
6,67,1.6217327720855002,2,Slider,R,R,L,0.7961163663298982,1
9,110,6.465346487300313,5,Fastball,L,L,R,0.32560048116206475,0
8,36,2.951761676284298,6,Fastball,L,L,R,0.7235750073049583,1
8,31,7.885278780465907,3,Cutter,R,L,L,0.6394022829975109,1
1,45,2.945245922902303,7,Curveball,L,R,L,0.6012830422562646,1
5,56,2.812132999285809,5,Changeup,L,S,R,0.467208941052717,0
7,89,5.099709031020985,3,Changeup,R,S,R,0.6899522724070664,1
6,98,7.692134453014554,2,Cutter,R,S,L,0.49533134070785545,1
5,109,7.809676846371463,1,Sinker,L,S,S,0.28132419429750477,1
8,60,5.657649171735882,3,Sinker,L,S,R,0.36829836946605166,0
3,148,6.036850925090829,1,Sinker,L,L,L,0.30945764906537654,1
6,36,4.507217407784221,1,Slider,R,S,R,0.5417680452546567,0
5,72,6.046205913058655,6,Slider,L,L,L,0.5932432945843329,0
8,137,6.878237239763973,6,Slider,R,R,R,0.4015607977967355,1
4,128,3.888762425560186,0,Fastball,L,R,R,0.2237094829778772,0
8,96,4.958898102640824,5,Curveball,L,S,S,0.5952425668065964,0
2,99,4.298533561864382,2,Slider,R,R,R,0.2371758598779778,1
9,64,4.499764908229418,7,Changeup,R,L,R,0.7794040989818862,0
9,37,7.120383278991527,0,Fastball,L,S,R,0.7323666454862121,1
6,118,2.844934641644562,4,Slider,R,S,L,0.6985289658074343,1
4,87,1.6654722048049937,7,Slider,L,L,L,0.4205257757717552,1
4,102,3.650240882189033,6,Sinker,R,L,L,0.6469957402929096,1
6,69,1.6646815238501214,5,Sinker,R,L,L,0.22751159133163024,1
5,44,3.987203405296153,0,Curveball,L,S,R,0.2537808146069634,0
6,140,7.228064842856469,7,Curveball,R,R,S,0.49672769148851803,1
7,87,4.939468163859822,3,Fastball,L,R,R,0.5520592149222951,0
7,75,6.843462826424622,3,Changeup,R,R,R,0.6601704270265274,1
9,58,1.3295273569240944,3,Cutter,R,R,S,0.3786285498110097,1
8,82,7.206988740297414,4,Sinker,L,S,S,0.5255629724026567,1
6,147,4.814297315256926,1,Changeup,L,L,S,0.23752554552384753,1
6,141,0.2540783099238384,6,Sinker,R,R,S,0.482520647693024,1
5,78,5.0649516422802945,3,Curveball,L,S,S,0.6027562687703866,0
1,67,7.611175650087343,7,Curveball,L,S,S,0.7937849555742706,1
9,55,0.6333360038028966,5,Cutter,L,R,L,0.660776232868818,1
9,107,4.659649043756577,5,Changeup,L,L,S,0.7972890344267058,1
9,44,7.323828822957718,6,Changeup,R,L,S,0.4987493774488895,0
8,38,0.07756134667499648,0,Cutter,L,S,S,0.4597713846961622,1
3,85,5.047303411726586,1,Curveball,R,L,S,0.7005238168695749,0
1,99,3.7992183346477013,0,Fastball,L,S,S,0.47743105797500557,0
8,144,2.775914549188885,0,Changeup,L,L,L,0.6536828701168886,1
7,122,5.020291919563008,3,Slider,L,R,L,0.796701836481778,1
5,148,0.4216167566993354,0,Changeup,L,L,L,0.6347575465191193,1
7,146,6.024504370299201,7,Changeup,R,R,R,0.2085817133867207,1
4,40,0.035835815357661005,7,Changeup,L,R,S,0.30817000698663205,0
9,145,2.455485950338818,6,Curveball,L,S,L,0.3657608276316312,1
2,143,4.031669101477427,4,Slider,R,R,S,0.6932812838812534,1
9,30,3.0161780045324136,5,Changeup,L,S,S,0.7592799721847776,1
9,41,2.45980748164466,5,Fastball,L,R,L,0.5898185761947994,1
5,130,6.646681163744769,5,Sinker,L,R,L,0.25282230232255193,0
1,144,7.478660594175271,6,Sinker,L,R,S,0.4997146389787284,1
7,76,6.98970147924711,7,Slider,R,L,S,0.715425430994677,1
4,108,4.179450504399997,7,Cutter,R,L,R,0.41731138848325205,1
9,147,7.073313401547864,1,Fastball,R,R,L,0.23916422135437376,1
6,64,7.36689252145235,3,Cutter,R,S,S,0.6677484055354752,1
3,55,3.273907176379696,3,Changeup,L,R,R,0.5942718169848482,1
6,106,2.2675668760435634,6,Curveball,L,S,S,0.48018280745103076,1
6,137,0.7861216465065626,0,Changeup,R,R,L,0.7098836774615835,0
5,91,3.8327353683938323,0,Changeup,L,R,S,0.7098273728036988,1
2,87,7.570375363507531,2,Cutter,L,S,L,0.6205756813057601,0
2,122,4.487260224562968,2,Changeup,R,S,R,0.7653909814246913,1
7,48,5.340496814289373,3,Fastball,R,L,S,0.47236642412331736,0
2,124,0.9030705479347807,6,Curveball,R,S,L,0.6373573396596277,1
6,92,1.14815731313805,3,Cutter,L,R,R,0.698409064392787,0
5,138,3.7157860956773803,0,Slider,L,S,R,0.5813566471582661,1
4,104,7.610118391869806,6,Sinker,L,L,L,0.5318661895772132,1
7,108,2.886277132732231,7,Changeup,L,R,S,0.6391989642190126,1
8,108,7.019872330540268,4,Sinker,L,R,L,0.41270317097562015,0
4,95,0.9623087474056922,4,Cutter,L,R,R,0.4198581682712459,0
1,135,4.936137655469681,5,Sinker,R,S,L,0.7859679917460891,1
1,72,4.8049038152841455,0,Changeup,R,R,R,0.27130263041595043,0
1,83,6.878998000562148,6,Changeup,R,R,R,0.705198357974876,0
1,50,0.02653363523921204,2,Cutter,R,S,R,0.6732475514801433,0
5,55,1.5194533375805772,7,Fastball,L,R,R,0.23249617256716676,1
4,29,1.7575010034358538,2,Slider,R,S,S,0.622101425744892,0
9,45,7.599728704725899,4,Changeup,R,S,R,0.2563300616187384,0
3,39,1.2295492501591596,3,Fastball,R,L,R,0.3263007954925966,0
7,144,0.29569880176448304,0,Changeup,R,R,R,0.7749285186186967,1
8,63,4.275691957934464,5,Changeup,L,S,L,0.4172903288842211,0
6,81,4.228467699469453,7,Fastball,R,L,S,0.23408109035388858,0
1,98,6.752375722942914,5,Changeup,L,S,R,0.512718868854372,1
8,28,7.590877201422416,3,Slider,R,R,L,0.32384805220741014,0
3,90,4.308363537121048,2,Sinker,L,L,R,0.4557975171928967,1
8,109,7.439953459357244,4,Cutter,R,S,S,0.26099478147808286,1
4,43,5.801273210398637,3,Sinker,L,L,S,0.25758133377194314,1
8,79,2.11647302396468,2,Fastball,L,R,S,0.50248579997978,0
1,103,7.4273656875514105,2,Sinker,L,S,S,0.40152636612100784,0
3,139,5.339545409454998,6,Curveball,R,R,L,0.29316219210185435,1
6,97,3.3127674619410703,5,Changeup,R,S,S,0.5482226188221884,1
9,35,5.4419366761354455,2,Cutter,R,L,L,0.23731527399029045,1
2,48,3.210502621950007,3,Slider,L,R,L,0.6516433018336021,1
1,138,0.9134701439036741,1,Slider,L,L,S,0.2308028770299192,1
3,54,5.751829977415198,4,Curveball,L,S,L,0.7822226293056949,0
4,62,6.59270089736595,2,Sinker,R,S,L,0.64137483157814,1
5,115,5.830449592155102,3,Slider,R,R,S,0.7383276095744955,1
3,138,1.8329173420534124,7,Sinker,L,R,R,0.46396944995631983,0
2,72,7.653080107820903,5,Cutter,R,S,R,0.2348486238562391,1
2,39,0.20203649352924735,0,Curveball,L,L,L,0.337664063729638,0
7,134,2.6614823790051245,5,Sinker,R,S,S,0.7826569791590063,0
9,27,2.080739476279164,6,Fastball,L,L,S,0.5713349493401927,0
2,141,0.38500982091880775,4,Sinker,L,R,S,0.3367229976947609,1
7,61,3.2458375439093476,0,Sinker,L,L,R,0.48969055162905095,1
7,96,4.984918721302196,0,Curveball,R,S,L,0.39046481678992573,1
7,89,7.0604229078808105,5,Fastball,R,L,S,0.493830646749647,1
3,130,7.9175177295317605,3,Slider,L,R,L,0.7019744926937943,1
7,35,6.464716691235185,5,Cutter,R,L,S,0.3335332944968483,1
1,88,3.7494441497025983,7,Sinker,R,S,S,0.43945281984217877,1
1,72,5.789635407736245,1,Changeup,L,S,S,0.46765399063582747,0
5,25,6.748990308717126,3,Curveball,R,L,L,0.5522320586599728,0
2,142,3.7224575713494508,3,Slider,R,S,R,0.24663710454193125,0
9,52,6.280435472203999,4,Sinker,R,R,R,0.3242069517217826,1
7,34,3.861219346503014,7,Cutter,R,L,L,0.43869961127008994,0
4,33,3.0919679270137816,6,Changeup,L,L,S,0.685604429437355,0
4,82,4.20872670227009,6,Curveball,R,L,R,0.31210525692368984,0
2,24,5.406837901017159,3,Cutter,R,S,R,0.7289142743175541,1
5,140,5.815056450548779,7,Slider,R,L,L,0.4034984057101596,1
4,109,2.853890151136863,7,Sinker,L,L,L,0.35230360868048705,1
1,126,4.570562012448279,7,Sinker,L,L,L,0.44562937884560366,0
8,35,7.278966992643577,4,Sinker,L,L,S,0.5322246449941683,0
3,118,7.810503200885118,2,Curveball,R,R,S,0.640384492413743,0
6,72,1.817984729471636,4,Sinker,L,S,L,0.4861652168865827,1
4,96,1.5426493257067317,6,Curveball,R,R,L,0.690801781978709,1
9,112,5.413485067429188,3,Sinker,L,L,R,0.6912457477287168,1
7,117,3.3174710865875507,2,Fastball,L,S,R,0.2010439695724954,1
9,117,0.19377870734509628,2,Sinker,R,L,L,0.67494985779848,0
3,78,2.774894965178273,1,Fastball,L,R,L,0.46565214114238246,1
1,45,6.453957947778017,5,Curveball,L,L,L,0.7802523339098935,0
5,22,6.379415443065461,3,Cutter,L,R,R,0.6921358901188984,1
3,119,3.957481190532655,0,Slider,L,R,R,0.430404286636484,0
6,66,3.7806234791002824,5,Changeup,L,S,S,0.5807797051461878,1
8,24,4.63605953947502,3,Fastball,R,L,R,0.3165462648859124,0
4,81,1.7551736845086081,0,Slider,R,L,R,0.3742096709663377,1
5,103,4.208348999127644,5,Sinker,L,L,L,0.3212632586401002,0
5,99,0.08837088045318708,6,Curveball,R,S,L,0.650693787958618,1
4,82,3.8044764382650698,1,Slider,R,R,S,0.2049296114027136,0
4,44,2.6884083700047405,3,Slider,L,S,L,0.4443638637250038,0
4,63,5.398956847229277,5,Sinker,L,S,L,0.7025395989714665,0
4,33,5.10682867322102,1,Slider,R,R,R,0.6254480164287071,1
4,105,3.046687041462472,0,Curveball,L,L,L,0.45305264739620127,1
5,38,0.058183851828732536,4,Fastball,R,R,R,0.5798260091719485,0
2,121,2.0181890351596836,6,Changeup,R,R,R,0.4590787377588569,1
2,39,5.066782801513298,3,Cutter,L,R,L,0.7064045095847808,1
9,98,0.5789867441400363,2,Fastball,L,L,L,0.5435609619550356,1
2,117,0.8611393746677107,2,Changeup,R,R,R,0.5795708843509202,0
6,140,5.176280196536697,1,Curveball,R,S,S,0.7931727399353827,1
2,36,6.046139207594338,6,Changeup,L,R,L,0.6620643797999062,0
5,69,2.572397664101697,4,Curveball,L,R,R,0.3715756968602705,1
4,29,3.917384524132495,2,Changeup,L,S,R,0.6637844760855027,1
7,77,7.565690919869269,7,Fastball,L,L,L,0.757092049021024,1
7,114,7.564348497407756,2,Sinker,L,S,R,0.37704576640777987,1
6,126,2.460022195707441,7,Sinker,L,L,L,0.690379610611621,0
5,52,6.479903000136722,3,Sinker,R,L,S,0.3426928613468211,0
1,65,4.75155242245487,2,Curveball,R,L,S,0.46042004300905165,0
3,148,7.80387594680304,6,Slider,L,L,R,0.6141037559859923,1
9,81,3.820908557688772,6,Sinker,R,S,L,0.3461165169286534,1
1,106,6.197654944124492,7,Curveball,R,L,L,0.3123771776904676,1
5,92,6.145097036918968,0,Curveball,R,S,S,0.477526194923352,0
2,20,3.979462941064609,1,Changeup,R,R,S,0.6699209193739344,1
4,40,6.365040914378462,6,Curveball,R,S,L,0.5575179287733139,0
1,41,2.088322666455972,5,Changeup,R,R,R,0.620728759336036,1
3,23,0.978024290321831,2,Fastball,R,S,L,0.6135662729526992,0
7,84,3.40130995724253,3,Curveball,R,R,R,0.5266993536244458,0
3,82,7.549045253068678,7,Slider,L,S,R,0.3893661053816415,1
4,55,4.00595686562023,5,Slider,L,S,L,0.45302673515028763,0
2,48,5.082073109175416,0,Fastball,L,S,L,0.42837228376033526,1
3,88,4.993299647263003,7,Sinker,L,S,S,0.2474418273734704,1
9,130,1.0605829381562435,5,Slider,R,R,S,0.7390773566597537,1
3,119,3.122375059017682,7,Changeup,L,L,S,0.5851129666203716,1
5,60,5.655511783374998,2,Curveball,L,S,R,0.7143133991289232,1
2,67,7.77592078864581,1,Cutter,R,R,S,0.6656362797569626,0
4,149,1.3441419063762092,1,Curveball,L,S,L,0.24097717189810416,0
7,130,3.28353512271293,6,Curveball,L,L,R,0.32978422654424455,1
7,81,0.7607503984218349,1,Cutter,R,R,S,0.7704407830642006,1
3,126,1.9390116771940482,2,Sinker,L,R,L,0.47715832457130414,1
5,125,3.014074746609202,0,Slider,L,R,L,0.6871641778071103,0
1,132,4.325145983618803,6,Slider,R,S,S,0.5452860405260533,0
1,87,1.8445350579126476,4,Curveball,R,S,L,0.6941371297383703,1
5,108,1.8205012894294859,5,Slider,L,L,L,0.6407649275405449,1
9,97,6.22263983312163,6,Changeup,L,L,L,0.36783886695989676,1
1,94,7.70113330357505,1,Changeup,L,S,S,0.7947287220645334,1
1,44,2.5889037420116496,0,Cutter,R,S,L,0.49431257614983026,0
4,26,5.503936149085441,7,Curveball,L,R,R,0.5509964917457877,0
4,132,2.064643690863366,7,Sinker,L,S,L,0.5242610198298006,1
2,55,7.423618039725056,3,Changeup,L,R,L,0.7311092249844107,1
9,29,5.383218881323186,3,Fastball,L,L,S,0.3679339649677609,1
9,132,6.42141483710056,7,Slider,R,S,L,0.23702745911853618,0
2,55,0.3948323455933185,0,Sinker,R,L,S,0.456855681613599,0
9,37,4.788047745924997,3,Curveball,L,S,S,0.7509912922106927,0
6,121,4.220898650867058,3,Changeup,L,S,S,0.4635874467403297,1
8,44,2.343975255292256,1,Cutter,R,R,S,0.36653688292426745,0
4,52,2.0994398804585446,2,Changeup,R,S,L,0.5710975738081417,0
2,106,4.640198418535758,2,Fastball,R,L,L,0.6425286387319475,0
2,92,5.651885080057801,2,Changeup,R,S,S,0.47765402284856767,1
9,25,0.2653820562815117,2,Curveball,L,L,S,0.4280166113434885,0
1,86,4.539212655389635,0,Cutter,R,S,S,0.4187026559444517,1
7,112,1.363676231573029,6,Cutter,R,L,S,0.4527875532406935,0
3,127,1.1229018510888045,1,Fastball,L,L,L,0.7056029000708126,1
3,45,4.984955904757476,0,Curveball,L,L,R,0.4895362765221647,0
2,57,2.4869609377397843,7,Fastball,L,S,L,0.38861362553691003,0
6,122,3.527041865078912,5,Fastball,L,R,S,0.3093889705942308,1
2,61,2.8799904755181833,5,Fastball,L,L,S,0.36956968616760344,1
4,85,5.18669056122019,3,Changeup,L,L,S,0.4776378803577933,1
9,61,3.760958128531751,7,Slider,L,R,S,0.5286883730024945,1
9,57,7.70766929630358,1,Changeup,R,L,R,0.5728935809475687,1
6,125,2.8190620728517226,4,Curveball,R,L,S,0.2428276501912292,1
4,115,5.9222747221026815,7,Sinker,L,S,R,0.5679025596965886,0
7,89,2.0583405406643562,2,Fastball,R,R,L,0.41119590578911563,0
1,57,4.070024741009175,5,Fastball,R,L,R,0.35418187160589,0
4,116,4.420558015215656,5,Slider,L,S,L,0.39863589305480984,1
5,127,2.6328742485018575,7,Cutter,R,S,R,0.6706793176388481,1
8,138,3.774244231301033,3,Fastball,R,S,S,0.6819728348574219,1
2,93,2.2342291031879373,2,Changeup,R,S,R,0.26225475823026595,0
5,76,0.048006253391855935,2,Fastball,R,R,S,0.4968042847267098,1
6,129,1.72518641310303,2,Curveball,L,R,R,0.5176990418086365,0
5,98,5.600513379945605,6,Slider,R,S,L,0.21812855969483308,1
9,55,6.167704195883016,5,Sinker,R,R,R,0.6302379377917324,1
1,76,2.2416229371113596,7,Cutter,L,S,R,0.42007641092391323,0
3,148,3.2643439905445755,4,Sinker,R,L,L,0.4507986337715821,1
2,22,0.2989252811088887,3,Curveball,L,L,R,0.5659570192039958,0
3,33,1.8965032087814446,7,Changeup,R,S,L,0.48136426256671777,0
9,53,6.233754266978393,2,Sinker,R,L,R,0.64876994283788,1
9,89,4.847890162120458,2,Curveball,L,S,L,0.5575151690522031,0
2,88,1.6461641756349712,1,Sinker,L,L,L,0.3356209451988075,1
3,123,2.0595359609794572,2,Fastball,L,L,S,0.7222927008809155,1
4,48,6.534416183916481,1,Slider,R,R,L,0.329475666151999,0
9,67,1.6726736235592066,3,Fastball,L,S,L,0.6281196488771424,0
3,113,2.6732618067770497,3,Slider,L,R,S,0.6753255982018233,0
7,98,5.314869533237155,3,Changeup,R,S,S,0.6129693177978239,0
3,136,4.488899085664629,1,Curveball,L,L,L,0.45308270053078675,0
7,86,3.6869616418705142,5,Sinker,R,S,S,0.7267717834233074,0
7,94,7.1979287278379545,5,Slider,R,S,L,0.39661982888455055,1
9,47,1.7576837017204134,6,Curveball,L,S,L,0.6122457587837821,0
2,140,5.931359126903999,4,Sinker,L,S,R,0.7265978363208463,0
6,28,1.2725107249454668,6,Slider,R,L,L,0.29325675590611483,1
9,142,4.925870667857161,4,Fastball,L,L,S,0.5915811271030155,1
2,68,6.964988507290506,6,Slider,R,R,R,0.7405755407476469,1
2,110,3.663214283825103,7,Slider,L,S,R,0.2618487606474913,1
5,144,5.794356057530631,5,Cutter,L,R,S,0.28745195355155384,1
8,95,6.5631468239919055,6,Sinker,R,L,S,0.42695337286390594,0
9,123,1.088211399020822,5,Sinker,R,L,R,0.7965864603579644,1
2,52,5.6466151622568805,2,Changeup,L,S,S,0.3343614711600974,0
5,72,7.35872819190941,3,Sinker,R,S,S,0.3948321465247935,0
7,59,4.610964878844354,5,Fastball,L,R,L,0.701058036269735,1
6,37,1.4889779562300482,7,Fastball,L,L,S,0.2784460144873044,1
6,32,1.0155402527115438,0,Curveball,R,R,L,0.7977238275920824,0
7,93,2.0778826437339832,5,Slider,R,L,S,0.6433169983476474,0
3,115,0.8281061521334605,2,Slider,R,L,S,0.7755022129662394,1
3,124,4.10715257268038,5,Sinker,L,R,S,0.28663879672563375,0
9,86,0.5576374616538766,4,Slider,L,L,S,0.3394623966830489,1
8,52,1.7872369970898117,4,Fastball,R,L,R,0.42246490187669267,1
5,21,3.5192835512977148,6,Cutter,R,R,R,0.23060681104150105,1
6,94,3.7913180032161717,3,Curveball,L,L,S,0.23641498652775844,1
1,93,4.523187881175716,1,Slider,L,R,R,0.7422928527322916,0
1,45,5.644919702005812,7,Cutter,R,S,S,0.22564895771562177,1
4,147,0.37782911732374025,7,Sinker,R,L,S,0.6499758194895002,1
2,46,0.644967617406266,2,Changeup,L,R,L,0.6305854006192518,0
7,148,0.48687321443824594,1,Fastball,L,L,L,0.2436887649099563,1
2,40,3.3852025237192827,4,Changeup,R,L,S,0.31258145905889245,1
2,98,0.33478355906347446,6,Fastball,L,R,R,0.4728903834465954,0
5,113,5.96865013465061,3,Curveball,L,S,R,0.5849943118237685,0
4,27,1.7840014483078228,4,Sinker,L,R,S,0.7374961090768937,0
8,102,7.51369994631967,3,Changeup,R,L,R,0.5160991376045911,0
4,22,3.8912300407768914,5,Curveball,L,S,S,0.7618200644794513,1
6,74,3.570606019537613,7,Curveball,R,S,L,0.3141532931575523,1
5,55,6.244309541116002,0,Curveball,L,L,R,0.5736680114998585,1
2,25,5.705231871143929,1,Changeup,L,R,R,0.7067842610086021,1
8,140,4.858472327585143,2,Changeup,R,R,L,0.3399947920267986,1
2,61,7.48117365000296,3,Changeup,R,L,S,0.6731272033733304,1
9,69,3.378074087896616,5,Slider,L,R,R,0.4401735363006022,0
9,131,6.468253406178292,5,Curveball,R,R,L,0.7997745046638796,1
3,69,3.0407435659665483,6,Sinker,R,R,R,0.2549308715079978,1
4,49,6.706765394368839,6,Slider,R,S,L,0.5319633851718946,0
8,58,2.075797031727749,0,Fastball,L,S,R,0.6698209945055557,1
9,135,2.31413658268826,5,Changeup,R,R,S,0.6057179854422734,1
3,78,5.422956272139632,5,Sinker,L,L,R,0.503350957119121,1
5,95,1.701706359614371,0,Cutter,R,L,L,0.5078653874287749,1
8,67,1.8332334962034302,7,Fastball,R,L,S,0.44325773395371393,0
3,100,2.442099432139318,1,Curveball,L,L,R,0.4053802550952096,1
7,68,5.431430157283007,5,Curveball,L,R,L,0.5561999268894908,1
8,86,7.115104739385855,3,Sinker,R,R,L,0.649020474105747,0
3,96,5.3965412090158935,2,Slider,L,L,S,0.36756232297691127,1
2,40,6.622513954753002,2,Changeup,L,R,R,0.7679713351848003,0
7,124,4.348484717555758,2,Sinker,R,L,S,0.4188910393311042,0
9,91,0.5513857707611622,4,Changeup,R,L,L,0.46038482604868947,0
1,35,0.8037296920680053,7,Fastball,L,S,L,0.44668401931988655,1
3,47,4.435135826935324,6,Sinker,R,L,R,0.2668038652801996,1
5,99,2.622407749136877,4,Fastball,L,S,L,0.26954664463830974,0
3,76,1.7645445890955411,3,Fastball,L,L,S,0.6771625661196448,0
1,129,3.7300554184209664,6,Cutter,L,R,L,0.42879399403313245,1
7,71,5.331973927234412,5,Cutter,R,S,R,0.3295925574520495,0
7,103,3.0799355818868674,5,Curveball,L,R,R,0.6246202623652436,0
8,67,6.420338057258733,6,Curveball,R,L,L,0.7758444311054717,0
5,146,5.908185972571149,2,Curveball,L,S,S,0.7620814417601904,1
5,117,5.879319057276534,0,Sinker,L,L,R,0.6340442395141477,1
5,137,7.881517517419108,5,Changeup,L,L,L,0.31497349945089437,1
1,112,2.3618398189730785,7,Curveball,R,R,L,0.2924556465415542,0
5,86,5.157804690727161,2,Slider,R,S,L,0.7226038808695665,0
6,93,6.843826721282508,3,Fastball,L,R,S,0.7776885574393817,1
1,103,4.636195471311288,2,Sinker,L,R,S,0.5733912232516695,0
7,29,6.316017408923141,1,Changeup,R,S,S,0.7407527663783036,1
1,137,3.3156174867192982,2,Cutter,L,R,R,0.6889339672237593,1
2,116,4.723930765238437,7,Fastball,R,L,L,0.2924076674664108,0
2,25,0.44533114243462624,5,Curveball,L,S,S,0.33378179428693755,1
5,37,7.886140846598507,6,Cutter,L,S,R,0.2406555113422445,1
7,91,6.400147851587338,5,Cutter,R,S,R,0.4844341467598929,1
1,108,6.950472573051596,0,Cutter,R,S,R,0.3943689231176847,0
1,61,5.554354225143569,3,Sinker,R,S,R,0.45562761501410376,1
1,23,1.4884002624695958,6,Fastball,L,S,S,0.20519837140496688,1
6,39,0.24822753934425812,6,Changeup,L,L,R,0.6327464086055861,0
2,47,6.917252861888109,6,Fastball,R,S,S,0.3203430115873114,0
1,123,3.1706452298889847,3,Slider,L,R,S,0.420959545818335,1
6,63,2.1109190083193594,0,Curveball,L,R,S,0.4414254744027044,0
2,42,4.493383670711555,3,Sinker,L,R,L,0.2397466088524292,0
6,66,3.367188179805755,2,Changeup,R,S,S,0.4193088616215309,0
8,32,5.213327965500456,3,Sinker,R,R,R,0.7399081385628798,0
2,114,3.870345864436109,2,Changeup,L,L,L,0.7359220792742933,0
9,35,5.577865123522165,3,Curveball,L,R,L,0.21475394630123457,0
8,138,6.8273861560731435,5,Slider,L,S,L,0.21787384256058784,1
1,136,1.5644560876463123,7,Cutter,R,L,S,0.5563794063337161,0
7,29,2.6354630445238945,2,Curveball,R,L,S,0.3228937858523056,0
6,141,3.4945246925651112,2,Cutter,R,L,L,0.7391067867431758,1
6,57,7.696467584221105,7,Curveball,R,R,R,0.48971252821157507,1
6,63,2.9226689083798822,7,Fastball,R,R,L,0.39547580475166766,0
6,114,3.0487987967410364,5,Sinker,L,S,S,0.771966151560568,1
7,93,5.227780183676489,0,Slider,L,L,S,0.3907568791836078,1
3,132,3.353597679119594,0,Sinker,R,S,R,0.39249711836556295,1
6,70,7.609789965116842,5,Slider,R,S,R,0.2798582830630031,1
3,71,7.155750083803551,4,Curveball,R,S,L,0.33335123476697615,1
7,111,4.107270222205384,0,Slider,R,L,S,0.6562944140609345,0
7,78,5.158201871582799,2,Cutter,L,L,L,0.655847477892374,1
8,32,0.46424449506896437,6,Slider,L,S,R,0.43195932570181295,1
2,31,5.565844224259185,2,Slider,L,L,L,0.4096250754147206,1
9,69,5.657606983592258,3,Sinker,L,R,L,0.4510367740217036,1
5,76,2.8735943651456646,3,Slider,R,L,S,0.38050213084840173,1
9,138,1.7574630690021813,4,Changeup,R,R,S,0.5646765937852682,1
5,76,7.320627214536134,7,Curveball,R,L,S,0.7019494809790303,0
7,27,3.4136392064410215,2,Fastball,L,S,L,0.2056241669338872,0
9,125,5.229648838413685,7,Fastball,L,S,S,0.7616042430228736,0
4,139,0.2666303598100477,4,Changeup,L,R,S,0.2707720270245458,0
2,82,3.3125373326146903,2,Sinker,L,R,R,0.7398236740924096,1
9,91,6.53807048811104,0,Changeup,L,L,S,0.34013437982236405,1
2,32,3.1006080032057204,3,Fastball,R,R,R,0.7502195552268982,0
3,71,4.8252892810950145,5,Cutter,L,S,L,0.6723986505462147,0
2,81,1.6788464038763156,5,Fastball,L,L,L,0.36150159947079874,0
3,138,3.3322051907164765,6,Fastball,L,R,S,0.21696578699647256,1
6,128,7.421101744425493,4,Curveball,R,S,R,0.6295059247623505,1
3,27,4.531613997608297,1,Fastball,L,S,S,0.6930576469052393,1
8,114,7.215451672743452,5,Fastball,L,L,R,0.607858453344309,1
6,144,7.216154395916346,6,Slider,R,L,S,0.4289997845396517,1
7,72,7.553182403395836,2,Changeup,R,L,R,0.27643528758462727,1
1,82,7.163133280640842,0,Fastball,R,L,R,0.4082292332305428,1
3,114,0.026249032082405144,1,Fastball,L,R,L,0.3611503808495168,1
3,100,7.472119132652775,0,Cutter,L,L,R,0.633853824895227,1
2,76,1.0996755126830111,0,Fastball,L,R,L,0.29561655019980143,1
7,86,0.31941000888920446,2,Curveball,L,S,S,0.6917255515465,0
9,65,0.44310827662442254,0,Sinker,R,L,S,0.5671655093174572,0
4,113,2.7913295614114686,7,Cutter,R,L,R,0.4895412026192017,1
5,132,4.966432682150349,4,Fastball,R,L,L,0.4161392843300781,0
3,112,3.21848957215198,1,Sinker,R,L,L,0.5044961960876688,0
9,68,0.20443427719503582,0,Curveball,L,L,S,0.5240893478866235,0
4,42,3.8118610733977176,7,Changeup,R,L,L,0.34219094497453945,0
5,81,3.5370459381630406,7,Fastball,L,L,L,0.7932527374061698,1
1,30,6.054794124013175,5,Changeup,L,R,S,0.7457285949251062,0
2,92,2.236903187403507,5,Fastball,R,L,L,0.4344787761553313,0
9,137,1.7402493903549372,0,Cutter,L,L,S,0.3524129507946951,1
2,107,2.0475116614130098,3,Cutter,L,L,L,0.38422722715030877,1
5,108,2.429918581038784,3,Sinker,L,R,R,0.7881006818263445,1
8,74,4.793318986937332,4,Curveball,R,L,S,0.44423873194540664,1
3,28,3.7722038836166387,5,Slider,L,L,S,0.7471580601568459,1
6,31,2.6951565214324633,3,Sinker,L,S,S,0.23541421094496917,1
4,132,2.9945132662694274,0,Sinker,L,L,R,0.6660778096354951,1
7,27,2.9673892812718092,5,Curveball,R,S,S,0.6572755616577282,1
3,55,7.779253557682539,0,Fastball,L,S,R,0.5905919595875482,1
6,144,1.8639759044236204,1,Changeup,L,L,L,0.2726709548442713,0
9,69,6.544492482178069,5,Changeup,L,L,R,0.7888395661623462,1
1,126,5.665686700705496,3,Fastball,R,L,S,0.32766773830951335,0
3,28,0.0445600448284047,2,Slider,R,S,R,0.6258272483438737,1
2,86,7.945409745003904,3,Slider,R,R,R,0.6508857183167776,0
8,72,6.051514965068589,0,Slider,L,R,R,0.6559513510012889,1
7,101,5.459596690806331,1,Fastball,L,L,R,0.6956030059891103,0
2,129,3.2425976614130985,3,Cutter,L,L,L,0.7934744484988749,1
6,72,4.441624711314317,1,Sinker,L,S,L,0.2575940615201611,1
3,133,2.0261671653397615,3,Cutter,L,S,L,0.483313488514919,1
8,82,0.2838672411655798,4,Fastball,R,R,S,0.7849043215609317,1
3,38,6.688173267567783,0,Cutter,R,S,R,0.7292511881706745,1
9,143,7.171875949449373,0,Slider,L,R,L,0.7943722298861589,1
1,105,1.299765092913919,7,Cutter,R,L,S,0.5494607334414233,1
5,89,6.296448766765864,2,Fastball,R,R,S,0.6037096188487395,1
3,66,5.92922138628527,0,Sinker,L,R,R,0.3582820125558689,1
6,127,1.4270000154887237,7,Cutter,L,L,R,0.4749981051160365,1
2,39,3.3746304205983506,2,Cutter,R,R,R,0.2125692821923464,0
9,56,3.382063366672827,7,Cutter,R,S,R,0.6318324775558377,1
6,149,6.079714066441988,7,Cutter,L,S,R,0.7555264263113537,1
7,55,6.701287246208444,0,Sinker,L,L,R,0.2672895727193297,0
5,83,0.7582009711309681,6,Fastball,L,L,L,0.4726267552377957,1
9,26,4.503753879233623,3,Curveball,R,S,L,0.5739004085953195,1
1,139,6.093987975431082,7,Cutter,R,S,R,0.5793069407630682,1
5,41,6.289524752521268,7,Curveball,L,S,S,0.38391899747914837,1
6,65,1.1839481954432713,3,Sinker,L,S,L,0.21187079580098667,1
7,129,4.204041145206353,4,Fastball,L,R,R,0.7326891267710103,1
4,65,6.860469650901623,3,Changeup,L,S,L,0.2550662389856092,0
1,47,2.548148612682273,6,Curveball,L,L,S,0.30660784200214164,0
8,106,3.4009351912943773,1,Fastball,R,L,S,0.7776723606508207,1
4,54,6.434868090690659,6,Changeup,R,S,L,0.5002239619586499,1
3,148,0.7145561694700984,7,Cutter,L,R,R,0.7244221589997031,1
7,28,6.875946319111826,3,Sinker,L,S,R,0.7381673325570257,1
2,28,2.489253733846472,2,Sinker,L,S,R,0.7936659718096495,0
8,41,0.011602532729017234,5,Fastball,R,L,S,0.2244208356352797,0
6,89,1.8732731604508661,4,Slider,L,L,S,0.23180011515049392,1
7,84,0.7160051271640517,5,Changeup,R,R,S,0.31443324966623165,0
5,62,0.739079255969953,5,Slider,R,R,S,0.5938389805802506,1
9,36,5.542685873140732,1,Sinker,L,R,L,0.35717954080082404,1
5,87,1.7118106851125185,6,Sinker,L,L,R,0.4973749946198936,1
5,48,7.4779389038158595,1,Cutter,L,R,R,0.6718144796538563,1
3,63,4.131556372730432,0,Cutter,L,S,L,0.31147508039920513,0
1,26,3.6807860636393483,7,Curveball,L,S,L,0.37153073692302513,1
2,73,3.4742681457612132,6,Sinker,R,L,R,0.6365153839247542,1
8,65,5.540701117373055,2,Cutter,R,S,R,0.20461152325710988,1
1,23,3.6181021001888674,5,Curveball,L,R,L,0.6544282615816819,0
7,110,1.0288028498015347,3,Changeup,L,S,L,0.6057668988717935,1
5,80,7.041377445126052,3,Slider,L,R,S,0.27775164027615334,1
3,130,3.4271627914052694,7,Changeup,L,R,L,0.3463149035253639,1
7,56,0.5920366055960198,6,Slider,L,R,L,0.2092425880516779,0
9,22,4.234927899982089,0,Fastball,R,S,S,0.5488479476663946,1
2,32,5.178774867645627,3,Changeup,R,L,R,0.4382560145275791,0
8,107,2.2046597132620684,6,Fastball,R,R,S,0.45405989947715075,1
9,95,6.402723261390738,1,Slider,R,S,L,0.2619109654503413,1
3,27,5.35820676829891,3,Sinker,L,L,L,0.41138554447378556,1
2,102,5.202729354115467,5,Sinker,L,S,R,0.7513989294723602,1
7,28,3.3665996229423536,3,Curveball,L,L,R,0.23884178960047137,0
5,97,7.695322411290302,1,Changeup,R,S,S,0.7849748755136392,1
5,143,2.193513343593981,2,Changeup,R,R,R,0.7088057832909429,1
5,61,4.621644008123621,5,Curveball,L,S,L,0.3217939339614095,0
4,60,2.4724412597809406,2,Curveball,R,L,R,0.6232531394034597,1
5,108,5.958438023772432,1,Cutter,L,R,L,0.2545679359959835,1
4,96,0.38233187096097154,1,Sinker,L,R,R,0.29579943657341207,0
6,73,0.36715094300039386,5,Cutter,L,S,S,0.49277671527028594,0
4,116,6.486887756150331,7,Slider,L,R,R,0.4402736404417614,1
2,117,3.4741452885093684,4,Sinker,R,L,L,0.6890172345323754,1
9,75,2.7294404368028458,4,Changeup,L,R,S,0.7635529809329811,1
2,119,4.860214897402708,3,Curveball,L,L,S,0.7656892438137761,0
9,29,5.6151947509517885,5,Curveball,L,L,R,0.2882017458090532,0
6,63,1.6096107747552528,5,Sinker,L,L,R,0.6117368484738608,0
9,149,1.4834499312378524,7,Fastball,L,R,S,0.5424721599746571,1
9,149,7.665205982079052,6,Cutter,R,R,S,0.42213819247134393,1
3,38,4.717314451076555,6,Sinker,L,S,L,0.7968971072857112,0
1,99,3.120931818354145,3,Sinker,L,L,S,0.4736270834837855,1
1,108,6.4115335573560515,4,Fastball,R,L,S,0.5991988064114073,1
3,20,4.2012716702233375,6,Curveball,L,S,S,0.5017050226586801,1
5,149,1.933302482996651,3,Changeup,L,S,S,0.2617423622424877,1
3,46,1.6538824451325906,2,Changeup,L,L,L,0.2846601420310424,1
9,21,3.1748741293585736,7,Fastball,L,L,S,0.6500859564762785,1
9,38,6.879166882079037,2,Cutter,L,S,L,0.681010315636484,0
3,133,0.49158332835407137,6,Slider,L,R,S,0.41829086849904284,1
3,75,1.7482080060381051,7,Sinker,L,S,L,0.2401754906998242,0
5,114,7.145214550820731,0,Changeup,R,L,L,0.7742032556663574,1
2,76,0.973876551754004,4,Slider,L,L,R,0.49824343811813615,0
6,121,5.037005746113347,2,Sinker,L,R,L,0.28048899498314284,0
7,89,1.708090944968201,6,Cutter,L,L,L,0.31907588508702556,1
9,101,4.846934780095107,0,Fastball,R,L,L,0.2272161111576556,1
6,68,3.0648333347538568,7,Cutter,L,S,R,0.6259135298931536,1
3,110,0.813415171447935,1,Curveball,L,R,L,0.6224564549530069,1
5,24,4.659800540432851,6,Cutter,L,S,R,0.5615026417607831,1
4,76,5.464341976676688,5,Fastball,R,R,L,0.5277801696574043,1
5,111,5.442180951726423,2,Fastball,L,L,L,0.428894533200182,1
8,55,5.096275272581677,0,Cutter,R,S,L,0.7703801538089268,0
8,131,4.001798247484366,3,Sinker,R,S,L,0.6803127386154155,1
6,32,4.155780934874605,6,Fastball,L,S,S,0.7445730393049033,0
1,141,5.085120878463677,5,Curveball,L,R,S,0.3869955763377404,1
8,128,5.522074893973128,0,Slider,R,L,S,0.7869702124686389,1
8,111,5.239013910651081,2,Cutter,L,L,L,0.29921017910025977,1
2,121,4.695564519307614,3,Fastball,R,R,S,0.23376351967464604,1
4,75,1.2467118784329472,6,Sinker,L,S,R,0.391904274876976,1
2,64,1.6849323079428942,7,Sinker,R,L,L,0.3207721474959589,1
4,79,2.081792168282787,3,Sinker,R,L,S,0.5105141144864135,0
7,73,7.357293256700018,0,Slider,L,S,R,0.4101195584718164,0
9,56,6.075160734375732,6,Curveball,R,R,R,0.3030476668782285,1
8,56,4.422934556295026,7,Cutter,L,L,L,0.7065549910977358,0
9,33,2.0164554283523746,0,Fastball,R,S,L,0.5047823127009958,0
8,114,0.8871321859533694,2,Slider,R,S,R,0.26571796302429374,1
2,121,7.190073807839798,3,Curveball,L,S,R,0.24519987413584435,1
7,61,7.141328126583336,4,Changeup,R,R,L,0.4299082706655304,1
2,20,0.8855647655655323,6,Fastball,R,L,R,0.7447897455314101,1
2,42,6.377733328771969,7,Sinker,L,R,S,0.5047999397571011,0
4,47,3.5731605544793013,0,Sinker,R,R,S,0.2834812345972021,1
1,37,2.591735462644321,4,Curveball,R,S,R,0.3479793656140252,0
5,68,5.912836289669658,6,Slider,R,S,R,0.2296879316104128,1
6,66,4.9146363284858445,4,Sinker,R,S,L,0.6991041707054064,0
9,134,6.240240860746699,6,Cutter,R,R,S,0.7676313632373251,1
8,58,0.5946308850634967,6,Slider,L,L,S,0.24668828501990453,1
2,25,2.5486961596596514,3,Sinker,L,S,S,0.30378859388304297,0
1,72,2.554534803333886,2,Cutter,L,L,S,0.3026413418474811,1
2,44,2.638024738302124,4,Curveball,R,L,S,0.6822237225339863,1
7,118,4.019838981150444,2,Curveball,L,L,S,0.7035633809137001,0
4,84,2.264110424647579,7,Slider,R,S,L,0.4515642132743543,1
5,27,3.5550688807001576,0,Slider,L,L,R,0.7815981889108143,0
7,58,2.9422207449233264,3,Cutter,L,R,S,0.35568605544476206,0
3,130,5.88236838416409,1,Fastball,R,R,L,0.5150721279680341,1
2,62,4.828006365400401,3,Slider,L,R,L,0.7977730876809839,1
7,101,5.229035458538523,1,Sinker,R,S,R,0.6962623020311888,1
5,142,1.6846711526611555,5,Fastball,R,R,R,0.4923107975434022,1
1,23,2.604017322615115,6,Fastball,R,L,R,0.2651153612474759,1
1,127,0.16932358089659427,0,Fastball,R,S,R,0.7426112168137575,1
9,112,0.8669976583453591,2,Curveball,L,S,R,0.5252754884614208,1
5,148,2.1204338559110987,0,Curveball,R,L,L,0.385008475370374,1
1,113,0.5237097704161684,3,Fastball,R,R,R,0.4707312596769005,1
7,75,4.82105920283762,1,Fastball,R,L,L,0.38655693365133803,1
9,22,7.985040927390602,5,Curveball,R,L,S,0.5306332944618662,1
1,41,0.8065217125231081,1,Cutter,L,S,S,0.3637614783927412,0
4,75,6.569841701354121,3,Sinker,R,R,R,0.46759013661640497,1
3,37,0.9505299781211773,3,Changeup,L,R,S,0.45575615783076956,0
5,135,5.359312150371489,6,Slider,L,R,L,0.5696415221173251,1
7,103,5.145260824472137,6,Fastball,R,L,S,0.20849961141924764,1
8,49,7.221735478489594,0,Curveball,L,S,S,0.5592507196082386,0
2,99,0.911564909444099,4,Fastball,R,S,S,0.5558682656990451,0
7,85,2.5235557286551824,1,Fastball,R,S,S,0.43537296888673244,0
1,29,0.7262380828374857,3,Fastball,R,R,L,0.348139634312791,1
7,78,3.2590666064354705,7,Fastball,L,R,S,0.7035507965031211,1
8,70,7.292745388459559,6,Cutter,R,S,R,0.4068700529977227,1
2,142,6.252185208494849,6,Slider,L,L,L,0.38703765444177074,1
9,73,5.783200803562553,0,Slider,R,S,R,0.4779001788284436,0
1,100,4.264220038901616,4,Curveball,R,L,L,0.36679391498219904,1
6,28,7.067885938684183,6,Cutter,R,S,S,0.6984580054871136,0
1,120,3.595534385930627,2,Cutter,L,L,L,0.5389688555054045,0
3,58,1.197485336805106,3,Slider,R,S,R,0.6526274679832622,0
6,129,6.700681784966234,4,Curveball,L,R,R,0.6472293588466229,1
3,85,2.2371066244138147,2,Cutter,R,R,L,0.672924385998525,1
8,29,0.4290683281955845,6,Curveball,L,R,R,0.72152350965602,1
5,136,1.008304245350331,5,Slider,R,R,R,0.7516783773967002,1
2,102,4.872471329553186,6,Fastball,R,S,L,0.43016543697559884,0
4,89,4.85665571136938,2,Sinker,L,R,S,0.46623050675959116,0
9,58,2.081465368656276,7,Sinker,R,L,S,0.2300353370596693,1
4,32,5.817441183567833,6,Sinker,R,L,S,0.7554238265661832,0
8,78,6.189121243196275,0,Cutter,R,R,R,0.5522871257626935,1
5,86,7.364021009068946,1,Curveball,L,R,R,0.6273886869858502,1
1,60,4.679499989425896,3,Fastball,L,R,S,0.4616031528423801,1
7,54,6.235386913180583,4,Slider,L,S,L,0.4843087516952143,1
3,100,6.02479743817307,5,Changeup,L,L,S,0.5259058714662628,0
8,53,2.062472387737543,5,Sinker,R,L,L,0.6772140679507694,0
3,95,2.481807423501275,2,Cutter,R,L,R,0.5677811545976009,1
1,89,3.8278591660229715,5,Cutter,L,S,R,0.6867261943610802,1
5,30,0.15231174023398797,1,Curveball,R,S,S,0.33001162254693106,0
2,131,2.3791821852617883,2,Slider,L,L,L,0.32350331304701163,1
4,46,3.7910629867539036,3,Sinker,R,L,L,0.3240881584613178,1
1,67,0.8645543622491498,6,Slider,L,L,S,0.20290630825262268,1
9,43,1.0102071022010035,3,Cutter,L,R,L,0.30743818739344464,0
6,37,3.705893885898729,5,Cutter,L,S,R,0.2712481478628873,0
8,46,5.847720252687449,0,Sinker,R,L,L,0.4722526161382089,0
4,73,6.669991447365465,3,Sinker,L,R,R,0.2763444282266657,0
9,74,4.3705111800379886,3,Curveball,L,L,S,0.44951100942002764,0
2,139,3.797991900373849,3,Curveball,R,L,L,0.7997018691472466,0
9,40,3.074244547678042,7,Changeup,R,S,S,0.5020202326337126,1
5,134,1.5435919395008497,1,Fastball,R,L,S,0.7547883020200801,1
6,139,1.1724960225149177,4,Curveball,L,S,L,0.6211449654366934,0
3,77,6.335171613294465,7,Fastball,R,S,L,0.7365924381145104,1
4,73,3.7200530576986894,4,Cutter,L,L,L,0.5753484064728523,1
6,22,6.322561963838037,5,Changeup,R,R,R,0.6860567262557042,1
7,148,5.632664287205038,3,Changeup,L,L,S,0.3816802175808668,1
1,25,1.5511673150670306,4,Changeup,L,L,R,0.4231453452963849,1
7,38,4.082458113689806,7,Slider,L,L,S,0.7761558855573456,1
1,105,3.5521330433814455,7,Sinker,R,R,S,0.3605202761328178,1
5,134,3.390988048725574,5,Sinker,L,S,R,0.45282321066736864,1
6,142,4.340568393630511,3,Cutter,L,R,S,0.5906952774040164,1
2,92,7.856655208603503,4,Slider,L,R,R,0.43544191669059773,0
9,66,6.503204781365962,4,Slider,R,L,L,0.21256702150020876,0
6,104,7.229699453043133,5,Changeup,R,L,S,0.6753382400580847,0
7,47,0.23711666540830034,6,Slider,R,R,R,0.4013894444290035,1
8,65,1.1226909343400475,2,Cutter,L,S,L,0.33659886860822424,0
1,139,0.678109281796508,5,Cutter,L,S,S,0.5033394249530829,1
8,135,2.105848040522213,1,Slider,R,L,S,0.20505952310380499,1
4,80,3.535139935733204,2,Sinker,L,S,S,0.7183359069596651,1
8,36,5.1364259812471165,2,Cutter,R,S,S,0.3568099767997387,1
6,53,4.006650130292816,4,Sinker,R,S,L,0.7536480863438708,1
9,39,7.225471319305118,0,Fastball,R,R,S,0.6066540462613361,1
4,62,7.51884767115091,0,Slider,R,R,S,0.5291892960600326,0
2,29,1.3081676095796713,6,Changeup,R,L,L,0.6837532576447038,1
2,113,6.82330336211828,1,Changeup,R,S,L,0.7959538838903553,0
5,134,3.853777632106408,3,Cutter,R,L,S,0.3507254075290447,1
9,146,3.6266357705390746,4,Cutter,L,R,L,0.4130576673990034,0
3,129,6.279514787876545,7,Changeup,L,L,L,0.4906547303943997,0
8,126,0.7451240723590127,1,Fastball,R,R,R,0.5236865901966293,1
4,124,7.059945019353172,2,Changeup,L,R,L,0.5317823740519132,1
6,90,5.366906836380918,4,Slider,R,L,R,0.5293835029078579,1
6,103,7.002092861263983,2,Changeup,L,S,R,0.6969449702040074,1
3,22,7.955820621660982,1,Curveball,R,L,R,0.4427603829694999,0
5,65,4.144035618858027,0,Fastball,L,S,R,0.20658272450196238,0
3,45,0.7460975832714318,1,Fastball,R,L,R,0.725416191912803,0
1,27,1.332190903447092,5,Changeup,L,L,L,0.5973513117101683,0
7,74,2.5889459404344795,4,Curveball,R,L,L,0.3136889161656462,0
4,110,0.8284235370776765,7,Slider,R,R,L,0.21776053751153213,0
7,133,6.522734609102159,4,Changeup,L,L,S,0.3894679143603072,1
3,98,2.3749428082621478,6,Slider,R,R,L,0.27466864034093985,1
5,120,7.807089504158922,3,Curveball,R,R,R,0.738095301437456,0
5,105,5.6207314554548455,0,Changeup,R,R,S,0.3667198073430836,0
2,64,1.387442962044461,4,Changeup,L,L,S,0.6233996542095803,1
2,69,3.808341175551522,0,Slider,L,L,L,0.5947934977157028,0
4,83,3.735073773066569,4,Changeup,L,L,S,0.6283849596646206,1
4,114,3.940093266669071,0,Curveball,L,L,L,0.5180253552442788,0
4,21,4.285529365143485,6,Changeup,L,R,L,0.6378084675849256,0
6,114,0.24938465854184688,5,Cutter,R,S,R,0.5074352641249587,0
2,81,5.490409005948988,6,Curveball,R,S,S,0.42656429816443203,1
6,93,3.897534202307546,1,Fastball,L,R,S,0.7150646953398045,1
7,119,6.327723190949592,0,Slider,L,R,S,0.4752357213577828,0
3,130,6.5227965860834445,2,Sinker,L,S,L,0.5408222515743426,1
8,123,1.8442809759337395,5,Sinker,R,S,S,0.4790031998704402,0
2,34,0.3873835714142224,1,Curveball,R,S,R,0.6652991969274635,0
8,33,5.625870848898581,4,Sinker,L,S,S,0.5238524231620454,0
5,46,7.822102307710995,4,Fastball,L,S,S,0.4824674477288524,1
2,104,3.5732638926472085,3,Fastball,L,L,R,0.3546952142973433,1
7,28,2.0769024767487663,7,Curveball,R,S,L,0.7469250463224715,0
2,39,1.2533751566678477,5,Fastball,L,L,L,0.7179021243944954,0
6,98,2.2995647791246805,7,Fastball,L,L,S,0.45889619633140977,0
3,76,2.6233564109715983,2,Sinker,R,R,R,0.5958316433977178,0
9,119,3.390997947475716,5,Cutter,L,R,R,0.5048678822206514,1
3,94,5.243256985716692,6,Changeup,L,S,R,0.3057100234451881,0
3,86,2.1853044486418165,3,Sinker,L,R,L,0.4256174771916776,1
5,38,0.40781410774940774,6,Sinker,R,S,L,0.7119306255684219,1
7,124,2.9862288925817566,5,Cutter,R,R,L,0.6784628298700541,1
8,30,6.845036929272606,6,Changeup,R,R,R,0.26149477508860364,1
7,70,3.9868120868150703,1,Fastball,R,S,L,0.24519280938726346,0
9,145,7.7182700619632785,3,Changeup,L,R,S,0.7121100449701028,1
5,99,4.028972248709854,1,Cutter,R,S,L,0.7395849230717049,0
3,73,2.2071905353747825,3,Slider,R,R,S,0.3765398869039056,1
6,36,1.5465119779617167,0,Slider,R,S,L,0.40957191412400407,0
5,43,5.556195974284611,7,Changeup,R,L,S,0.40148168399272016,1
4,67,4.291050286219491,1,Slider,L,S,R,0.2761810289206075,0
2,103,4.831991431963532,1,Curveball,R,R,L,0.6470063643749462,1
7,26,6.041014314673049,0,Slider,R,L,S,0.42205160165039174,1
5,30,5.8072277141191435,0,Changeup,R,L,R,0.7017362900874329,0
4,31,0.34690640134581585,7,Fastball,R,S,S,0.7271115511125723,1
8,129,6.420575242360226,2,Cutter,R,S,L,0.7476760655592023,1
9,147,4.261626456413691,6,Slider,L,L,L,0.6907652678380842,1
9,73,3.133668246518181,0,Changeup,R,S,L,0.6733464375185556,0
3,74,4.300155410144563,3,Cutter,R,S,R,0.4696927628505153,1
3,98,4.8996115876586,0,Curveball,L,S,L,0.21616848256340565,0
5,109,1.1960504789903759,0,Fastball,R,R,R,0.2672375695122917,0
5,116,3.33932316261156,1,Sinker,L,R,R,0.5185252138421024,1
2,146,2.6846896815054704,1,Cutter,L,L,L,0.4160153200982175,1
1,49,2.8032715585443073,5,Sinker,L,L,L,0.6974490683911823,1
8,43,0.7306795072584658,0,Cutter,L,L,L,0.5378839342707502,1
3,141,1.2787479040018432,7,Changeup,L,S,L,0.259300167040291,1
1,119,1.294656540689771,6,Curveball,L,S,S,0.487118657824605,0
1,90,2.9857979457731822,2,Slider,R,S,S,0.6931778482558967,0
2,33,7.155932358998332,1,Curveball,L,L,S,0.7178486960082733,1
6,67,1.6482189753675414,3,Fastball,R,L,R,0.29963438159968087,1
6,48,3.3295400613984363,5,Sinker,L,R,R,0.26017985201898175,1
3,69,2.492875322393103,3,Slider,R,S,S,0.43219435158600344,1
4,46,6.299066500410705,7,Sinker,L,S,L,0.23930926734188163,1
2,98,0.4010114585665292,7,Curveball,R,R,R,0.6358157065346648,0
2,115,1.5723471642871232,0,Fastball,L,L,R,0.46851961507761497,1
7,90,1.685132338838355,7,Cutter,R,L,R,0.3189336531529711,1
1,99,7.94370240250585,0,Cutter,R,L,R,0.26148135882398743,0
7,100,4.566200143730429,2,Sinker,R,S,S,0.7564112417236317,1
1,106,1.1116661150681457,6,Sinker,L,R,S,0.22583590159592826,0
6,27,2.1775931142125238,0,Cutter,R,R,R,0.25872703548066955,1
3,21,1.342576752983394,6,Sinker,L,L,L,0.3405417194791921,0
8,142,0.9968365569555839,6,Cutter,R,S,S,0.2568022342614032,1
6,140,6.37745622726314,5,Sinker,L,R,R,0.5865705120472603,1
2,115,3.966021029282839,4,Slider,L,S,S,0.33093135643312943,0
8,112,5.049681094790251,4,Sinker,R,L,R,0.48795802492097834,1
5,22,2.6500099759359683,0,Cutter,R,L,L,0.7161458805574619,1
8,21,4.429560688538635,5,Slider,L,R,R,0.6948632247961034,1
8,134,2.060552260189577,4,Slider,L,L,R,0.2877463468493164,1
6,68,2.4642901994258786,6,Curveball,L,R,R,0.2532387744158797,0
2,120,5.217903554933864,3,Cutter,R,L,L,0.5985507587628256,1
8,48,1.202801007353842,5,Changeup,R,R,R,0.3261831125638963,0
6,93,4.937774873339695,5,Sinker,R,L,R,0.668871416771914,1
6,124,6.817878531385018,0,Cutter,R,L,S,0.46069316171907126,0
8,25,0.9633858094461525,3,Changeup,R,S,R,0.29271188870934783,0
1,81,7.179690244559832,7,Cutter,R,S,S,0.7845297281433525,0
2,50,0.6355654423911599,7,Slider,R,L,R,0.23336851929123692,0
9,138,2.791273815646984,6,Cutter,L,R,L,0.2745765707828034,0
8,31,4.8840745219039565,3,Cutter,L,L,L,0.6872221855857391,1
7,31,4.475318080948295,4,Cutter,R,S,L,0.47161113711499103,1
7,44,0.7711285799554677,2,Cutter,R,R,R,0.7628310423882314,0
5,110,6.391305342286825,3,Curveball,R,L,L,0.2677933562294091,1
2,107,7.785226345162022,4,Sinker,L,L,L,0.29419023373088543,1
6,95,1.4498263134701608,6,Curveball,L,S,R,0.20109467308258358,1
3,37,7.1610477585237025,2,Slider,R,R,S,0.33026944430579386,1
4,64,4.454475536894004,7,Slider,L,R,R,0.59435633426793,1
2,130,7.487470169962619,6,Changeup,R,R,R,0.633998265470184,1
2,99,1.408687667334089,5,Slider,L,L,S,0.45796369838296913,1
8,87,6.336171145435396,4,Curveball,R,S,L,0.3544149420311232,1
8,37,0.4782526035626491,7,Slider,L,L,R,0.6297978550907908,1
6,73,7.065571574421812,4,Changeup,R,S,S,0.30356584707369705,0
5,131,5.393275377597069,0,Changeup,L,S,S,0.660251541131432,1
8,116,2.9620382713794404,5,Curveball,L,R,L,0.6719538079737313,0
4,46,1.5237345879828013,6,Slider,R,L,R,0.46464449940053565,0
4,97,6.532264788537638,5,Sinker,R,R,S,0.3161644974922166,1
5,107,4.8259305711584926,1,Changeup,R,S,R,0.5779243377041012,0
1,73,2.883326823584011,2,Slider,L,S,R,0.712072661802009,1
1,106,3.55068659842013,7,Slider,R,R,L,0.5177043888274928,1
2,24,6.612341248579012,4,Sinker,R,R,R,0.4766407625682116,0
8,142,2.7114175468549417,3,Curveball,R,S,L,0.7875343344253964,1
7,73,0.7170614248794296,3,Curveball,R,L,S,0.5224553365624023,1
9,58,7.290257377627782,1,Slider,L,R,L,0.22052984907962375,1
5,128,3.0987499172642767,6,Cutter,R,L,L,0.5012299957856543,1
2,93,2.787100088921708,2,Cutter,R,S,S,0.46716282418085814,0
7,84,1.635196951007515,0,Fastball,L,R,L,0.3752624003128778,0
8,56,7.1793805698267645,2,Fastball,R,R,L,0.39041207034719616,1
7,86,1.740042669502671,3,Fastball,R,S,S,0.7584952376136982,0
7,130,5.093382944011069,6,Curveball,R,R,L,0.28015816290380596,1
5,144,7.0461200928648235,6,Slider,R,R,R,0.6584222849314814,1
2,106,0.2793089168257392,3,Sinker,R,L,L,0.7414518342230738,0
6,66,6.630333642401566,0,Sinker,R,R,L,0.35569052781427346,0
4,32,3.284795373518196,0,Changeup,R,L,R,0.24008876868525336,0
2,63,5.263796602121695,3,Slider,L,R,L,0.3842877183846852,1
9,144,2.9792365058044314,6,Slider,L,R,S,0.4597287873078564,1
7,138,5.564130050779951,6,Fastball,R,S,S,0.7708545669692548,1
6,145,2.034359316461593,4,Slider,R,S,R,0.4580844740664062,0
5,68,0.17544433948317018,4,Sinker,L,R,S,0.2552341103494482,0
3,143,7.582300118303628,0,Fastball,R,L,L,0.28813320573929435,1
4,97,0.13094211232066222,5,Slider,L,S,S,0.4116396849949815,0
3,149,6.592794317068057,4,Changeup,L,S,L,0.3105126954318099,0
8,122,1.3531007465797904,6,Cutter,R,S,L,0.2363403413592075,1
3,124,3.137761828816223,0,Cutter,L,R,L,0.3051559168521021,0
7,139,6.579939012048446,2,Curveball,L,L,L,0.26329447269522843,1
7,50,1.6474572024987628,2,Changeup,R,L,L,0.32161897634008096,0
7,87,6.925660844200286,2,Sinker,R,R,S,0.7978725875941359,1
7,56,3.982071512815211,0,Slider,R,S,L,0.4672451348745991,0
2,43,2.9292277017382125,0,Changeup,R,L,R,0.595159679897173,0
3,63,5.299501973890689,7,Slider,R,L,R,0.29916914880432544,1
9,102,2.73111777584766,4,Changeup,R,R,R,0.7095750218634593,0
3,60,2.778306871970856,4,Changeup,R,L,S,0.3601436779953109,1
2,61,5.8682111275064255,4,Cutter,R,L,R,0.7894943066950668,0
9,127,2.478657796312863,1,Changeup,R,S,L,0.7020246976553819,1
9,59,1.6061811868354008,0,Curveball,R,S,S,0.7705228670685291,0
4,67,6.461169023972577,5,Slider,R,S,S,0.600981216767795,0
9,132,6.442968269817854,2,Fastball,L,L,L,0.5948550733557173,0
3,103,3.980685629654954,6,Changeup,L,S,R,0.704658278827184,1
7,23,4.213244929303641,6,Fastball,L,R,L,0.6292173554270295,0
7,127,5.568613006141109,2,Cutter,R,S,R,0.5637132451129427,1
8,79,4.0741943340994675,1,Fastball,R,S,R,0.4149612981508576,1
4,133,3.33631967175386,1,Curveball,L,L,R,0.3337201178944498,1
3,24,7.959153546373966,2,Curveball,L,S,R,0.6693466875293985,0
3,125,1.1811234228204714,0,Cutter,L,R,R,0.43162993081852086,0
5,25,4.741823833918885,2,Sinker,L,S,L,0.23672293570112451,1
1,33,7.086904208605282,2,Curveball,L,S,S,0.48777324617655166,0
3,145,5.497720329448918,5,Slider,L,R,S,0.5945069999687271,1
6,81,7.047386392705907,6,Sinker,R,R,S,0.2138230799254383,1
3,46,2.690677762837381,1,Curveball,L,S,L,0.6230726456109554,0
5,73,2.1759438100819137,7,Sinker,L,L,L,0.33480981062044257,1
9,109,6.810179095216838,1,Changeup,R,R,S,0.33341434549278987,1
2,31,3.1529166094836842,6,Curveball,R,R,R,0.5377289049993237,0
2,93,5.67745858445849,4,Sinker,L,L,S,0.4023765255041568,1
6,45,1.181988627312914,1,Slider,R,R,S,0.47035024252766533,0
6,64,6.046705003013398,5,Cutter,L,R,R,0.5078255294883212,1
8,103,4.391861192198955,5,Curveball,L,L,R,0.7526139028390819,1
2,122,2.148893119283687,6,Slider,R,S,R,0.3229403408692318,1
9,143,3.9560317116712405,2,Changeup,R,L,L,0.4785842763533676,0
2,142,5.575549006717628,5,Fastball,R,S,R,0.6715922426683429,1
1,135,0.09509127077906943,4,Fastball,L,R,S,0.3231003263388169,1
2,33,5.099736470513036,2,Cutter,L,R,S,0.24942901276844254,0
7,36,4.332726226186195,0,Cutter,R,S,S,0.21065870342573415,0
8,32,1.7622893419738608,7,Fastball,L,L,S,0.26223979920378926,1
5,112,6.023848591809574,0,Fastball,L,R,R,0.36475432324453344,1
6,82,2.427687877065609,6,Cutter,R,L,L,0.4455538671194138,1
1,52,2.214887452372518,1,Fastball,R,S,S,0.5562643460225642,0
6,48,3.7697467919945815,7,Curveball,L,S,R,0.3200543063581004,0
8,56,5.409197427378918,4,Sinker,L,S,R,0.3618174358646973,0
3,122,7.430767807010035,5,Slider,R,L,L,0.6194482637597362,1
1,43,1.1308579450568317,3,Sinker,R,L,L,0.7454047660178134,1
4,144,3.1717449660138692,0,Cutter,R,S,R,0.281308848644583,1
1,72,0.5359167401010394,5,Slider,R,R,S,0.48350907296993895,0
8,107,6.06840597977394,7,Changeup,R,S,S,0.3772507342463028,1
5,117,3.5818631174508857,6,Changeup,L,R,L,0.516782153292836,1
1,133,5.655433081505481,0,Curveball,R,R,R,0.27147868072061254,0
8,114,2.5775553918102982,0,Changeup,L,R,S,0.3626234451864839,0
9,139,6.754537931250588,7,Cutter,L,L,R,0.6253170599570053,1
2,92,4.2786246259209175,0,Curveball,L,R,R,0.6915859752970523,0
9,125,7.548862574589241,1,Sinker,L,R,S,0.5729872669957237,1
8,45,0.6305171131522735,4,Curveball,R,S,S,0.7666753842091025,1
7,37,4.114214596336595,0,Cutter,L,R,S,0.5917403096177716,1
3,77,6.131641967981589,5,Fastball,L,R,L,0.6479558541628531,0
2,112,4.8012211845889174,5,Slider,R,S,L,0.4144563236482289,0
7,68,0.18555312341474206,6,Cutter,L,L,R,0.3019209648238609,1
5,90,7.778709426751046,1,Fastball,R,R,S,0.594726385640942,1
6,84,2.386109544607187,4,Fastball,R,L,S,0.751452119163466,1
4,52,1.9942229309310564,7,Changeup,R,S,R,0.7891405997190202,0
2,69,3.885279004852636,4,Sinker,L,L,S,0.47002825300813084,1
9,23,4.337264860186791,6,Curveball,L,R,S,0.5238241051763859,1
3,138,6.130305100718603,3,Curveball,L,L,S,0.38672903306577144,1
7,103,3.146189261271913,2,Changeup,L,L,L,0.6035088746429631,1
8,136,3.5196830116976976,0,Changeup,L,S,R,0.6591324688560382,1
2,121,4.279679327470648,1,Curveball,R,S,S,0.22471792463306145,0
6,25,3.1550967979331253,7,Cutter,R,S,L,0.7079772919367862,1
8,42,7.316384632809248,4,Cutter,L,S,L,0.5082789944493136,0
7,139,6.810015733074017,3,Cutter,L,S,R,0.5478289538196757,1
3,80,3.6397895606230266,2,Cutter,L,S,S,0.32373568275754117,1
1,119,0.0015588986985370923,4,Changeup,L,S,L,0.20618029470532062,1
6,84,7.207475964234245,7,Slider,R,S,L,0.7713219901211248,0
8,43,0.994692587515722,4,Slider,L,L,R,0.7570402396519476,0
6,56,1.9560993215523697,0,Curveball,L,S,L,0.6646041080838434,1
5,64,1.2188902749231856,2,Slider,L,L,S,0.48415839846966147,1
8,119,1.4385245598481902,2,Cutter,L,R,L,0.3905726018214578,0
2,121,6.423020303118678,6,Changeup,L,S,L,0.2936468645437055,0
1,82,4.636011533327394,1,Cutter,R,R,S,0.24855224500338607,0
1,48,7.648761305002788,3,Fastball,R,S,L,0.47438304462056385,0
4,120,1.8516280985897318,6,Changeup,R,R,R,0.6753483383512842,1
6,128,3.885079265049872,5,Fastball,L,L,L,0.6355533187066189,1
9,115,7.81942695265976,1,Fastball,L,S,R,0.6535603925852664,0
1,29,6.611548114198158,3,Curveball,R,L,R,0.27119009700956737,0
1,54,5.828925432963929,7,Fastball,R,R,S,0.7176494573333929,1
5,74,1.5118016109663355,6,Slider,L,L,R,0.6823834215610123,0
5,115,6.155243207277729,1,Slider,L,S,L,0.25645327598203593,1
5,142,2.780520980767342,7,Fastball,R,L,S,0.41391968531805845,1
6,31,4.244295176374061,7,Curveball,R,L,R,0.42513452191871814,0
8,23,4.8732897043163215,3,Fastball,R,R,R,0.6410669560042435,1
3,125,4.8749096921940325,7,Changeup,R,R,R,0.7162900399627505,1
9,109,5.812187775308131,5,Changeup,L,S,L,0.4254353828386568,1
1,86,5.293616741137645,0,Changeup,R,R,L,0.278503330510398,1
4,84,0.5469670344847186,3,Changeup,R,L,R,0.24953701016118052,0
9,101,3.658776207592858,5,Fastball,L,R,S,0.5833052471607754,0
8,124,5.312172853759834,7,Cutter,R,S,L,0.4987868871322608,1
9,103,2.3679438573258293,1,Cutter,L,R,S,0.7412289146718196,1
1,124,2.5044534977311175,2,Sinker,R,S,L,0.772116865649731,0
9,134,0.9965403820369243,4,Changeup,R,S,S,0.7388345476399591,1
3,47,3.348919887798843,5,Sinker,L,L,S,0.24538015116315462,0
9,35,7.894643474449397,5,Sinker,R,L,R,0.3705582926141888,0
1,40,2.282554890304299,5,Curveball,L,L,R,0.3432844485092013,1
1,96,4.2514951414887845,3,Curveball,L,S,R,0.24119790585458678,0
9,61,5.945898022232675,6,Fastball,R,R,R,0.7509635233943115,1
6,73,0.1079781670741653,3,Cutter,L,R,S,0.736871634532444,1
4,51,7.203516476786391,2,Fastball,L,S,R,0.4344602969618626,1
7,133,3.092401477799508,0,Slider,L,S,L,0.7752259761647502,1
5,57,6.952927893687858,7,Changeup,R,R,R,0.5380073773389646,1
7,133,0.31158127119582435,1,Slider,L,R,R,0.4604189721954979,0
8,129,1.1653084149094068,0,Slider,R,S,L,0.5297900127960398,1
8,122,2.5802356358204737,7,Sinker,L,R,R,0.4532333390226766,1
1,96,2.76369418450623,6,Curveball,L,R,R,0.3751323360901613,1
8,72,6.782353784224132,3,Cutter,L,S,R,0.3086612857337711,1
6,140,0.08960892310588164,3,Sinker,L,S,L,0.4763751099026218,1
4,22,5.128894211757436,5,Sinker,L,L,L,0.518466088216051,0
8,73,1.050499489428402,5,Changeup,L,L,R,0.6929730271980896,1
3,59,6.585725205688395,0,Fastball,R,R,L,0.4840271113586034,0
4,87,6.2285861276632986,1,Changeup,R,S,S,0.6976470211253778,1
6,133,3.9993682192896047,3,Fastball,R,R,L,0.7727913205831478,1
7,149,1.7014978040990014,3,Fastball,L,S,R,0.6328925573284133,0
4,61,5.07596312772445,6,Cutter,R,R,L,0.2718286841603876,1
4,113,1.2500665412611651,7,Slider,L,R,R,0.47675919157240537,1
7,120,1.5201903407412276,0,Fastball,R,S,S,0.7140258379230189,1
6,143,5.013519217802862,4,Cutter,L,L,S,0.49498520313950384,1
8,21,7.929827568708995,5,Slider,R,L,R,0.6864366133774437,1
1,110,7.12848669802037,2,Sinker,R,S,L,0.665536773818193,0
7,78,4.7448588614694165,3,Sinker,R,R,S,0.29590686682473566,0
7,117,4.30829415013939,1,Slider,R,R,R,0.39769297153863986,1
7,35,7.987079040064868,7,Changeup,L,R,R,0.6583466041164465,1
7,35,4.3791771810711495,4,Changeup,L,S,S,0.29550676777583984,1
8,127,3.3609321756755515,0,Changeup,L,L,R,0.4536738240684196,1
9,42,7.276444286202731,6,Curveball,R,S,S,0.2824138315962068,0
9,61,1.873474366954306,7,Slider,L,L,S,0.34142245198965776,0
2,56,0.7802079223744718,7,Curveball,L,L,L,0.37137262270722754,0
7,91,5.0727202748946425,0,Changeup,R,S,R,0.5181591329768285,0
7,135,0.766797070149992,6,Cutter,R,L,S,0.7471427698173638,0
4,25,2.985188295623681,1,Changeup,R,L,S,0.4313346263303001,0
9,51,3.3886190846537643,6,Fastball,R,L,L,0.7099793886225703,0
8,57,4.380304536393865,5,Cutter,L,R,S,0.6171066086601245,0
1,56,7.933276365983699,5,Cutter,R,S,L,0.668272215247934,1
2,80,1.7678537866654462,4,Slider,L,R,S,0.6573237583329945,1
2,96,3.006051028055296,1,Curveball,R,S,R,0.3812708114642842,0
8,146,1.0579209952852642,3,Fastball,R,R,R,0.34175028451440004,1
1,105,4.860908208265878,4,Cutter,R,L,R,0.7865499421179287,1
4,26,5.821385458462668,2,Curveball,R,R,L,0.6426964650841296,0
5,104,3.856614585887031,2,Curveball,L,R,R,0.41946696687431617,1
9,25,1.9666501463197683,1,Fastball,R,S,L,0.5326293943587397,0
7,22,4.967106153453981,7,Fastball,R,S,L,0.6655231523820023,1
8,66,4.313261786950796,2,Changeup,L,R,L,0.23346092453761133,1
9,104,1.369485787229742,1,Changeup,R,S,S,0.2594195098024972,1
7,113,3.245455204017042,6,Cutter,L,L,L,0.2150476843048088,1
5,42,3.4815767330815595,3,Cutter,L,L,S,0.29844016712581634,1
5,22,7.860942030171463,5,Cutter,L,L,L,0.27161264869570156,1
6,148,6.794286657244174,3,Changeup,R,S,L,0.4778317866810222,1
5,86,5.8749663061887505,1,Cutter,L,S,S,0.37231968684108185,0
9,90,7.11021620402358,3,Cutter,R,R,S,0.22735373101926706,1
3,86,5.88387524662972,2,Changeup,L,S,R,0.4696662911823137,1
3,74,7.227214841005867,6,Changeup,L,R,R,0.547146055188337,0
7,50,0.43642491903606384,3,Cutter,R,S,S,0.4221381601160417,1
7,85,3.6485296741353324,6,Cutter,L,S,R,0.3562094155232536,1
6,120,5.975186681934669,2,Curveball,R,R,S,0.43427335408323375,1
3,83,4.666366372880108,5,Slider,L,L,S,0.5119389259579318,1
7,50,1.4013293132062934,7,Changeup,R,S,R,0.4616166488897967,0
5,136,2.723936692228274,5,Slider,R,R,S,0.25596530831761244,1
7,85,2.54219500021353,2,Changeup,L,S,S,0.47410295016484205,0
2,66,2.090775305474688,6,Sinker,L,S,R,0.6321999461800246,1
6,41,2.7450844281117286,0,Curveball,R,S,L,0.691998227424758,0
8,113,4.118826307688968,3,Slider,L,S,L,0.46372303519883756,1
1,102,6.838952198266208,3,Curveball,R,S,S,0.7962758848649134,1
4,65,5.9362612991500505,1,Fastball,L,R,R,0.70571496865073,1
1,108,6.681997632129869,7,Slider,R,S,R,0.32923101270549104,1
1,138,7.068829956504691,1,Slider,R,R,L,0.4740620676516326,0
8,65,3.329203648780858,6,Sinker,L,R,S,0.3772783882669972,0
7,20,2.7682102722139774,4,Slider,R,L,L,0.53014394101038,0
1,115,0.4609870534732945,2,Fastball,R,R,L,0.33447134534851697,1
2,80,7.443932975011474,5,Fastball,L,R,S,0.2211375804123086,0
4,124,0.5265841435051515,5,Curveball,L,L,S,0.7426290889033045,1
1,100,5.929084122963763,0,Fastball,R,S,S,0.5118564447265286,0
3,33,3.0248664357246975,2,Changeup,L,L,S,0.7489773066956904,0
8,64,7.59024619599349,3,Cutter,R,S,S,0.2708909379744645,1
8,96,3.356816167473032,4,Slider,R,S,S,0.2908895443179311,1
8,85,6.5328668108377315,7,Curveball,L,R,S,0.33589043680709385,1
6,51,2.2612386573094128,2,Curveball,L,S,R,0.4742713720730638,0
6,115,2.3927097379507734,4,Curveball,L,L,R,0.7280012564263181,1
5,77,4.764155279027474,2,Curveball,R,L,L,0.5902471462174242,0
9,123,7.98386106965979,6,Slider,L,S,L,0.23300285334548232,1
4,75,4.14057934383357,3,Curveball,R,L,R,0.4443172852452505,1
7,86,7.490469091146324,3,Slider,L,L,R,0.6339527458481777,1
1,137,6.289998625989822,7,Curveball,R,R,S,0.393431814182592,1
9,57,6.366914513417879,2,Curveball,R,R,L,0.4955369532001094,1
7,131,3.487679913030113,5,Cutter,L,R,R,0.6268584229460549,1
9,73,3.092338001382405,6,Changeup,R,S,S,0.778991066250101,0
7,53,1.535374464726523,5,Fastball,R,R,R,0.39992807833305555,1
2,58,7.7115301358692285,0,Fastball,R,L,L,0.646626475942293,1
6,131,7.67514889955056,3,Fastball,L,R,R,0.6484419334265099,1
4,107,5.9765418744814625,7,Changeup,R,L,R,0.5256213463614581,0
3,67,2.370019598821356,6,Slider,L,R,L,0.6880187314600239,1
2,68,1.9614363227382574,1,Fastball,R,L,R,0.5216698123851172,1
6,53,7.9088819390957035,0,Fastball,R,R,L,0.5749994256191666,0
8,119,0.53234252086542,2,Fastball,L,R,S,0.7023332465642085,1
6,37,6.748514337130472,0,Slider,R,R,S,0.48575934342926813,1
9,89,2.8436640038597973,1,Changeup,R,R,R,0.486773258635124,1
5,133,3.3509577578177643,3,Changeup,R,L,S,0.5546234163151043,1
2,53,6.655821189990697,3,Sinker,L,R,L,0.6825167635036291,1
8,70,0.7248241280428642,5,Sinker,L,S,L,0.2763116799276319,0
9,124,2.8333574281620573,3,Slider,L,R,R,0.6627301947827029,1
4,112,7.616194217356584,6,Cutter,R,R,S,0.37685546476136267,0
6,88,5.592527302170051,5,Curveball,L,S,L,0.24261994698158706,1
8,108,6.039513318447123,7,Slider,R,L,L,0.6753053478136455,1
9,122,6.060042407643811,1,Curveball,R,S,R,0.28708591045910564,0
5,102,0.48456066531155617,0,Changeup,R,L,S,0.32795754006750266,1
6,30,1.6256607460834491,2,Curveball,L,S,L,0.6237006870453253,0
4,55,3.9301060486496944,2,Sinker,L,S,R,0.5387136340381001,1
5,101,2.945201859803001,6,Fastball,L,S,R,0.7522977611991071,0
7,57,3.287298345062828,7,Curveball,R,L,L,0.7726007188243553,0
9,108,6.251579029005381,0,Sinker,L,R,L,0.3883769536059254,1
6,20,0.1174338805418822,7,Curveball,L,R,R,0.3945184652320785,1
6,123,5.28393541056991,3,Changeup,R,S,S,0.32584506048260853,1
8,84,0.0008818544145796636,5,Cutter,L,L,R,0.5105699360354987,0
4,20,0.5044682046099496,2,Curveball,L,L,S,0.4267925865302248,1
3,144,3.266288958700992,3,Changeup,L,R,L,0.20879169462910888,0
7,79,6.7275881584385715,6,Fastball,L,L,L,0.43697316567967415,1
5,44,1.1599661245156838,4,Curveball,L,L,L,0.23702100864580575,0
2,110,4.436971273028893,4,Curveball,L,S,R,0.6794264206245133,1
2,69,5.4280418146139535,6,Fastball,R,L,S,0.7573358376828205,1
6,111,1.8362630733772844,2,Sinker,R,L,R,0.37749430165345055,0
8,51,4.098642042156664,0,Sinker,R,S,R,0.5904279383899803,0
1,52,7.291258265105538,0,Sinker,L,R,R,0.2531125769318271,0
6,45,4.097828202924262,7,Slider,L,R,S,0.4181143197067536,0
2,61,1.258584494301184,0,Cutter,R,L,S,0.5455478503940371,0
2,80,5.022514373500358,3,Fastball,R,S,L,0.26250358219556447,1
7,60,4.737601440068112,4,Sinker,L,R,R,0.4262839386980304,0
1,149,0.21563807838504978,3,Fastball,L,L,S,0.7731447099861379,1
6,118,0.7247552459805329,1,Fastball,L,R,R,0.2996496376187573,0
7,117,1.2542508411280862,1,Slider,L,L,L,0.5721377391403696,1
8,50,1.0903126204949594,7,Fastball,L,R,L,0.7000086815148481,0
7,134,2.075726164487465,2,Slider,L,S,R,0.6627025224814966,1
6,67,3.6328425858845437,1,Cutter,R,S,L,0.6628291525723539,0
9,21,2.9737303831918753,0,Slider,R,R,S,0.23547359288448538,0
3,120,7.1251991312367755,2,Cutter,L,S,S,0.7841610739565159,1
6,147,4.8968752752506965,4,Cutter,R,R,S,0.6362866774252969,0
4,78,7.009154799694745,5,Cutter,R,R,S,0.7726045588584132,0
2,139,4.216314599340791,4,Changeup,L,S,L,0.7875552706655964,1
1,57,0.7189637655147196,7,Cutter,R,L,S,0.41420168948394526,0
1,126,3.7062995925314786,6,Slider,L,S,L,0.5260294144747664,1
3,40,6.5762603747389194,1,Changeup,L,L,L,0.6376791573416212,1
4,61,1.5528301373368647,6,Fastball,R,L,R,0.7094502723046332,0
2,29,0.7297142300211981,7,Fastball,R,L,L,0.7825684806709043,1
1,52,2.6354779067060807,1,Curveball,R,R,R,0.7846736161472134,0
4,88,3.111182645121117,4,Cutter,L,L,L,0.39665239203785274,0
7,99,2.450061411247235,6,Curveball,L,L,S,0.6082868832121295,1
6,120,1.081926284996448,1,Cutter,L,S,R,0.28815961235151166,1
6,48,2.006718877773716,1,Cutter,L,R,L,0.6863145449201584,1
9,72,5.4582592368168825,3,Sinker,R,R,L,0.29570064883581115,0
2,143,3.0874281303453115,5,Slider,R,L,R,0.7344081891597376,1
4,61,5.060395556948446,5,Slider,R,S,R,0.7874599695909821,0
5,66,4.29043023934986,7,Fastball,L,L,S,0.25180898721831757,1
1,30,4.392423518861352,4,Changeup,L,R,S,0.5074154506971312,1
8,102,1.9883964635823679,4,Fastball,R,S,L,0.35883903856923705,0
8,128,4.172344262145453,1,Cutter,L,R,L,0.4820205754767628,0
6,46,0.18875771090561422,0,Sinker,L,R,L,0.3762648147954034,1
5,81,3.4539499385994095,3,Changeup,R,R,L,0.23938828884662175,0
8,122,4.580982585519321,0,Curveball,R,R,R,0.43647735446929053,1
3,63,1.4559649708328744,1,Cutter,L,R,R,0.32274183890121133,0
3,112,2.052468049991611,7,Slider,L,S,L,0.5295738069276461,1
2,49,1.7562481585249552,4,Fastball,R,S,L,0.608333927483461,0
5,138,0.5644636421233935,6,Fastball,L,R,S,0.44318428437186025,1
3,48,2.7828585691207204,6,Curveball,R,L,L,0.32218398320029096,0
3,49,7.831726131615516,7,Fastball,R,L,S,0.31502293980794704,1
6,123,2.8310432517088806,0,Fastball,R,R,S,0.20143226315571489,1
8,129,3.684292974695805,5,Changeup,L,S,L,0.6214310259134772,1
2,51,5.224698007651002,2,Cutter,R,L,R,0.3518756762315587,1
4,70,5.187982009352857,0,Changeup,R,S,S,0.7824438833907787,1
7,55,7.599159840148993,4,Changeup,R,S,S,0.6482343003016557,1
1,74,6.860513123193002,5,Fastball,R,L,L,0.37722707792534216,0
1,55,6.351605496841218,1,Cutter,L,L,R,0.29536744663507347,0
7,75,7.613017806226485,0,Fastball,R,S,S,0.5746063336738817,0
7,55,1.8461230838653728,1,Sinker,R,L,L,0.718734579492422,0
1,108,4.9364335569743405,3,Sinker,R,R,R,0.550593663333048,1
1,81,7.09757413377725,2,Fastball,L,L,R,0.20658449279360616,1
4,128,4.9931052662248145,6,Changeup,L,S,R,0.6717779983362011,1
5,106,7.819363796854956,4,Sinker,R,S,S,0.7785337050338492,1
5,83,0.8028217112510321,4,Slider,R,S,R,0.22848322101557095,0
4,76,3.5146440223456024,1,Sinker,R,S,S,0.6854782362746549,1
8,132,7.81890326326909,2,Slider,R,S,L,0.6313971393204829,1
7,89,3.036544228559406,5,Changeup,L,S,R,0.4384976902067469,1
9,39,5.916451000794435,4,Changeup,R,R,S,0.5804427200551998,1
7,73,0.24322320862919344,0,Fastball,L,S,R,0.29528313458629507,0
1,20,5.5586969170425045,4,Cutter,R,S,S,0.6320570231173621,1
7,109,7.4770138602206275,0,Sinker,L,R,L,0.5487449271745739,1
1,132,3.0616502815200217,4,Fastball,L,S,S,0.25195017954024285,0
7,32,0.17039870341543573,0,Fastball,L,S,L,0.7209431269455222,0
8,129,0.2232784351638708,3,Curveball,L,R,R,0.2770171214631684,1
9,110,7.136186445688712,7,Fastball,L,L,S,0.46298219149324515,0
3,114,5.780128856770094,1,Cutter,L,L,L,0.2787040969167346,0
4,62,0.8534910738126387,7,Fastball,R,S,R,0.5876729809933336,1
4,93,0.43672221640957254,5,Changeup,L,L,L,0.6427131559855754,1
9,33,6.438602908923835,5,Cutter,L,L,R,0.7683394581199994,1
7,118,6.478885062442872,3,Sinker,R,R,L,0.3515623810309658,1
3,128,0.964174718336392,6,Changeup,L,L,S,0.41977836908779526,1
5,115,2.412163231109094,5,Curveball,R,S,L,0.43203083353126315,1
7,77,6.2402085165911165,0,Curveball,L,R,R,0.2582006272403192,1
8,115,4.203296567632051,5,Cutter,L,L,L,0.6847442195265216,1
1,57,7.652678885802395,1,Sinker,L,S,L,0.24962515927034637,1
2,83,3.8485011627680397,2,Slider,R,R,S,0.40312675179566226,1
7,28,5.415663500524101,0,Slider,L,S,R,0.3142303773364473,1
2,140,4.078266925932674,6,Cutter,L,L,R,0.5986278198536839,0
7,51,7.543723965480366,6,Cutter,R,S,L,0.7433420210350079,1
9,30,3.189272736540871,6,Changeup,L,L,R,0.6478907334638047,0
2,124,1.8383716414288003,5,Curveball,L,L,R,0.6647110685022839,0
7,101,2.6130708822479454,4,Cutter,L,L,R,0.24710167229563573,1
4,56,6.822201633321834,4,Fastball,R,L,S,0.643376625695387,0
2,101,3.983508508097067,2,Changeup,L,L,S,0.23751832674768086,1
7,31,2.834018428017912,3,Curveball,L,R,S,0.49052408878240533,0
5,23,4.354080174475863,0,Changeup,L,L,R,0.6151667606652038,0
1,62,1.0658376582147389,4,Curveball,L,R,S,0.3528408211514563,0
5,70,0.04287443700476867,6,Fastball,R,S,R,0.609540907696213,1
3,24,2.244677469547926,1,Curveball,L,S,S,0.7283184329932533,0
7,106,4.840045758268339,2,Changeup,L,R,L,0.7267793262344535,0
6,125,5.693446157291098,3,Curveball,R,R,R,0.3152622957162321,1
8,75,6.612887730815733,7,Changeup,L,S,L,0.36470931843053445,1
5,129,7.413308475155757,6,Cutter,R,R,L,0.599622646531904,1
2,87,3.2968987757181445,3,Fastball,R,R,L,0.7047893620922023,1
9,115,5.924134396459637,1,Changeup,R,L,S,0.47313121544487124,0
8,63,0.5973834415845003,5,Slider,R,S,S,0.7533199953062042,1
6,109,0.46023999017664075,1,Slider,L,R,L,0.544768727900347,1
7,61,0.9983839358892528,7,Sinker,L,R,L,0.3571685349689351,0
9,92,3.588552782646099,5,Sinker,L,R,L,0.2119795728461646,1
7,30,1.6902515079899993,2,Curveball,L,L,S,0.6844152769077225,0
3,77,2.2953995355025265,1,Cutter,R,S,L,0.2556824886951073,0
6,147,5.183041388098421,7,Cutter,L,S,L,0.24706578804374127,1
7,40,2.868177430422768,4,Slider,R,R,R,0.6662799857976971,1
2,40,4.458972461744177,3,Curveball,L,R,L,0.21898984376361397,0
3,91,3.299230053892738,6,Cutter,L,L,R,0.7056560491565924,1
4,148,1.3517540441585565,6,Cutter,R,R,R,0.559234779249433,1
6,121,0.592159922047153,7,Curveball,L,R,R,0.5819272107117328,0
1,32,1.8898519624791028,5,Changeup,L,L,S,0.762830644181012,1
9,92,0.4616037559283548,1,Slider,R,R,L,0.7200148408216749,0
5,25,4.948895679118455,0,Sinker,L,S,L,0.24559724060425075,1
7,131,6.365740811728803,1,Cutter,L,S,R,0.7117913352854561,0
9,36,2.717926145899207,6,Changeup,L,S,R,0.6002870195461569,0
9,92,3.096888442818866,5,Changeup,R,L,R,0.3900639670777867,0
1,31,6.529528502074453,7,Changeup,L,L,R,0.7120164609742883,1
1,105,1.7809032989884823,3,Changeup,R,S,L,0.21397926874550752,0
3,141,0.9532821215589937,4,Fastball,R,S,L,0.7025262987291871,1
6,89,4.008944938648692,6,Fastball,L,L,R,0.5721145506436761,1
2,127,5.169521356265897,7,Sinker,L,R,R,0.3567006828246493,1
1,71,4.797235400371834,6,Curveball,R,R,R,0.2035742562221322,1
1,56,5.710984362193447,1,Slider,L,L,R,0.512795107992692,0
5,136,0.4540094573841911,4,Curveball,L,S,S,0.4533538253704707,1
4,22,3.425612902066983,0,Fastball,R,L,L,0.7175286615069691,1
1,27,1.908564191565545,5,Curveball,L,S,L,0.6727492550444576,0
4,66,6.072970076368193,3,Curveball,L,L,S,0.5537947380815698,1
3,83,6.981843872482797,2,Changeup,R,L,R,0.2905094232879539,0
2,61,2.250685926451319,6,Cutter,R,L,R,0.6356744046866645,1
9,62,0.7617446325552661,6,Fastball,L,L,L,0.5561734520823728,1
1,144,2.0274236959311747,3,Fastball,L,L,S,0.2135260053365916,0
7,33,0.8320679124713575,5,Curveball,R,L,R,0.657084204369645,0
4,110,2.57937732890763,2,Cutter,L,S,L,0.6990323137083949,1
5,21,4.305588626574606,7,Curveball,R,S,L,0.6646964544005494,0
5,134,7.789447635185652,2,Slider,L,R,L,0.3057983294410429,1
1,20,3.1949620348108683,3,Fastball,L,L,S,0.5015003364669588,0
6,94,1.760319390836969,5,Changeup,R,R,S,0.516368973235513,1
9,84,1.3344139229666805,2,Changeup,L,R,S,0.760612666388589,0
2,144,1.384318129109408,5,Changeup,R,L,S,0.7553623253550035,0
7,85,1.5407814660916737,4,Sinker,L,L,S,0.2373676635352738,1
6,91,6.098136180299576,7,Sinker,L,R,S,0.7995183290044015,1
5,135,0.48822169145935934,0,Fastball,R,R,L,0.6720139916258886,0
4,140,7.979221655544273,1,Fastball,R,L,L,0.4253189741914578,1
4,66,4.181491129330089,5,Changeup,R,L,R,0.6459695020974907,1
6,109,4.354175154406605,5,Fastball,R,L,R,0.42599005475356994,1
4,59,2.8605110295968386,2,Changeup,L,S,R,0.761767541479266,0
5,61,5.522042875296964,6,Slider,R,R,S,0.426867907898815,0
6,54,3.7716507270463815,5,Slider,R,R,S,0.6596589893148075,1
5,60,2.6324902797163983,5,Slider,R,R,R,0.29316453582201235,0
7,104,2.121107229664343,6,Curveball,R,S,R,0.7113905641121221,0
9,143,7.405209655466076,2,Curveball,L,R,S,0.5722663243480373,1
7,76,2.3279161204193617,3,Cutter,R,L,S,0.6845603574987649,1
7,57,3.491146075438736,5,Cutter,R,S,L,0.45077563442593244,1
4,115,2.802731216931746,6,Cutter,L,R,R,0.40778901786349453,1
1,82,0.6894306194242876,6,Slider,L,S,S,0.5195732258043451,1
8,106,1.487475155858137,4,Slider,R,S,L,0.4329133297111684,1
4,71,1.5160158026110562,1,Slider,L,L,L,0.5084885876050741,1
1,57,5.549196115117239,5,Fastball,L,S,S,0.45838794609623845,1
5,106,3.2526832797264733,2,Fastball,R,L,S,0.31798603999755526,0
8,24,6.255740504565269,4,Slider,R,L,L,0.7859773705686337,0
4,139,5.671607394673256,7,Changeup,R,R,L,0.20965120413834304,1
8,89,1.5363981311683013,1,Cutter,R,L,S,0.7553884478852548,1
8,132,4.503335360960805,3,Curveball,R,R,R,0.6964363788156236,1
3,43,5.9432707683904225,5,Cutter,L,R,R,0.4525420693510528,1
9,105,5.064343387805784,2,Changeup,R,R,R,0.3932582046770367,0
3,45,4.800132064703847,3,Sinker,L,L,R,0.2988118611298519,0
1,22,5.916887099206144,5,Fastball,L,R,R,0.27983586985107717,0
2,21,0.4542459140504551,3,Slider,L,L,R,0.5305511890887186,1
6,111,5.851375578891463,2,Fastball,R,L,R,0.26325602212827975,0
2,21,2.181242105227427,4,Fastball,L,R,S,0.4858828158460654,0
6,90,4.574978036074833,4,Changeup,R,L,L,0.6888262275653864,0
1,23,1.9384399575720597,7,Fastball,R,R,L,0.6542109676813852,1
1,57,6.710540577654701,3,Fastball,R,R,L,0.27950713175524683,1
5,122,3.844474834406048,3,Cutter,L,R,L,0.7766456264465138,0
9,89,5.143529696199868,5,Cutter,L,S,R,0.3717019328408342,1
8,71,6.3526563478138245,6,Sinker,L,L,S,0.6234143582829346,1
3,50,7.162522040570915,7,Changeup,R,S,L,0.3802979652645379,0
3,55,5.856496776554728,0,Slider,L,S,R,0.5704556945896134,0
1,134,1.1901486095232459,1,Cutter,L,L,R,0.5434931946278583,1
3,93,6.836258956686292,7,Sinker,R,L,R,0.30698958981420116,1
1,37,4.948623326924049,5,Fastball,R,R,S,0.5915353687527466,0
8,34,4.875598067042189,3,Sinker,R,S,S,0.39560364693437916,0
1,116,7.370724478439373,3,Sinker,L,L,S,0.566690297153305,1
5,24,1.9906524453270649,1,Curveball,R,R,L,0.5248263320974771,1
9,56,1.9167009479522665,2,Cutter,L,L,L,0.7055914868911473,1
7,123,4.105548437559695,6,Sinker,R,L,S,0.3281552930272361,1
4,105,6.006904532278921,4,Sinker,L,R,S,0.29084740183109004,1
9,34,3.577925665828073,2,Curveball,L,L,S,0.7129388611072278,1
9,36,5.071131119139218,6,Slider,L,R,S,0.46672737466836894,1
2,70,3.6201977937817507,1,Fastball,L,S,R,0.6691058489146067,1
6,64,4.88309744389575,1,Cutter,R,R,L,0.7757436061664442,0
4,141,6.578098420909689,0,Slider,L,L,R,0.5265962945701474,1
8,101,1.4438135687273865,7,Changeup,L,S,L,0.3804077912058579,1
7,108,5.563028272047872,5,Slider,R,S,R,0.6765375998210714,0
7,120,6.299405914705466,5,Changeup,R,R,R,0.7585660072797562,0
9,59,3.5768912598542597,5,Changeup,R,R,R,0.34708948663075534,1
5,62,2.585868616542834,6,Cutter,L,R,S,0.6130068276989653,0
6,92,0.10835459139521664,5,Curveball,L,S,R,0.6683504645471469,1
1,42,6.376840178672748,0,Changeup,R,R,R,0.21593743554193348,1
6,114,2.6235092722879045,4,Fastball,R,L,S,0.5553609059115209,1
2,36,2.8584757552644016,5,Cutter,R,S,S,0.5798992238165868,0
6,131,2.688049304790498,3,Sinker,L,R,L,0.5819248024990186,1
9,122,3.989914646498705,1,Sinker,L,S,R,0.2504642207043382,1
8,77,5.619996585752617,0,Changeup,R,L,L,0.21301287708361366,1
9,105,6.174905048004087,7,Cutter,L,L,L,0.3762161465023468,1
8,54,3.1405657632252666,2,Fastball,L,L,R,0.4146994710495159,0
3,49,5.3048162803613526,5,Cutter,R,R,L,0.2867742834741502,0
8,123,5.765474002170522,0,Cutter,L,R,S,0.5057518665844997,0
6,141,2.3753386534190524,2,Sinker,L,S,S,0.33652750208546844,1
6,53,0.7729717562967462,0,Changeup,R,R,R,0.40251888469090064,0
6,75,7.1573257651557,2,Slider,R,S,L,0.3756942375214586,1
3,44,5.416927774252743,0,Cutter,R,R,R,0.6632188721940019,0
1,134,5.184883271010332,0,Changeup,R,L,S,0.726245084082128,1
4,32,0.47122012169582383,6,Sinker,R,R,R,0.3790835554369817,0
6,82,6.542984460031412,5,Fastball,L,R,S,0.42598956934049237,1
2,121,4.528433248688425,4,Fastball,L,R,S,0.6891639931917397,1
7,141,6.783075338540529,3,Slider,L,L,S,0.655459782581866,1
7,139,7.796489469894092,1,Fastball,R,S,L,0.6252761994782674,1
4,30,7.656802567041937,3,Changeup,R,R,L,0.6247144648605173,0
4,128,6.84871477112166,4,Slider,L,L,L,0.37830735493468426,1
1,123,0.0875789906509512,6,Sinker,L,R,L,0.7619173230084595,0
2,130,7.085817665895652,5,Changeup,R,R,S,0.6855164616233156,1
9,88,0.600498510621164,2,Sinker,R,L,S,0.32715904361481485,1
8,121,6.809551761414138,6,Sinker,L,R,S,0.5972908983854691,1
8,21,2.241392548892989,7,Slider,L,R,L,0.29293592253616396,0
9,56,4.880546708266941,3,Slider,L,R,R,0.5465811634943822,1
7,137,0.3045458491990374,1,Changeup,R,R,R,0.3734585310610371,1
9,68,6.1694535689458245,5,Slider,L,R,L,0.26314775318946326,1
2,94,0.893648977863772,1,Changeup,L,L,L,0.5619054784637605,0
6,94,3.285505373406175,7,Fastball,R,L,L,0.7305784621699964,1
3,53,6.539568018602411,7,Fastball,L,R,L,0.28442644441168685,1
6,77,5.562791972066681,2,Cutter,R,R,S,0.7394387043757062,0
3,130,0.048341574864535275,6,Curveball,L,S,L,0.27668812466210974,1
8,115,3.2242586763403907,6,Curveball,R,L,S,0.6451266479770454,1
4,79,0.3354201357160642,1,Fastball,R,R,L,0.7937589259481195,1
6,51,5.387998886547753,4,Cutter,R,S,S,0.2562080017828673,0
9,125,7.751587934026571,3,Curveball,R,L,S,0.3276027988753172,1
2,52,5.242090098406074,1,Changeup,R,S,S,0.4781332741951155,0
2,62,1.7949794489404463,3,Changeup,L,S,L,0.6425582276783655,0
7,131,2.841864256532321,0,Slider,R,R,S,0.738744771909913,1
2,126,7.813204445267742,7,Curveball,L,R,L,0.63746571910942,1
2,28,1.7924192962588004,7,Sinker,R,L,S,0.662732520852245,1
4,133,4.492232584435541,3,Changeup,L,S,S,0.47128172720891254,0
9,144,3.203630469453958,2,Curveball,L,S,L,0.41348929755216124,0
8,39,6.146522383425773,4,Slider,L,R,R,0.5046584751894558,1
2,60,6.939114175839097,5,Fastball,R,L,L,0.5897155093263886,1
8,63,2.726698194802374,1,Cutter,L,R,R,0.5014053056151666,1
4,144,5.283170909595061,5,Sinker,L,L,L,0.6741972863980289,1
2,54,4.3923815801418185,4,Slider,R,S,S,0.2942446008151478,1
7,77,2.227555920443467,3,Slider,L,L,L,0.4377126967064455,1
6,67,2.1755264225040136,1,Slider,L,S,R,0.2399056697509669,1
5,77,4.309053180258432,4,Cutter,R,L,S,0.6028625982111674,1
1,120,1.2320229882583984,2,Changeup,R,R,L,0.6542191890324853,1
2,76,6.486479171859772,0,Curveball,R,R,L,0.6004311651986656,0
8,83,0.5520387136032161,6,Fastball,R,R,S,0.7730931155507965,1
1,81,0.7565958896665306,0,Fastball,L,L,R,0.7592858127552846,0
3,102,2.7378104714181406,2,Sinker,L,S,L,0.3622495135416127,0
2,132,0.9447340655770669,5,Cutter,R,R,R,0.3459037204735584,1
5,131,3.80560017004394,0,Fastball,L,L,L,0.21519388637542256,0
4,81,3.197407123534963,2,Sinker,L,L,L,0.5015409105260895,1
7,113,5.774478367085736,3,Sinker,R,R,L,0.7166719362693843,0
5,104,7.624033241677763,5,Cutter,L,R,R,0.2945040572408892,1
8,45,6.028468677913008,5,Cutter,L,R,S,0.5560282876055265,0
4,140,1.4355893030448348,6,Curveball,R,R,L,0.6322195612005566,0
6,69,7.484170283715224,2,Curveball,L,L,S,0.42061205491533055,0
4,134,3.1370674604245377,0,Cutter,R,S,L,0.6217667330991019,1
2,55,3.793514887415303,6,Curveball,L,S,L,0.7023899846793922,0
1,52,3.3726098989650843,6,Changeup,L,L,R,0.20630583664009236,0
1,142,2.2443761863017517,3,Slider,R,S,S,0.6411368457098772,1
8,119,7.160354302379871,5,Fastball,L,L,S,0.5599034399105705,0
4,87,2.657910927172929,2,Fastball,R,L,R,0.7069017181666839,1
5,92,4.628771757436371,2,Fastball,R,L,S,0.28316344313909114,1
8,42,1.9202686749946416,7,Fastball,R,S,L,0.6842602082153957,0
7,89,6.379002998161443,6,Changeup,L,L,L,0.28470815869623095,1
8,74,6.193589276233492,7,Changeup,L,L,S,0.5509291226901117,1
8,129,2.3704971075763517,5,Slider,R,R,S,0.36253074764331805,1
6,28,5.452432585147629,5,Cutter,R,R,S,0.3440043642383688,1
2,148,5.630988264759598,3,Curveball,R,S,R,0.49924417954954226,0
6,127,4.5000913288381295,7,Slider,L,R,S,0.6543980109611586,1
1,87,4.804787058173361,5,Fastball,R,R,S,0.5871336479935636,1
1,85,4.595637106326366,1,Curveball,L,R,L,0.7931373173338463,1
3,72,0.654915231958765,7,Slider,R,L,R,0.27143655823703544,0
3,147,5.36212275771028,0,Fastball,L,R,S,0.6330555954194437,1
5,84,3.75820007870953,5,Slider,L,S,S,0.2332821520587604,1
1,83,3.5076582443313082,1,Fastball,L,L,R,0.4144716144902225,1
6,87,6.879993750254406,7,Sinker,L,S,L,0.40610092752762106,1
7,81,0.18581370768894168,3,Fastball,L,S,R,0.35372803212925114,0
3,100,2.0105193436700413,3,Sinker,L,S,L,0.5194416036358294,1
4,90,0.9712279987419707,4,Changeup,R,S,S,0.3461800012534648,1
3,133,0.28272835687780606,7,Fastball,R,S,S,0.4205432254945156,1
1,71,2.2054159814075804,4,Slider,R,R,R,0.7156973282833752,0
8,135,7.907810182357421,3,Curveball,L,R,S,0.3942300146872403,1
2,144,2.1618333856605902,7,Changeup,L,S,R,0.7915756117689825,1
1,146,5.309646558366171,4,Sinker,L,S,R,0.36562609559104986,1
8,84,0.9463911203257718,2,Curveball,R,R,R,0.7418023171852111,1
7,149,4.81478104037784,1,Sinker,L,S,S,0.4587653722692777,1
7,41,7.875851865106506,3,Cutter,R,R,L,0.7445170549614717,1
4,95,2.3347001876837226,2,Curveball,R,S,S,0.4560757366838587,0
9,113,6.7846049310046626,0,Cutter,R,S,L,0.6622162906134753,1
6,90,7.980571042932284,7,Cutter,L,L,L,0.4399985625543543,1
2,125,4.708432709765952,0,Changeup,R,S,L,0.5725422019934168,1
1,69,2.475208803424283,4,Curveball,R,L,S,0.2308928963827931,1
1,121,5.3882500791932495,4,Sinker,L,S,L,0.5594000574768005,0
9,132,6.75878565014895,2,Fastball,R,L,S,0.38956984620605595,1
4,49,1.3708019436958265,0,Changeup,R,R,S,0.7977723652963138,0
5,31,3.6201261107316265,5,Changeup,R,S,R,0.686373258069543,1
3,101,2.5535016809907276,3,Fastball,L,R,S,0.24774429152625566,0
4,65,2.266871975699039,7,Curveball,L,L,S,0.3189617064107975,0
8,149,6.886570085921381,5,Sinker,L,L,S,0.5696443708237688,1
4,116,3.373232054574708,7,Changeup,L,L,S,0.38025677994753443,1
9,99,2.712610734431302,1,Cutter,R,L,L,0.3277420742575379,1
9,73,4.828084331408109,6,Fastball,L,R,L,0.41341659020218674,1
6,54,1.7552126370990502,4,Sinker,L,L,S,0.26372364984244856,1
2,71,1.8391479245446316,2,Slider,R,S,S,0.532683418934424,0
7,103,4.162309846972037,5,Changeup,R,L,R,0.3698043826961487,1
9,91,3.274181829169473,4,Sinker,L,R,L,0.7202059305667607,1
6,45,2.3598590713785956,2,Cutter,R,R,S,0.21965156560649202,0
3,80,0.4316090581928176,0,Curveball,R,S,R,0.41056515084903134,1
7,56,4.1661939091081726,4,Curveball,L,R,R,0.5297602388811089,0
5,114,6.532873644808601,6,Fastball,L,L,S,0.3410982276995866,1
1,30,6.811017642288463,7,Cutter,R,S,R,0.23441139028544677,0
3,60,1.8835198378086417,5,Fastball,R,S,R,0.2434734393082048,1
5,85,4.797129631579907,2,Changeup,L,R,R,0.2955939719517866,1
7,88,6.847050475703523,2,Fastball,L,S,L,0.3631345531657812,1
3,78,3.269807426210118,7,Slider,L,L,R,0.6234407621827684,1
6,85,7.457094538460228,5,Fastball,R,L,R,0.48478696463158993,1
5,87,7.223828233036423,6,Fastball,R,R,S,0.21975477552366274,1
1,31,1.665071179350475,4,Changeup,R,L,S,0.2930199375981621,0
6,87,2.0717186632016302,1,Cutter,L,L,L,0.4207550292966989,0
8,92,1.443535989167751,3,Sinker,L,R,S,0.4518639514414548,1
1,25,1.5684348116376183,6,Sinker,L,L,L,0.23788756381880627,1
2,34,7.262896697387984,0,Slider,L,R,R,0.2726355162883043,0
4,61,7.449103273540984,5,Fastball,L,R,R,0.35731495208978603,0
2,50,0.4151779294810476,6,Changeup,R,R,R,0.7019927609415815,1
9,25,4.748826845377638,5,Changeup,R,S,S,0.3255194300654495,0
8,52,4.513852502860573,4,Sinker,R,L,L,0.3360767920558849,0
8,40,3.124381173795679,4,Changeup,R,L,S,0.49671490815922376,1
4,143,5.053580742584856,1,Cutter,R,L,S,0.7348817300038912,1
5,113,7.578942604086801,0,Fastball,R,R,L,0.5169125161782709,1
4,119,1.3620390617771694,4,Curveball,L,R,L,0.24761479184638793,1
9,74,0.963287277731645,1,Sinker,L,L,L,0.31186348717659923,0
2,83,0.2671245666318054,5,Sinker,L,L,R,0.7134803874149951,0
8,105,2.9106664627211476,3,Slider,L,L,S,0.7260547084773468,1
2,41,2.7010278166229282,2,Curveball,R,L,S,0.6772720878001013,1
1,79,3.4465575052691513,3,Cutter,R,S,R,0.525100970778136,1
3,123,4.0264802470475916,3,Sinker,R,R,L,0.46349048679980837,1
9,66,6.062591952243637,3,Fastball,L,S,S,0.360933804749264,1
3,96,3.136907123660147,3,Curveball,L,L,R,0.5286765290545317,1
9,37,2.6449048748898685,2,Curveball,L,R,S,0.6096924071918467,0
7,41,6.615030562077015,5,Sinker,R,S,S,0.5595525888029907,1
1,57,6.798373365229251,0,Curveball,R,S,S,0.3353342141472774,1
5,44,1.8621277143468253,0,Slider,L,R,L,0.7418627307970427,0
9,51,2.5173745816904667,5,Fastball,L,S,L,0.4342603169333979,1
3,32,6.600930967280706,1,Changeup,L,L,S,0.7309354849544374,1
9,30,0.6352659543821186,1,Fastball,L,S,L,0.4384690524215547,0
5,32,2.606774243125903,4,Sinker,L,S,R,0.22307274592870455,1
9,116,3.5868008563268896,7,Curveball,L,L,R,0.6427724549279448,1
6,120,1.4965729216045682,3,Fastball,R,L,S,0.7520835149455103,1
9,57,1.4393135728855855,3,Changeup,L,S,R,0.3528560806371487,0
7,20,3.3988964641082298,2,Slider,R,L,L,0.5254898824612049,1
7,58,6.0361737978788454,3,Fastball,R,R,L,0.6845711952399014,1
8,46,6.7218638363810195,2,Fastball,L,R,R,0.3926511792287485,1
7,55,7.833880740289387,4,Slider,R,L,S,0.3717049194726442,1
9,50,0.5918724007337524,6,Slider,L,L,R,0.4466391219670093,0
9,146,1.7334576091679414,1,Sinker,L,R,L,0.5303449173006995,1
6,25,6.053038739073582,1,Curveball,L,R,S,0.5315199676022584,1
7,108,4.324789648445295,4,Curveball,L,S,L,0.4918132255076411,0
2,50,2.6214381916993457,7,Sinker,R,S,S,0.6922031583332605,0
9,119,1.6447172899779483,4,Slider,R,S,S,0.2917513279597428,0
1,92,2.2438204131395842,5,Changeup,L,S,S,0.2510968456547554,0
1,65,3.4343116024076155,3,Curveball,R,R,L,0.3011370807545674,1
3,116,1.417209756048262,1,Changeup,L,R,S,0.6224028763357853,0
6,20,7.713807647014005,0,Slider,L,R,S,0.28714678033062385,1
5,76,0.860707556798995,7,Fastball,L,L,R,0.39369554826326036,1
2,28,7.884619475913753,4,Sinker,L,R,R,0.7278084294591771,1
9,24,6.735146288005381,1,Slider,L,L,L,0.2841373765475995,0
4,98,3.3852129401099127,7,Slider,R,L,S,0.51690439729564,1
4,133,5.918530675105681,1,Cutter,R,L,R,0.503624542413384,1
5,28,5.372121949571088,7,Slider,R,S,L,0.22042771004794512,0
8,43,1.7062953435914476,2,Curveball,L,L,S,0.26924893055495536,1
4,122,2.712560688951571,6,Fastball,L,R,L,0.7702354546188113,1
5,79,4.104980502443663,1,Changeup,R,R,S,0.7766153406840341,1
4,105,5.102753439101815,4,Cutter,R,R,R,0.724795027370996,1
6,135,4.343159850852972,6,Sinker,L,R,S,0.459116271077489,1
3,103,3.7838996880517906,6,Curveball,L,R,R,0.5557648518056002,1
8,109,3.5452181876392013,3,Fastball,L,R,S,0.6944910161267381,1
6,108,3.9861159943601434,7,Changeup,L,L,S,0.6056867405745412,1
5,139,3.4748121587677625,7,Fastball,R,R,R,0.7370795846831593,1
2,25,4.3306406203657275,1,Curveball,R,L,R,0.3894445198275164,0
7,71,7.103882392373334,0,Sinker,L,S,R,0.5744901714295739,1
2,38,5.062634504436893,4,Sinker,R,R,L,0.5402232726266722,0
1,94,5.780966999908321,3,Fastball,R,S,R,0.7907569426477912,1
7,149,4.779865069846212,5,Slider,L,S,S,0.7268462915424347,1
5,74,5.144141459312018,3,Fastball,R,S,L,0.2991145756615945,1
1,34,4.626798627585441,4,Slider,L,R,L,0.23533570684507663,0
4,119,0.21493217756658556,5,Sinker,R,L,L,0.467841707554819,1
4,88,7.996787057600159,3,Curveball,L,S,L,0.5273095496380094,1
7,62,0.2688739217031735,7,Cutter,L,R,R,0.6739197015087145,0
9,36,3.1611840658692296,0,Slider,R,L,S,0.29583624807889347,1
2,117,0.8409254263914674,1,Sinker,L,S,S,0.7519565065448952,0
1,135,0.7754276035274597,4,Fastball,L,R,L,0.5429517448457661,1
2,93,6.348215613395869,1,Sinker,L,L,L,0.7056485639413492,0
7,135,3.4074062348646157,1,Fastball,L,L,R,0.7018861124547926,1
6,49,6.409109666390119,3,Fastball,R,R,S,0.7711186916445509,0
4,86,2.182291765446652,4,Sinker,L,S,R,0.5952412316177628,1
1,70,2.051702334449878,1,Curveball,R,R,L,0.6702950586565981,1
1,79,2.009851054515697,2,Changeup,R,S,L,0.6923163456605823,1
5,22,4.929165011263354,7,Fastball,R,R,L,0.48087037029659857,1
1,123,6.5199951187648,0,Fastball,L,L,S,0.45936792999344517,1
7,24,3.6180880806019244,5,Slider,R,L,S,0.7679692217024083,1
1,47,3.033991125128659,3,Cutter,L,L,L,0.240182987350201,1
1,127,7.788636433613195,4,Sinker,L,L,S,0.7717665181236366,1
2,120,0.9340322880931105,4,Fastball,L,L,L,0.5470898999203506,1
3,95,3.89306145635914,3,Curveball,R,R,S,0.3768088851836251,1
1,34,3.267902025451475,1,Changeup,L,R,S,0.5343216529563958,1
9,102,0.785012772695123,3,Changeup,R,R,L,0.5826748526895515,1
8,67,2.1456028967057534,6,Changeup,L,S,S,0.26647188180319314,0
5,146,0.22752970063289624,7,Curveball,L,S,L,0.6019547236059022,1
2,65,7.015634311863656,4,Changeup,R,L,R,0.74154734344938,1
5,47,4.862796231923209,2,Sinker,L,L,S,0.7827768954312262,0
6,26,6.520147982962006,6,Changeup,L,L,R,0.5598731927635955,0
1,113,4.1724356192239185,1,Slider,R,S,L,0.3962269112757282,0
4,101,4.796078635375155,7,Changeup,R,S,L,0.5380834891761117,1
9,107,5.606835822473319,5,Slider,R,R,S,0.20170855261471432,0
2,87,7.2640930197137195,3,Slider,R,S,S,0.7515434452360057,1
5,74,0.7340151026067661,4,Slider,R,L,S,0.6707833958948133,1
1,137,2.6475871578858152,5,Curveball,L,R,L,0.29986369712634003,0
4,127,5.672209525600004,4,Fastball,L,S,S,0.5656200995068494,1
4,70,7.666804504011142,4,Cutter,R,R,R,0.21236068790502113,1
6,57,7.846459427920044,2,Sinker,R,S,S,0.3296250835977672,1
9,112,5.104824073098099,1,Sinker,L,S,L,0.3020072175481797,0
3,39,1.5487878220389382,3,Changeup,R,S,R,0.29368993254434456,0
9,29,0.9536712913116538,1,Cutter,L,L,R,0.5312609493715417,0
6,45,7.568349154243403,4,Fastball,R,S,S,0.7786559111499682,0
7,67,3.47142151570006,2,Slider,L,L,L,0.27820226840076245,1
2,110,1.5585282661014785,5,Slider,L,R,L,0.7236894363767272,0
6,133,7.471140126220809,6,Slider,R,S,S,0.24935438548498762,1
6,33,0.836194172514495,2,Slider,R,L,L,0.24970513941136582,0
2,119,5.836568774856601,4,Changeup,L,L,S,0.5768464862213588,1
2,31,5.0021042203466735,1,Fastball,L,R,L,0.5447035204497955,0
2,135,0.7018773150471347,5,Fastball,R,R,R,0.4065369324522833,1
1,142,2.7099903651155373,1,Fastball,R,R,S,0.5200330931546076,1
5,42,1.1994455163200852,2,Cutter,L,S,L,0.6529497307577965,0
8,104,4.83598874026529,7,Sinker,L,S,L,0.6639768272893856,1
2,91,3.8169042534194304,5,Slider,L,R,S,0.20719093397065044,0
5,141,0.03420099728392767,0,Curveball,R,S,R,0.24684993669192495,0
8,114,7.8056845302712645,2,Sinker,R,L,L,0.20205831959395992,1
5,44,2.7966771991163233,7,Fastball,R,L,S,0.20938494449559394,0
2,36,2.0656351426964,5,Cutter,R,S,R,0.7037831864044977,1
3,48,1.7795436463528214,7,Changeup,R,S,L,0.25013172394528377,1
6,86,1.2705271693885427,2,Slider,L,L,L,0.6266037289084914,1
5,104,7.993096609732079,3,Cutter,L,L,L,0.7880196968241104,1
4,76,2.360875743052839,2,Sinker,R,S,S,0.6925456927733793,0
4,91,3.244107977794253,7,Curveball,L,S,S,0.23983747772228486,1
5,33,6.9708473294247115,7,Curveball,L,R,S,0.7363275615921248,1
2,58,5.135100028343025,6,Changeup,L,R,R,0.7749008414959915,1
9,37,2.94955529396218,7,Fastball,L,S,L,0.6238237759770838,0
2,94,7.186627487390824,0,Fastball,L,L,L,0.5697864635364103,0
2,121,5.997793617708801,5,Cutter,R,S,R,0.5610774180010525,0
9,39,1.8232040603335973,7,Sinker,L,L,R,0.6921513890366253,1
3,136,5.149911956799364,7,Cutter,R,S,S,0.532071204206817,1
7,136,7.379187986339212,7,Sinker,R,S,L,0.4002671418543695,1
4,23,3.9716870276033003,5,Fastball,L,L,R,0.7822608247256992,0
6,103,5.868899222653337,2,Fastball,L,L,R,0.2290748910744512,0
4,133,7.768829951913274,1,Cutter,L,S,R,0.5992089415632276,1
7,84,5.523313127161703,3,Slider,L,L,S,0.5513760338625102,1
1,63,0.8195095181286449,6,Sinker,R,L,S,0.5834898090643865,0
3,137,1.9564764074503147,3,Sinker,L,S,L,0.5853240494735679,1
3,119,4.7607714987411915,2,Curveball,R,R,S,0.2741174674460709,1
1,37,2.204446522975249,3,Curveball,R,R,L,0.2801068442249845,1
6,147,7.660333643113119,3,Changeup,L,L,S,0.24042333965534052,1
9,57,3.2428162721773903,2,Curveball,R,S,S,0.763029652617466,0
8,123,3.6578432458589205,0,Sinker,R,L,S,0.5659421862406788,1
7,32,5.612816747760938,5,Cutter,R,S,R,0.24626559178911248,0
8,74,4.193997850734993,2,Slider,L,R,S,0.46019445697461225,1
6,107,3.0571677351101467,1,Cutter,R,R,L,0.4155937595420551,0
9,104,0.6131030012366301,4,Fastball,L,R,S,0.28892217929253733,0
3,128,4.771564716062911,0,Sinker,R,L,R,0.6932108093528444,1
9,62,6.940640246352277,2,Fastball,R,R,R,0.6653636867188439,1
4,90,5.4860995340804495,0,Sinker,L,R,L,0.4784447047006347,0
7,31,3.0519600803756175,4,Curveball,R,L,L,0.513480663719013,0
9,78,1.0218085169850353,3,Slider,L,S,R,0.4618584756521871,1
2,63,6.530705495233951,3,Sinker,R,R,S,0.5306119826951032,1
2,35,7.533986897849638,4,Changeup,R,S,L,0.6395380454267399,0
9,33,3.106183926370118,3,Cutter,L,S,L,0.7255822058250978,1
3,134,5.829137513472492,0,Changeup,R,L,S,0.5553919445168807,0
9,131,3.2861075191260456,3,Changeup,L,S,S,0.27547834128382603,1
5,142,4.018135510817595,4,Changeup,R,S,S,0.6632332490430295,1
6,77,6.691811044931278,4,Changeup,L,L,R,0.42336732874468735,1
2,139,0.6673947376892286,5,Cutter,R,S,R,0.5779267173077909,1
8,54,4.242682790293641,4,Fastball,L,R,S,0.31915342747130826,1
9,29,1.7169621973697797,1,Cutter,L,L,L,0.29804555491002277,0
2,100,2.718447563966099,6,Fastball,L,L,L,0.23160447672925977,1
6,63,5.155430597138194,0,Fastball,R,L,R,0.38867338115881755,1
6,90,0.2178272986947869,4,Cutter,L,R,R,0.5582863037585729,0
8,37,4.750600791785302,5,Cutter,R,S,L,0.39126523767004284,0
5,102,2.2675379156299975,0,Cutter,L,S,R,0.34452768636969133,0
9,98,5.355874886464577,7,Sinker,L,S,R,0.7969193786563373,1
1,105,1.1326508153044337,5,Fastball,L,R,L,0.7993050242577149,1
9,61,5.886492830529429,1,Cutter,R,S,S,0.5629686384856611,0
7,143,5.1651177581038255,7,Slider,L,S,L,0.39415469281817894,1
4,49,7.769934663042809,0,Curveball,R,R,R,0.7169773174313196,1
3,39,7.289882906065184,2,Curveball,L,R,S,0.6420740212333531,1
6,145,2.2664229055976186,6,Slider,L,S,S,0.5695629655630674,0
1,115,0.21853258180349577,6,Curveball,L,R,L,0.7449526431709612,1
3,144,5.242948488894062,1,Fastball,R,R,S,0.4671874245788633,1
2,61,4.82309911203738,1,Cutter,L,R,S,0.35327378962857703,1
9,108,0.21943015013156852,3,Cutter,R,L,L,0.7802269934059007,1
3,106,0.9814202336207414,4,Sinker,L,L,S,0.7161466219581236,1
2,24,4.677613636287885,7,Cutter,R,S,S,0.7472390962146052,0
4,69,7.294618112347935,1,Slider,R,S,L,0.7509237415050061,1
2,60,7.252002212107255,6,Slider,L,R,L,0.42956775803675973,1
1,113,1.2118804368965987,0,Fastball,L,S,R,0.7164847861589563,0
6,76,3.0765915712419964,2,Slider,R,L,R,0.7335676508768394,0
8,70,0.34562291481739216,0,Sinker,R,S,L,0.528551776892709,1
2,125,3.7541747709034325,6,Cutter,R,S,R,0.5751546294129597,1
9,30,6.024667677385645,0,Sinker,L,L,L,0.5464977704775907,1
3,117,6.319781690924891,2,Fastball,R,L,R,0.20961647463839883,0
8,118,3.9919157327725836,7,Fastball,L,R,R,0.5213197130493612,0
8,115,0.7669573976657471,5,Cutter,L,R,S,0.2227020389381345,0
3,125,3.050911801452531,3,Changeup,R,R,R,0.4706442948796557,1
3,20,7.456815679794915,6,Cutter,R,S,S,0.22741164286512686,0
6,65,1.8369004521577175,4,Fastball,R,S,R,0.4732145506454904,0
1,107,2.558035599301812,7,Changeup,R,S,S,0.3828493672703168,1
4,41,5.974617403704567,6,Cutter,R,L,R,0.6643550788687421,0
1,22,5.868646311087505,1,Cutter,R,S,R,0.4874606616469917,1
3,149,7.297618304199459,4,Changeup,R,L,S,0.507256932510511,1
9,80,3.1049495257630033,3,Changeup,L,S,S,0.74221156251766,1
5,57,4.116789790994329,5,Curveball,R,S,L,0.4893791474637875,0
5,65,3.739139689763821,2,Sinker,R,L,L,0.293822985371498,0
4,60,7.422017368179625,4,Changeup,R,L,S,0.2675464577291851,1
3,129,6.154644710597078,6,Slider,L,L,R,0.3834932749198544,1
5,60,6.651534238670786,0,Changeup,L,R,L,0.35922620341357003,0
4,76,1.0647861506352871,1,Fastball,R,R,L,0.6910971674142689,0
8,142,6.334773542945279,1,Changeup,L,S,L,0.6553302813669455,1
4,105,3.4638301284599757,5,Cutter,R,S,L,0.2351742774736949,1
8,82,0.18670946264517685,3,Slider,R,S,L,0.32059966266761786,0
6,58,0.4807068219462769,3,Changeup,R,R,S,0.4692952896242781,1
5,46,5.423263517878756,7,Slider,L,S,L,0.25231898808856723,1
4,100,2.976099529167759,2,Sinker,L,L,S,0.2997306631563424,1
4,126,6.944924585787843,3,Curveball,L,L,S,0.7450671575933963,1
4,55,5.874185071006932,4,Slider,L,R,R,0.5247179364127743,1
9,104,0.1734400933356941,1,Cutter,L,L,L,0.6779873532182985,0
4,47,5.495106494688016,2,Curveball,L,L,L,0.39832922799703463,1
9,35,1.5388197818588498,6,Changeup,R,S,R,0.4248738360898716,1
6,54,3.3806605496312967,3,Sinker,L,L,L,0.7150114671854191,0
7,118,4.997881616983702,0,Sinker,R,L,L,0.5943085198066661,0
3,141,6.981742730365543,1,Sinker,L,R,S,0.6070288280829855,1
8,42,3.6487831071355137,2,Slider,R,L,S,0.5833644315912766,0
3,138,6.467923633529075,1,Curveball,R,L,R,0.524680467589167,1
1,82,6.263725302405063,4,Changeup,L,S,S,0.7946775711005396,0
5,89,3.3163081028100665,5,Sinker,R,S,L,0.7365253862258927,0
2,99,4.007841307463223,3,Sinker,L,S,L,0.6265419796919474,1
6,78,5.603880080398505,5,Sinker,R,R,R,0.6068944719127198,0
9,36,0.2491874771755178,6,Sinker,R,S,L,0.2505588828941797,1
1,58,7.126491310393968,3,Changeup,L,L,R,0.49111030124233945,1
4,96,6.1585292755015475,3,Slider,R,R,L,0.4976041469358679,1
1,111,1.9953270512186432,7,Sinker,R,L,R,0.23116353509686763,0
1,43,7.849439625511804,7,Sinker,R,L,L,0.6533608591920845,1
8,107,1.4351228207169502,6,Slider,L,S,L,0.20117982957748046,1
2,63,7.312693389635214,0,Curveball,R,R,L,0.4551253796035559,1
1,55,2.595787666584889,4,Slider,R,R,L,0.7419507023448433,1
8,118,6.105173681313087,7,Changeup,L,S,L,0.40421527514637223,1
4,89,3.651012745983561,0,Cutter,R,R,R,0.549588196122432,0
3,141,5.891739099600017,6,Curveball,R,L,R,0.38477279212596993,1
4,143,1.24626438351493,4,Cutter,L,R,S,0.30738893158183644,0
5,99,2.1560516670918624,4,Sinker,R,L,R,0.6380113376534198,1
1,64,0.798862595776205,6,Cutter,R,R,L,0.3227421210082926,0
1,50,6.921151851502425,4,Changeup,L,R,R,0.24331660716039333,0
3,104,2.3703439021559944,3,Cutter,L,S,L,0.4610780556225156,1
6,64,5.555809835333307,7,Fastball,L,S,L,0.6253259050854194,0
1,134,6.561769581932225,6,Curveball,R,R,S,0.5480041567287799,1
2,86,7.211345891034767,3,Changeup,R,L,R,0.3466428850522003,1
7,95,0.8503769224937425,7,Slider,R,S,R,0.6906524830093939,1
1,59,7.1441194681009,7,Changeup,R,S,L,0.25825531857244055,0
7,60,1.5780222218457558,3,Slider,R,S,R,0.6021902817767747,1
4,139,5.895216092727693,7,Changeup,R,R,R,0.5640067873815879,1
6,100,5.83079215491689,0,Fastball,R,L,R,0.739353224417943,1
8,57,0.06802513392763387,2,Curveball,R,L,L,0.5161559879419659,0
9,119,1.764991266482034,5,Sinker,R,R,R,0.6913905164146547,1
6,76,3.9352681173189383,6,Sinker,R,L,L,0.3291773358250367,1
9,85,3.360277653306257,6,Cutter,L,S,L,0.5271891659412402,1
4,49,7.348587839076877,6,Changeup,R,L,R,0.5195775295363237,1
6,29,2.8779269560201852,4,Curveball,L,S,S,0.37719915567251217,1
8,80,7.495869718687699,6,Curveball,R,S,L,0.20305191192398533,1
9,55,3.6754345471402488,6,Curveball,L,R,R,0.6465497171741716,0
3,73,7.714823173121326,0,Curveball,L,S,S,0.43800408863015095,0
2,116,5.898838480198889,3,Curveball,L,L,L,0.38005595219213206,0
6,23,6.634676733057248,5,Cutter,R,L,S,0.3164544949175124,0
4,73,0.839015106792008,3,Sinker,R,L,R,0.7110305833578188,0
1,130,4.689131465938942,2,Cutter,L,L,S,0.40032551045931464,1
8,110,1.1416028786348065,3,Changeup,R,L,S,0.3223712101583882,1
9,108,2.3809680164077927,4,Sinker,L,S,L,0.514073710919204,0
9,83,4.988523249338145,1,Sinker,R,R,L,0.669109906903198,1
2,138,5.8098056375511264,7,Slider,L,R,R,0.561478434629896,1
9,111,0.31347025609000667,6,Changeup,L,L,L,0.7761158994150605,1
7,100,4.247549848578918,5,Curveball,L,S,S,0.7740614328797217,1
5,78,4.522511890319091,6,Slider,L,R,S,0.7414234086978417,1
7,63,0.6306239768816093,3,Sinker,L,L,R,0.5390926136535007,0
9,95,4.005504273606109,7,Changeup,R,S,L,0.6609624679208208,1
8,120,5.710738240398612,2,Slider,R,R,L,0.37310143553644703,1
6,144,0.42581827900424774,5,Sinker,L,S,R,0.545216563584044,0
4,35,6.082142210591696,1,Cutter,R,L,L,0.23989649086200837,1
1,74,4.611412039233095,5,Curveball,R,S,S,0.3580592424614856,1
6,114,6.665817666174327,7,Slider,L,R,R,0.39520482424512127,1
3,98,1.7445005828325595,7,Fastball,R,R,L,0.41674498867758963,0
6,96,6.666189473704947,6,Curveball,R,S,S,0.2966098293371316,1
6,59,0.7564878021397439,6,Cutter,L,R,R,0.2499584320449789,1
4,40,3.230637571557371,4,Cutter,R,S,S,0.547022431527824,0
2,85,1.5958783321971879,4,Changeup,L,S,S,0.49479363184760095,0
9,29,7.008166658326993,4,Sinker,L,L,L,0.5507194866646974,1
2,62,5.63935853041419,2,Fastball,R,L,S,0.2775831808699834,1
3,124,0.20289421728582546,1,Slider,L,S,L,0.7686148726046624,1
1,82,0.07618684491164895,4,Changeup,R,R,S,0.4480123644717763,0
7,101,2.3299940358533577,6,Cutter,L,L,L,0.469683663134406,1
1,70,1.1462649142445231,3,Slider,L,R,L,0.5281797120564106,0
9,75,5.0424358204815665,1,Cutter,L,S,R,0.6140758964652662,1
1,53,5.310375471060478,4,Cutter,L,R,L,0.4309150591879076,1
5,78,7.53560722929094,7,Fastball,R,R,S,0.2858900567733487,1
7,149,7.616319396366727,1,Curveball,R,S,R,0.6698725628900615,1
3,149,5.271173643290765,5,Slider,R,L,R,0.3563345040969995,0
9,137,0.04540090282166975,3,Fastball,R,L,S,0.4657198424311713,1
8,147,2.8719833325569146,0,Sinker,R,R,S,0.5793972581275519,1
3,36,4.10513210597813,4,Cutter,R,S,R,0.7792197314873219,0
5,101,3.9934380520677273,7,Cutter,L,S,R,0.22015100001191645,1
7,33,4.826725036017813,3,Fastball,R,L,L,0.5113207628884234,0
4,100,7.6844118624380835,7,Sinker,R,S,R,0.761674489088209,1
5,142,7.081541535641231,2,Slider,R,S,S,0.35308805197269616,0
3,35,0.8712642676039062,5,Cutter,R,R,R,0.2673795002198351,0
9,51,2.127843131147146,4,Sinker,R,R,S,0.5581036805629691,0
9,42,6.66487533935709,0,Slider,R,L,S,0.2913157680397094,0
7,121,6.594455270553656,7,Fastball,R,L,L,0.7273229391976233,1
2,117,2.2029657929733677,5,Cutter,R,R,L,0.6339032147781527,1
7,123,5.844704245488956,3,Changeup,L,S,L,0.2726142769926193,1
7,145,5.376299029742858,5,Changeup,R,S,S,0.546468747705932,1
5,87,3.788191719759692,3,Cutter,L,R,S,0.2162690294431321,0
9,83,1.6116396214322348,7,Curveball,R,R,S,0.7071019490004178,0
3,90,7.10914544715269,1,Cutter,R,R,L,0.32326265058077197,1
4,37,5.422809474454678,4,Cutter,R,R,R,0.6390898891840096,1
1,132,1.3519433990269976,0,Cutter,R,S,R,0.2637933453811796,0
6,144,5.638418758726886,2,Fastball,R,S,L,0.48345463895719504,1
4,146,5.931469756615839,1,Cutter,R,L,L,0.7575386644585442,0
1,80,7.095042280968325,4,Cutter,R,R,S,0.24468675348148067,1
2,94,1.7827140419354794,0,Fastball,R,L,S,0.3772228472442919,1
3,126,7.910032843307253,1,Cutter,L,S,S,0.6695755620673034,1
9,100,1.2271473802153698,0,Changeup,L,L,R,0.4780180947317544,0
8,125,4.805511134876665,5,Changeup,L,S,R,0.5901813021706378,0
7,47,5.257412042187828,0,Sinker,R,S,L,0.6872048822066155,1
4,27,3.3516231621268844,7,Cutter,R,L,L,0.6704303787544834,1
1,110,3.8003016701630923,1,Fastball,R,L,S,0.43722414562247114,1
8,140,7.127280773777099,1,Cutter,L,R,R,0.45837407900371696,1
4,85,5.162193837323695,4,Cutter,L,S,R,0.5426716370040627,0
3,114,3.97600766587749,1,Sinker,R,R,L,0.27365570166213654,1
9,83,1.0267964994681975,6,Slider,L,R,R,0.7217137811738332,0
4,84,0.05870100178507709,6,Sinker,L,S,S,0.25609096938105325,0
4,144,0.9997489452146677,5,Curveball,R,L,R,0.31088876301734636,0
9,33,7.649476539812043,6,Fastball,L,R,S,0.7668801487761121,1
2,44,6.112694263930646,4,Curveball,L,R,S,0.3691032999549316,1
5,119,7.736930620081982,0,Slider,R,S,S,0.34652918919221654,0
4,124,0.2856696776653749,1,Curveball,L,L,S,0.45520842375341497,1
9,84,5.441763230869114,4,Cutter,R,L,R,0.6345714960972375,1
5,38,0.35434821122734395,4,Changeup,R,R,R,0.4197336856843983,0
9,125,6.2564517509505855,2,Fastball,L,S,S,0.7248348467877457,0
9,73,3.047601381881554,4,Fastball,R,R,L,0.289616471098248,1
2,123,0.7661228808519587,4,Cutter,L,L,L,0.27076581960448065,1
9,34,4.544373134300122,2,Sinker,L,R,S,0.2464401160628214,1
3,67,2.2409615728111048,3,Curveball,R,S,S,0.37901509138617123,0
4,53,5.276591534974548,5,Fastball,L,R,L,0.31973410508075223,0
1,118,5.265398076110323,1,Sinker,R,L,R,0.4767981327860516,1
1,38,5.640059792966023,7,Slider,L,S,R,0.7974200433363419,0
1,89,7.939720630222072,2,Slider,R,S,L,0.7211246698765026,0
9,134,3.093581679579243,6,Curveball,R,S,S,0.7369786164803942,0
8,115,3.7225237958808073,4,Slider,R,S,S,0.6984433038478093,0
5,94,6.436893608202727,4,Changeup,R,S,R,0.36302607639285644,0
5,55,4.626960184175083,1,Cutter,R,R,R,0.33579465743054204,0
9,82,0.2980576855023971,5,Fastball,R,S,S,0.6392664135412813,0
3,112,6.744628162078852,6,Sinker,R,L,R,0.5593796180716022,1
3,24,0.41198945550432775,0,Cutter,R,S,L,0.3236741146888501,1
7,44,1.3665610919342743,2,Curveball,L,L,L,0.7804030414522425,1
9,117,0.8166397357934976,3,Cutter,L,L,R,0.4545269882803743,1
6,31,0.6234170630489615,1,Fastball,L,L,S,0.6886550323366385,1
2,103,0.20547900243768158,1,Sinker,L,L,L,0.24428386869833157,1
1,48,0.4402217117789391,2,Fastball,L,L,R,0.22109976761856887,0
2,128,3.53951351343048,4,Curveball,L,R,R,0.4734833085512689,1
1,46,2.022818159860911,4,Fastball,L,L,S,0.2716347971010088,0
9,74,1.01229506735055,7,Slider,L,L,R,0.7875583598094142,1
8,71,5.269644341812208,7,Sinker,R,L,L,0.6872125130796787,1
7,32,1.808895285074068,3,Sinker,L,R,R,0.4724445968598357,0
3,61,0.15159324275847563,2,Cutter,L,S,S,0.7877092142667785,0
8,98,3.3473582701386215,1,Changeup,L,L,R,0.34296429879964413,1
2,37,2.4834639358264408,6,Changeup,L,R,L,0.60738513630583,1
2,69,2.548835450771942,2,Changeup,R,R,L,0.210517664581146,0
3,21,3.562160225452492,0,Curveball,R,R,R,0.4233590258001849,1
7,106,5.351311417874221,7,Changeup,L,S,S,0.2475952610354759,1
1,126,4.931832960303952,1,Sinker,L,R,L,0.4204242504783038,0
8,66,7.498092878311004,3,Sinker,R,L,S,0.42835899924327636,1
7,108,4.1417333304201716,3,Cutter,R,L,S,0.4251024589926476,0
4,31,3.7805592778005774,7,Fastball,R,L,L,0.44865899887638344,0
5,32,1.7073154817351757,1,Slider,L,S,R,0.5701120049621344,1
1,78,6.0430503107852545,4,Changeup,R,R,S,0.3136557969736175,0
4,62,1.1262062097142778,1,Changeup,R,L,R,0.34063792059571424,0
1,93,3.9290631185638727,1,Changeup,R,L,S,0.5872587014792063,1
1,42,3.3705775870995556,0,Slider,R,L,L,0.47974234376462405,0
1,98,5.266407027235226,1,Cutter,R,S,S,0.2971516983755621,1
7,42,7.340971759653271,5,Changeup,R,L,R,0.6723463592644676,1
7,120,7.57276473198578,6,Fastball,L,R,R,0.7585287291548515,0
4,128,1.3423941373052672,5,Curveball,L,R,S,0.47920116308216026,0
2,130,2.0945377461374255,2,Slider,R,S,S,0.5684180026417252,1
3,36,6.493082559717653,2,Cutter,R,S,S,0.6892067055575984,0
8,105,4.146238099593543,6,Sinker,R,S,L,0.7782512325791504,0
8,58,3.624276546845855,3,Fastball,L,R,R,0.7814892084604788,1
6,60,5.685003619045647,4,Slider,L,S,S,0.7537025129777841,1
9,67,4.815399620855774,3,Sinker,L,S,R,0.6896067126676897,1
9,96,7.765712435370677,0,Slider,L,R,R,0.4554669979075895,1
4,20,4.671797218306136,1,Curveball,R,L,R,0.6017855064499067,0
1,136,3.727790610778026,6,Curveball,L,S,R,0.6580525461889819,1
1,38,4.342538896625405,3,Sinker,R,L,S,0.2551411808823212,0
5,78,6.468318533575786,1,Sinker,R,L,R,0.26981875660328136,1
2,126,4.901400454281767,3,Cutter,R,L,R,0.6232397005149635,0
6,47,5.176384731093742,1,Changeup,R,L,L,0.6001484166514085,0
7,53,7.771511040292736,3,Sinker,R,S,S,0.6823146265056286,0
1,58,4.947163875403659,5,Curveball,R,S,R,0.31074727624476844,0
6,145,3.0422819866763184,5,Cutter,R,S,R,0.7620079728496005,1
8,102,5.530608216102372,7,Slider,R,R,S,0.3430135716843558,1
5,125,5.275675175818491,5,Changeup,L,R,S,0.2810597958072423,0
7,129,0.11078108405105525,6,Fastball,R,L,R,0.3946011562376365,1
6,140,3.738634374286665,2,Slider,L,R,L,0.6851384049949685,1
4,126,5.9432288230591945,6,Cutter,R,L,L,0.21694334830508574,1
7,42,3.9923316617690316,6,Fastball,R,L,S,0.3360985323693649,1
9,90,6.236969087483115,0,Slider,R,S,S,0.773360526817862,0
7,126,3.607069571420915,3,Curveball,R,S,L,0.21020584948558713,0
5,65,7.866572781097886,2,Cutter,R,R,L,0.3669546316003175,0
7,89,2.3431327136311095,6,Fastball,L,S,L,0.3954633017735112,1
3,50,0.7369808651685883,6,Sinker,R,R,L,0.7543468680527947,0
2,112,3.4400944092327785,4,Curveball,L,S,L,0.7107251298685093,0
5,137,4.333672198991352,3,Sinker,R,S,S,0.47605321638567605,1
4,100,2.792749853459692,1,Sinker,L,R,S,0.3905341183718899,1
5,79,1.9382492809436718,0,Fastball,L,L,S,0.7666566627234739,1
8,95,5.376469531083912,2,Changeup,L,R,S,0.312980342487874,0
4,82,3.0170007988500167,2,Changeup,R,S,R,0.4860925067957827,0
9,119,5.050948232805095,0,Cutter,L,L,L,0.45106299172682296,1
7,67,6.232571588790207,7,Fastball,L,S,L,0.7611229141178428,1
7,93,6.08802102208019,3,Changeup,R,S,S,0.6534862981184377,1
8,77,3.0024744850855303,1,Slider,R,S,L,0.47802594223695405,1
6,49,4.543185831601398,4,Slider,R,L,R,0.5642317377443834,0
8,29,3.597265795541939,3,Changeup,L,S,R,0.7445130207255133,0
3,58,6.966442021677282,0,Sinker,R,R,R,0.6987371360018304,0
1,74,7.030067838399994,7,Sinker,R,R,S,0.5692720913970137,1
6,47,2.7499326631042944,3,Changeup,L,R,L,0.749191090561925,1
1,137,0.7338995830298458,6,Cutter,R,L,R,0.4281721790720617,1
9,133,1.3406598665921559,3,Sinker,R,R,R,0.639908270615773,1
2,94,2.93601393704707,7,Cutter,R,S,L,0.20966906913342512,1
2,84,4.513999638103925,0,Slider,R,L,L,0.5497842653651952,1
7,100,5.254296087715434,7,Curveball,L,S,R,0.28218734424493463,0
2,119,2.650968370288002,7,Fastball,R,S,R,0.5145804657245132,1
8,119,5.339992956991886,0,Curveball,L,S,L,0.3479067882405421,0
6,65,7.501919869390048,7,Cutter,R,R,S,0.4284098252533037,0
7,79,5.216113017351604,4,Sinker,L,R,L,0.6752987571974036,1
7,116,1.26852183555481,0,Curveball,L,L,S,0.23516288693233206,1
6,22,4.637351303821021,0,Cutter,R,L,R,0.522440867102602,1
9,133,4.335164134135862,0,Curveball,R,R,S,0.2869241519584878,1
9,135,6.965600887187366,6,Slider,R,R,S,0.5439446439699973,1
7,77,2.8024244417037947,6,Cutter,L,S,R,0.5801559054043247,0
9,89,3.3835648804534397,6,Slider,L,R,R,0.30925156256039954,1
3,112,4.789272443891949,2,Curveball,R,S,S,0.20358002456625024,0
3,124,4.195402493936204,0,Changeup,L,R,L,0.2512719875004583,1
1,68,5.752132739241394,0,Changeup,R,S,L,0.6137677271919104,0
5,102,0.3231119272999665,0,Fastball,R,R,R,0.4280592960135121,0
4,36,4.5081281536556785,4,Changeup,R,R,R,0.4237369982098963,0
2,73,0.9733751440310021,6,Fastball,R,L,L,0.615134266733351,0
9,131,2.5216719401577707,3,Curveball,L,L,L,0.4982794388923834,0
3,68,5.293014892259123,6,Fastball,R,S,R,0.5822511256641681,0
8,104,1.2593136047374216,0,Fastball,L,L,L,0.7515973193333505,1
6,31,2.470734684037031,0,Fastball,R,L,S,0.5041184767649989,1
5,145,5.624051862682496,7,Slider,R,R,R,0.5828210941887577,1
1,117,5.206441940214671,4,Fastball,L,S,S,0.5838280251918004,1
4,67,0.7283173536779044,3,Sinker,L,L,S,0.5208191025833813,1
3,47,4.618147947938591,4,Cutter,R,L,S,0.5986600585296307,0
1,99,1.1780356953491156,7,Curveball,R,R,S,0.7006071894295922,0
5,29,2.0181710297159414,5,Slider,L,R,L,0.6846986848584624,1
6,71,3.6736902290862297,1,Cutter,L,R,R,0.23436173643953706,0
2,109,0.874774586385513,1,Curveball,L,S,L,0.7710723916281643,0
3,81,7.949175743348534,1,Slider,R,R,S,0.7083204657440705,0
6,126,1.322956488432009,0,Curveball,R,S,S,0.7823614735936957,1
4,60,6.250501027428835,4,Changeup,R,R,S,0.3164476310092546,1
9,118,6.6387107601858,0,Curveball,R,L,S,0.5218449868771868,0
5,74,7.955711759168011,1,Changeup,L,S,R,0.4639361414836671,0
4,47,3.429225742818147,3,Changeup,L,R,R,0.4261744771128178,0
2,120,6.992756161114721,3,Sinker,L,R,R,0.4439095502645839,1
6,66,7.660315512134808,5,Curveball,L,L,S,0.7421724052114427,1
2,149,1.3831531591573372,4,Changeup,L,L,S,0.6190675523847917,1
7,136,3.835488712476261,5,Sinker,L,L,R,0.39484993533490786,1
3,127,0.4800865508487018,6,Slider,R,R,R,0.42732699151878245,1
9,88,4.965792096193613,3,Changeup,R,L,R,0.48111275195148334,0
5,47,4.651249254852531,1,Fastball,L,L,L,0.4201580007994906,1
8,98,1.6330102773055772,5,Slider,L,S,S,0.32604392614959177,1
6,33,6.383222071153009,5,Sinker,R,S,R,0.4612082112807937,0
8,65,0.298149782108319,5,Slider,L,S,R,0.2477158023985198,0
3,35,6.449818593020456,4,Slider,R,R,S,0.7126522198418872,0
3,100,0.21316232931093904,7,Fastball,R,S,L,0.6949219479350363,1
5,77,5.254630497090802,6,Fastball,L,R,S,0.7351525207951903,1
3,67,0.6301561113192102,4,Fastball,L,L,R,0.4675463271349973,1
8,68,2.0098041544985836,1,Fastball,R,R,R,0.5907375531960872,0
8,108,5.7753067944946865,1,Sinker,R,R,L,0.6859961202018872,1
2,149,2.2432383970030942,1,Fastball,L,L,L,0.38891423890691634,1
4,33,4.089390789741878,5,Sinker,R,S,S,0.5800307879118292,1
1,122,7.321986156160915,7,Sinker,L,S,R,0.4629393371793857,0
4,140,0.39707483229262674,1,Cutter,R,S,L,0.42422639333587364,0
4,142,6.488638349885388,6,Cutter,L,L,R,0.7156840998571783,0
9,89,0.5221759885479162,4,Fastball,R,R,L,0.5744468225509596,0
3,122,1.0143587546934132,3,Sinker,L,L,L,0.5740373108094535,1
2,121,0.9545528311136868,1,Slider,L,L,R,0.29411826933116647,0
9,83,7.952818265685809,2,Changeup,L,L,R,0.4081509226735781,1
9,37,1.4414905546522672,4,Changeup,L,L,S,0.7047549548757759,0
1,82,7.174094770050146,0,Cutter,L,R,S,0.32809528257516685,0
6,68,7.927457303572433,3,Fastball,R,S,S,0.7822781782113297,1
8,75,3.0702781632983838,4,Curveball,R,S,R,0.6991257302153018,0
3,110,5.048388348229484,1,Changeup,L,L,L,0.36056873635477504,1
9,77,6.2327300301089,5,Sinker,R,R,S,0.2649313813559234,1
2,74,3.141160654689666,6,Sinker,R,L,R,0.3017334134585891,0
6,104,1.2945131239824583,2,Changeup,L,R,S,0.34532121619004186,1
1,38,3.4701019503404895,0,Slider,R,L,S,0.34264836121383024,0
7,122,6.175101160023557,3,Changeup,R,S,S,0.20976758713275573,1
3,131,6.2461021019872245,1,Cutter,R,S,L,0.629180971447757,1
7,127,1.8443103373673067,4,Fastball,L,L,R,0.7862400531165945,0
4,66,1.3997251191259723,7,Fastball,R,S,L,0.37186053976704103,0
9,126,7.3644856168027975,4,Sinker,R,L,S,0.20976727601015033,0
5,103,0.35199224446648447,3,Changeup,L,R,S,0.7509860644406889,1
3,147,5.877907806120695,2,Curveball,R,R,L,0.32371989831279074,0
8,77,0.37137108357403203,5,Cutter,L,R,S,0.20429247133702083,1
6,116,6.703200406887903,6,Sinker,R,R,S,0.33447347767457136,1
2,66,7.243318506688816,1,Changeup,L,L,L,0.262409549327539,1
3,122,2.379352993832792,3,Cutter,L,S,R,0.6356281041434753,1
8,103,0.5914851481335806,3,Curveball,L,R,S,0.20098494699760705,0
7,68,3.8454762907794287,4,Sinker,R,S,S,0.46481090589713303,0
6,131,2.3877042939638145,7,Cutter,L,L,R,0.49517126625983643,1
1,79,3.3370891424830322,3,Sinker,R,S,L,0.6705216289367001,1
9,85,5.319883627909442,0,Cutter,R,S,L,0.5134186330931003,1
3,106,1.6786082875897357,0,Cutter,R,S,S,0.2748425214965764,1
5,145,2.855612556112691,1,Sinker,R,L,S,0.4558881247742108,0
7,45,6.260499922341389,3,Fastball,L,L,L,0.7607545494563277,1
7,90,5.150095599622573,4,Curveball,L,L,S,0.3420825853474672,0
3,93,2.6102039292099093,5,Sinker,L,S,L,0.37968099706619707,0
4,66,5.314412802079429,1,Fastball,R,R,L,0.7239552883355083,1
7,95,6.122503383135733,2,Slider,L,R,L,0.6715788641641213,1
8,115,4.7398846476223,4,Changeup,R,S,S,0.3773100348973423,0
2,50,1.915974660008068,2,Sinker,R,R,L,0.6250237739341372,0
9,41,0.0019623240959445454,1,Fastball,L,R,R,0.2510693451300776,1
7,36,6.422792855906251,7,Sinker,L,S,R,0.5257964133955544,1
8,117,6.5810684425293156,0,Sinker,R,L,L,0.7225855589425798,1
6,68,5.580836011154896,4,Sinker,R,R,R,0.7055103983467839,1
6,106,0.6126474509409103,5,Cutter,L,L,L,0.3217072047504196,1
9,57,4.681778300064369,4,Slider,L,R,S,0.5198992674520684,0
4,72,6.568165370172858,1,Curveball,L,S,S,0.4390766040961492,0
5,47,3.1173465608653252,4,Curveball,R,S,S,0.5365133646420961,0
9,96,1.5840058737620328,4,Sinker,R,L,L,0.2450437092864322,0
1,37,4.701018377931765,7,Fastball,L,L,L,0.7888133862823248,0
4,69,6.610453018407023,1,Sinker,R,L,R,0.5381086633218211,1
7,108,0.3909596696565245,6,Cutter,R,L,R,0.27157379138651483,1
9,64,4.775609737285886,3,Cutter,L,S,S,0.5853610531669755,0
6,146,5.1453903627147355,1,Sinker,L,S,L,0.20462809385050013,1
8,112,4.818936314786237,4,Curveball,R,S,R,0.20388024333117885,1
9,40,5.200269473896388,5,Cutter,R,L,S,0.30748794116818,1
4,95,5.051002460833236,5,Changeup,L,S,L,0.36255729452239543,1
1,110,1.0432310798427924,7,Fastball,L,S,R,0.35789626919190853,1
8,115,1.8794942155913228,1,Fastball,L,R,R,0.465902999231418,1
2,115,4.951952042312081,4,Cutter,L,R,R,0.5079168092785535,1
1,94,0.1415452890941662,2,Curveball,L,R,R,0.4532910608141313,0
7,129,5.0779561497859556,2,Sinker,R,L,S,0.4243332248805925,1
9,101,5.323092990280256,0,Changeup,L,L,S,0.6020839246084128,1
9,147,1.9133980788932679,6,Changeup,L,S,R,0.3490022163889094,1
3,122,4.785062638025117,7,Sinker,R,S,L,0.576683915419617,1
6,54,4.272720485790116,1,Changeup,L,L,L,0.7740005239510754,1
7,131,2.0855323852249104,1,Slider,R,R,L,0.4830639166196407,0
9,106,3.703792094998037,2,Cutter,L,S,S,0.5067185720240157,1
2,138,7.276996235297452,2,Changeup,R,R,L,0.6369672316973729,1
8,117,3.412822243679063,2,Cutter,R,S,L,0.5044374742808803,0
7,100,5.038753415036013,7,Curveball,L,R,L,0.2863445035345683,0
4,101,0.2828065683255536,5,Curveball,L,S,L,0.5664220060528549,1
2,45,0.6224009065767904,5,Sinker,R,R,S,0.5052640785306786,1
8,22,0.6504645864265477,0,Curveball,R,R,L,0.7708859310864027,1
5,78,6.225926109011564,0,Slider,L,L,R,0.2558020649591882,0
6,135,2.8020551584276214,3,Curveball,R,S,S,0.5218810046233011,1
7,149,1.8208935069265069,5,Cutter,R,R,L,0.5701585592966822,1
1,55,5.9785965476137815,1,Fastball,R,L,R,0.5719365472407927,0
8,105,1.3596805004493957,0,Fastball,L,S,S,0.2358204334278572,0
4,117,1.971940200562245,4,Cutter,R,L,R,0.39669843146461503,0
9,143,3.447451546160167,1,Fastball,L,R,L,0.3575257914083532,1
1,92,2.651504552116906,3,Changeup,R,S,L,0.6079921771880022,0
2,129,4.683137688293154,2,Fastball,R,R,L,0.6412473078629157,1
6,141,2.702724952598781,3,Slider,L,R,R,0.32556163688612794,1
1,149,3.1436130868711354,1,Curveball,L,L,S,0.6956482378770623,1
4,46,6.9030928659958875,2,Fastball,L,R,R,0.4910203148743307,0
8,87,7.076251517024019,3,Fastball,R,S,R,0.3577764967636755,0
5,33,6.62168952650726,3,Sinker,R,L,R,0.3798518232250476,0
9,117,6.918647461637061,1,Slider,L,R,L,0.3581223586571562,0
6,42,4.557829354712936,0,Sinker,R,R,R,0.5626650752387382,1
1,134,5.169865718011072,7,Slider,L,R,R,0.5162395089232132,1
6,131,4.457385332439524,7,Fastball,R,L,R,0.7632379765806896,1
6,115,6.28470467242336,4,Changeup,L,S,S,0.3642134079868306,1
6,97,4.408003886091554,3,Fastball,L,L,R,0.3915064089196204,0
8,80,0.8886157164062443,7,Changeup,R,R,R,0.20388640372146608,1
6,104,6.476640963654879,4,Sinker,L,L,L,0.37900321320320784,1
5,90,6.084681365420291,5,Curveball,L,R,R,0.35052801890187935,0
2,104,6.562404762261003,5,Cutter,L,L,R,0.44119744391916116,0
4,69,1.5234357071180948,1,Curveball,L,R,L,0.49738434322432895,1
5,34,2.1729364217197364,6,Fastball,L,L,R,0.6021507174846945,1
4,53,2.36601357810824,1,Fastball,R,R,R,0.31513310856624394,0
2,54,4.064644289485389,6,Changeup,L,R,S,0.5338513077510274,0
7,58,1.0710166733076782,6,Slider,R,L,S,0.637185719141132,0
2,49,3.0830540261989388,6,Sinker,L,L,R,0.34470926629846366,1
1,122,1.4572652886322368,0,Sinker,R,R,S,0.4107269585827896,0
5,93,2.1181017042618917,6,Sinker,L,S,R,0.32307117061842466,1
1,74,5.651101076467419,2,Changeup,R,R,S,0.2666192383782434,1
1,79,6.838489250538249,4,Slider,L,R,R,0.6537224386651546,0
1,43,0.18324693277747084,7,Slider,L,S,S,0.34403815934516324,1
6,41,4.527175706840003,3,Slider,R,R,R,0.42054121374212333,1
9,51,0.28847809649813705,2,Slider,R,L,L,0.3486121090053065,1
1,114,0.6819939600924023,5,Fastball,R,L,L,0.22629480072840305,1
5,102,5.6406722769128725,7,Cutter,L,S,R,0.6373941916148229,1
9,22,5.884864852016933,5,Sinker,R,R,S,0.585997965133054,1
9,89,6.51184538538239,4,Cutter,L,L,L,0.4856756553536249,1
1,149,3.7939320941624395,7,Curveball,R,R,S,0.6046015468288453,1
8,107,6.878459856129505,4,Curveball,L,S,S,0.7078999378913631,1
1,128,1.3347063331329947,6,Curveball,L,L,L,0.571077494826573,0
8,78,1.997731309080021,7,Changeup,R,S,L,0.7440711351181102,1
1,96,1.0760171808157706,2,Curveball,L,R,S,0.3208971164458243,0
5,33,6.380298084655013,2,Sinker,L,R,R,0.7300145719314406,0
8,70,1.8294009470929513,0,Curveball,R,R,L,0.5249208933522617,0
6,97,1.2440899420663651,3,Curveball,R,S,R,0.7049754443283449,0
9,99,4.98488550070445,3,Fastball,R,L,R,0.6462857245386687,0
1,29,0.6166562108853952,3,Curveball,R,S,L,0.23458391681059274,0
9,99,0.3592022177613803,6,Cutter,R,L,R,0.7026774577857178,1
1,143,0.8537411884196713,7,Fastball,L,R,R,0.4023730884738712,0
3,53,0.0019270718973407597,5,Slider,L,R,R,0.45388114951937236,1
1,140,5.57592123377434,5,Changeup,L,S,R,0.20664472174936385,0
3,99,4.497882573715829,2,Fastball,L,L,S,0.6552329165429638,0
2,72,1.679000872301791,0,Fastball,R,R,R,0.4801743863160194,1
2,37,1.8640395838207668,1,Cutter,R,R,R,0.7637709864716025,0
9,121,6.487748787760317,0,Sinker,L,S,R,0.36859876788931767,1
8,117,4.014560926882403,7,Sinker,L,S,R,0.4976430671922608,1
1,64,5.588226856653917,5,Curveball,L,L,S,0.4466809022022019,1
4,54,3.6220436101993245,6,Slider,L,R,S,0.6752660070492826,0
1,133,1.9017442081663383,2,Cutter,L,L,S,0.5213861235566767,0
1,40,7.763222405463255,0,Cutter,R,L,L,0.475926758905609,0
4,115,4.52518050700318,2,Fastball,L,L,L,0.7680918523446034,0
2,63,1.0478552301432993,4,Slider,L,S,S,0.4267659898919769,0
3,99,3.248720337471254,4,Cutter,L,L,L,0.4940114038936765,1
9,75,2.6346992955752055,1,Sinker,L,L,S,0.5324845029079965,0
2,74,1.7126997487081708,5,Changeup,R,L,R,0.23231890915074133,0
4,62,7.467519913922076,6,Changeup,R,S,S,0.5159072990951359,1
1,69,7.04735996367802,4,Cutter,L,S,S,0.4014799925786031,0
2,25,1.5931769321609313,1,Fastball,L,R,L,0.5901480862773488,0
5,81,2.817183112444134,3,Changeup,R,S,S,0.5861748521843186,0
1,74,6.098523133366573,2,Fastball,R,S,R,0.626779145938937,0
7,135,1.6680483851217254,6,Curveball,R,L,S,0.4394901657420843,1
4,50,4.732518900833956,3,Curveball,L,R,S,0.2628725702176688,1
6,93,5.598351536998533,3,Fastball,L,S,S,0.46349191897543124,0
8,53,5.231778605686131,7,Cutter,L,R,S,0.5313119096186874,0
6,29,5.651269122204004,1,Curveball,L,L,L,0.21491015072448713,0
2,71,5.653596712230104,7,Sinker,L,S,L,0.5284177998706525,0
1,97,7.718447358791427,2,Curveball,L,L,L,0.439565796363516,0
8,22,2.771991116162557,1,Sinker,L,L,S,0.4870744448931191,1
8,23,7.0287233950067165,0,Changeup,L,R,R,0.3820017461022989,1
9,67,0.17445650012085423,3,Cutter,L,S,L,0.4952837173948584,1
6,93,2.3056237065862657,2,Fastball,L,R,R,0.7291044023823023,0
1,98,0.3892462559930525,3,Curveball,L,L,L,0.6727094290780872,0
9,23,5.209631679646722,0,Cutter,R,S,R,0.5696265070419435,0
3,23,0.8063229658529565,5,Curveball,R,L,S,0.575946263614842,0
6,139,6.76565490921637,0,Changeup,L,R,S,0.7372342251175998,1
9,138,5.172733470322078,5,Cutter,L,R,L,0.48781770637218186,0
3,36,0.23052320842884555,2,Slider,L,L,R,0.5236080080356804,0
5,115,5.718218923476984,2,Changeup,R,R,S,0.7161071383316922,1
5,89,6.8962795780556885,6,Fastball,L,R,S,0.6528303555852413,1
7,116,5.288968061297195,0,Cutter,L,L,S,0.4598366943489858,1
4,27,0.24419372748025747,7,Sinker,L,S,L,0.3831573901422159,1
4,133,6.863356387683252,3,Curveball,R,S,R,0.5106912142307688,1
7,24,5.85971130347228,4,Sinker,L,S,L,0.27236670991137985,0
9,66,3.027610499871874,3,Cutter,R,L,R,0.6082629436092107,1
4,59,2.629042066524021,4,Fastball,L,L,L,0.4786686737951718,1
4,141,3.8385614512595208,7,Sinker,R,R,S,0.5569927457609651,1
6,113,6.936814007502967,1,Sinker,R,S,R,0.7077193010090495,0
6,47,2.01647481495646,2,Sinker,L,R,L,0.4137923110342336,1
7,96,0.807710489929609,7,Cutter,L,L,S,0.49830077012581436,1
1,68,6.917090983688399,0,Curveball,R,S,S,0.5334143310346879,1
3,105,0.21031879104578355,1,Sinker,L,L,R,0.36810491225020114,1
9,73,7.287976177952516,7,Changeup,R,R,L,0.36490143469425695,1
6,37,2.4459615544112054,3,Changeup,R,R,S,0.5157334916225937,1
6,46,4.065781613506141,4,Curveball,L,L,R,0.35429788887713554,1
5,91,1.0583641980178244,5,Slider,R,L,R,0.7167213999487951,0
3,141,7.218039755013482,2,Slider,R,S,S,0.796925097918328,1
5,124,5.998689787075238,4,Changeup,R,L,L,0.3265113076907399,1
1,88,7.393244692864274,3,Sinker,L,R,R,0.5451550334334854,0
3,90,5.4658324089453,6,Fastball,L,R,S,0.2872268263891439,1
4,136,1.477550213938609,3,Cutter,R,L,S,0.31134278455780084,0
5,51,2.4661360238899945,0,Curveball,L,L,S,0.6595813900726168,0
9,128,3.8947886008277868,1,Fastball,L,S,L,0.31980806438581294,0
4,116,4.858065642881655,2,Sinker,L,R,L,0.6494007059552407,0
3,20,7.411675498690189,0,Cutter,R,R,R,0.442417231679939,0
1,127,3.0716117263131117,4,Changeup,L,R,R,0.4876756126117096,1
6,133,5.624576175257167,6,Curveball,L,L,S,0.35564701940995147,0
7,60,7.688070791286575,1,Fastball,L,R,R,0.5293887691814138,1
8,27,1.218992507323624,7,Cutter,R,L,S,0.3989329506017719,0
1,49,6.901676710236385,2,Changeup,L,S,R,0.3047396865171038,0
4,65,3.365648563145589,4,Changeup,L,L,L,0.2834438338252986,1
5,124,5.859374207434694,2,Cutter,R,S,L,0.7997941771709849,1
2,115,2.3483067098966695,2,Slider,L,S,S,0.40737978676781567,0
1,80,2.6718737461280124,5,Slider,L,L,R,0.6829548395332881,1
8,108,0.21706579894452904,5,Cutter,L,S,R,0.40483106161428717,1
6,145,7.771233225335677,7,Cutter,R,L,R,0.5737755576397815,1
5,80,6.507620601846275,6,Cutter,L,R,S,0.7046974839402624,0
9,139,0.7513436634097639,1,Changeup,R,L,R,0.6176204387586794,1
2,140,7.996070365310196,5,Sinker,L,S,L,0.24144572095216993,1
8,67,4.8401967776235315,4,Sinker,R,S,R,0.3156655712948656,1
9,78,6.829829103715064,5,Curveball,L,R,L,0.7241501084139257,1
1,30,0.5332861062229517,6,Changeup,R,L,R,0.482733907138922,1
7,44,3.1156094279353894,6,Changeup,R,R,S,0.5590817798976706,1
8,65,5.357208978428879,0,Slider,L,S,S,0.2146716960372218,1
3,73,0.8514697495976122,0,Cutter,R,L,R,0.4923899892771338,1
4,53,3.911222709232005,0,Changeup,L,S,R,0.4585138766573242,0
3,103,3.5414229963531323,6,Changeup,R,L,L,0.6117176136242592,0
7,81,1.7283217957886379,2,Cutter,L,R,S,0.36466844532566955,1
9,76,2.402158686814418,3,Sinker,R,R,R,0.6463345427105007,1
3,112,7.736946835959859,1,Curveball,L,S,S,0.6025375160329741,1
6,135,2.309187888079488,0,Slider,R,R,S,0.5058270171951322,1
8,95,1.7074090717472883,1,Fastball,R,R,R,0.4253905506176753,0
6,95,4.2896733685466675,5,Sinker,L,S,R,0.3811949321586492,0
2,56,5.367664272562383,7,Changeup,L,S,R,0.5210597170465499,0
7,49,5.800744888556519,2,Curveball,R,S,R,0.5460943510583669,1
2,61,6.0339774759753295,1,Fastball,R,L,L,0.46887923934949066,0
2,80,0.29465993211802477,0,Sinker,R,S,R,0.39234468082046914,0
2,67,3.1500832030365062,0,Sinker,R,L,L,0.7279402348930553,0
1,103,6.191664638264721,6,Cutter,L,S,R,0.38612775708277147,1
1,112,7.238816814401035,2,Fastball,L,L,S,0.603299539701111,1
7,87,4.817600986662266,2,Cutter,R,S,R,0.742895282918598,1
5,65,0.41845482807748535,4,Sinker,L,L,L,0.588109827648496,1
3,132,3.1731664468410496,2,Sinker,L,R,R,0.4195538660030151,0
1,47,0.5938169269476372,3,Sinker,R,S,R,0.37832473276839473,0
6,96,5.988302901476676,3,Curveball,R,S,S,0.7120410471813365,0
1,140,0.5080437542533218,0,Sinker,R,L,S,0.4939738345462324,1
9,22,1.485848533881418,7,Fastball,L,R,L,0.5560207769677342,0
2,56,3.335667391718194,5,Slider,L,R,R,0.5577798835668877,1
1,111,3.701186936918976,2,Curveball,R,L,R,0.5202810387270906,1
7,102,3.2518536025200984,3,Fastball,R,S,S,0.7587957954328293,1
6,36,3.707173172848,6,Changeup,R,R,L,0.7586205055500954,1
6,140,5.705913216161599,3,Fastball,L,S,R,0.22425289397815146,1
5,106,2.9541505836443323,6,Fastball,R,L,L,0.5033996303211445,1
4,59,4.382003673204953,4,Slider,L,S,L,0.5393406057160992,0
4,92,2.426954060229858,5,Curveball,L,R,L,0.7553350798364022,1
3,48,2.829019960723861,6,Changeup,L,L,S,0.24179459632267586,1
8,61,4.9103916723366465,5,Sinker,R,R,S,0.6734447120661486,1
7,48,3.92395721309616,2,Curveball,L,S,R,0.5854512141824467,1
9,85,5.784290358874249,4,Curveball,L,S,L,0.6394995301753138,1
1,143,4.484308704413998,5,Changeup,L,L,L,0.3750232201986452,1
7,139,6.428592683070983,7,Changeup,R,R,L,0.6479676406531154,1
4,128,3.5472657039577324,5,Slider,R,R,R,0.36960337214533967,1
7,111,3.928268958934412,6,Cutter,L,R,R,0.6054005437611593,1
1,131,5.3597707912075165,1,Slider,L,L,L,0.6722134790604013,1
5,71,1.769951555296391,4,Sinker,L,S,L,0.6699839925276145,0
3,79,3.087436295450087,5,Changeup,L,S,L,0.5266236728401616,0
5,113,4.9987299520936626,1,Fastball,L,S,R,0.4481403374257149,0
4,117,0.2310101541258911,1,Fastball,R,R,L,0.3461324192607121,1
2,33,3.495771469071533,7,Curveball,L,L,L,0.2200971687469102,1
4,70,4.790799490448935,5,Curveball,R,R,S,0.22933703944367223,1
3,43,7.7390042558255825,6,Cutter,R,L,L,0.4511093849758709,1
1,126,7.016132492941369,2,Cutter,L,R,S,0.2569619591291358,1
8,92,2.245935623541265,1,Cutter,L,L,L,0.26717806556143264,1
5,103,4.057680832231398,1,Cutter,L,R,S,0.31682079825970333,0
4,80,0.45131498128073044,7,Fastball,R,R,S,0.48878447013541704,0
5,125,1.926035318542457,4,Changeup,L,L,R,0.555050375804586,1
4,113,6.198846944544721,2,Sinker,R,S,L,0.616559879922951,1
3,82,0.9865120982027564,7,Sinker,L,S,L,0.49173200471053896,0
5,114,2.061524198671653,6,Cutter,L,L,L,0.5988419687028901,1
4,54,7.552340013886464,2,Slider,R,L,S,0.7172649035837202,0
1,86,6.590846403939664,1,Sinker,L,S,R,0.4244978140809456,1
3,75,6.254621701191296,6,Cutter,R,R,S,0.6129433618077009,0
8,59,6.916459922417254,4,Fastball,L,S,S,0.5951034829141766,1
7,148,5.9968454926588315,4,Curveball,R,L,S,0.5818973952522744,1
2,43,0.9646897289458796,4,Slider,R,R,L,0.5500975756476169,1
1,121,4.132490611881851,7,Cutter,L,L,S,0.6356946899432625,0
3,134,3.553951366418576,4,Fastball,L,S,S,0.6911259827630873,0
5,94,2.4892126261630407,0,Curveball,L,R,R,0.43527768728129523,0
1,30,6.672323277756844,6,Cutter,R,S,L,0.5928579180534908,1
3,55,3.7131136189938694,7,Fastball,L,S,R,0.34910654445394657,1
3,82,0.4823808108603975,5,Fastball,L,S,L,0.6536037419605931,1
5,99,2.199724669762146,7,Changeup,L,R,R,0.7282359905748903,1
3,107,1.8289684642355608,7,Fastball,R,S,L,0.6568835615938238,1
9,49,7.0998310784902685,1,Cutter,R,R,L,0.49465444247470175,1
1,122,5.179504805111999,1,Fastball,R,S,S,0.2800625407850336,1
4,131,4.483010127056601,1,Slider,L,S,R,0.7238618505878656,1
4,103,4.0531939334296405,2,Fastball,R,L,L,0.6887729735619725,0
1,124,5.200904220331724,6,Fastball,R,S,S,0.6188022862831968,1
2,40,6.039004374216998,2,Sinker,L,R,R,0.7108909250788864,0
1,56,4.435077646652079,4,Slider,L,L,L,0.5198160789534982,1
6,46,7.506283321220884,5,Cutter,L,R,L,0.7944694212399523,1
3,121,7.814673365203077,6,Curveball,L,S,L,0.7022436358132009,1
7,57,7.962738532870584,2,Changeup,R,L,S,0.2981577653917187,1
5,79,5.355128880709158,3,Sinker,R,L,R,0.44129227985650166,0
9,89,7.460963734047027,6,Curveball,R,L,L,0.30208101596593906,1
7,51,3.2358375624636375,1,Cutter,R,R,L,0.3345564360748067,1
4,99,6.876739129979082,1,Cutter,L,L,R,0.5005834818906627,1
5,121,7.273394389917447,0,Sinker,R,L,R,0.4168395870761848,1
5,121,7.2331237786582046,0,Slider,L,R,R,0.7458442871373738,1
5,49,6.646770263267053,3,Curveball,L,R,R,0.20006968387052673,0
9,41,3.2527932931300034,0,Fastball,R,R,L,0.20621320383001987,0
3,38,1.2712598558458748,5,Slider,L,S,S,0.7522201065466743,1
6,50,2.671650850755567,4,Slider,L,R,R,0.34341094516782866,1
8,39,6.138308554384744,4,Changeup,L,R,S,0.20148298802171577,1
9,149,1.863084090639802,6,Slider,L,L,S,0.46256974414842944,1
7,59,3.826176518607779,1,Curveball,L,S,S,0.31738912626838667,1
3,110,4.523196143877376,7,Cutter,R,L,R,0.23199793925627335,1
1,91,4.830868499503002,4,Sinker,L,R,S,0.5182819274198864,0
4,128,7.485804387030389,0,Changeup,R,R,S,0.28410679731167193,1
6,46,5.2919441633145405,3,Sinker,L,L,L,0.7021271238104285,1
3,98,6.290390528618418,7,Sinker,L,S,R,0.3812974797884505,1
1,97,4.655026783133067,5,Fastball,R,S,R,0.33299438803125414,0
6,36,6.668642550895706,7,Curveball,R,L,R,0.6438541332318055,0
1,103,2.1093089045581026,4,Fastball,L,R,R,0.7091890086186583,1
9,107,1.6790213733503139,1,Slider,R,S,R,0.2558603492702712,0
1,93,7.4105603900637576,1,Curveball,R,S,L,0.29094313382448417,1
6,146,5.547847010859027,7,Sinker,R,L,S,0.4847300751395468,1
1,121,5.372204616465769,5,Changeup,L,S,L,0.5541324834587884,1
7,115,3.7383619090275992,0,Sinker,R,R,S,0.24995845090838026,1
3,70,3.013578074348084,4,Changeup,R,L,R,0.42500682026970166,0
6,120,4.44552955582911,0,Fastball,R,S,L,0.7385611179252771,1
7,90,0.9645307953733369,1,Cutter,L,R,R,0.725648815523533,1
1,90,3.637700488664862,3,Sinker,R,R,R,0.3867348573974767,0
1,29,3.6429416357238473,4,Changeup,R,L,S,0.3364580328123147,0
5,116,4.306692103554122,6,Fastball,L,L,S,0.5496598640593471,0
6,25,5.077484914937618,3,Cutter,R,R,S,0.2576745664846173,1
9,96,7.658546927882897,5,Curveball,L,R,L,0.34002237501464483,1
1,96,5.217353016734055,4,Changeup,L,S,S,0.30005412002437354,0
4,21,7.069801215627292,1,Changeup,L,S,R,0.32464535389664456,0
8,70,4.45043089175331,4,Sinker,R,S,S,0.3288885011480699,0
9,140,5.015423061019918,1,Sinker,R,S,S,0.5764904898172367,1
3,147,0.5586956248765569,2,Fastball,L,S,S,0.49286756089675154,0
2,21,1.0661097830753246,1,Changeup,R,L,S,0.7173757153737486,0
4,70,4.637363481580317,1,Fastball,R,S,R,0.6413699764627825,1
2,89,3.165702959664234,5,Changeup,L,S,S,0.4993122970996041,1
1,39,6.390484158924014,4,Fastball,R,S,R,0.384452252892448,1
3,42,4.345422998993408,3,Changeup,R,R,L,0.6991774116963928,1
7,73,7.058328311610703,1,Curveball,R,S,L,0.24772199340628073,0
1,76,7.77865342769833,7,Sinker,R,L,R,0.6085999403927524,0
2,134,1.18108148097188,4,Curveball,L,R,L,0.2678019680312009,1
1,142,3.1586220132450125,1,Fastball,R,R,S,0.51967784837984,0
8,55,5.319848201904247,0,Curveball,L,S,S,0.7409686373261037,1
5,90,2.4439100432027976,7,Fastball,L,R,S,0.34284042443158064,1
8,88,2.136258701771961,0,Sinker,L,S,L,0.24711811804434286,0
3,77,6.509908485030693,0,Fastball,R,S,R,0.4036993721223272,0
7,82,7.843027752469943,7,Sinker,L,S,L,0.48695441488236907,1
8,35,6.190426649979851,0,Slider,R,L,L,0.63488523505228,0
6,97,4.189412982432908,3,Curveball,L,R,R,0.2178399015775651,0
7,141,3.5400898555625178,7,Slider,R,R,R,0.27852972366199424,0
2,21,4.317181764242919,5,Sinker,L,R,L,0.44644044521978044,0
8,133,3.7027176175018868,1,Sinker,L,R,L,0.2570127438698808,1
5,133,4.0231044542853445,0,Slider,L,R,R,0.7735343389624603,1
7,143,1.6276244042338215,4,Sinker,L,S,R,0.5065932818922592,1
1,105,7.229935594474621,0,Changeup,L,S,L,0.42616011420958033,1
5,148,6.036280012186145,2,Fastball,L,S,S,0.7878363888435456,0
1,40,5.44781938154576,2,Cutter,L,L,S,0.5876568855033006,1
8,20,7.599399767795785,5,Slider,L,L,S,0.509493735060754,0
4,77,2.275154655302704,3,Changeup,L,L,R,0.34468071963227465,0
4,20,0.6492752871489138,6,Curveball,R,L,S,0.3518471816124378,0
2,26,6.609109282842653,2,Cutter,R,R,S,0.41736040076959086,1
5,70,7.987335709194039,7,Sinker,R,L,R,0.6504355266432029,1
1,22,4.627459504161595,4,Fastball,L,R,R,0.6896029571447911,0
9,50,0.4704751033014549,0,Changeup,R,R,R,0.315244752877228,0
5,119,6.24374432123953,2,Cutter,L,R,S,0.690446954853492,0
6,81,0.5899923907667324,2,Fastball,R,S,S,0.3985629406178812,0
2,127,4.32011189007425,3,Fastball,R,S,S,0.32017724529321834,1
1,74,2.2202597936842166,7,Cutter,L,R,S,0.31686954395224254,0
4,63,7.320214244739163,2,Changeup,R,L,R,0.4780582839683499,0
7,100,3.61064970607588,7,Sinker,L,R,S,0.6602783143990667,1
6,49,7.187706787828427,0,Cutter,R,S,R,0.5424292970764764,1
1,85,2.3926486820365405,5,Slider,R,L,L,0.4787881889477778,1
1,33,3.09890067057081,6,Fastball,R,S,L,0.21080982185799488,0
8,120,7.576953505976644,5,Curveball,L,L,L,0.5381367865594212,0
4,125,1.6105156074530829,7,Sinker,R,S,S,0.6048235999914519,1
5,122,4.628009213209161,5,Cutter,L,R,R,0.2588427453840053,1
7,81,3.108082628480891,6,Cutter,R,S,L,0.7737062650279742,0
8,94,6.193335080549819,7,Fastball,R,L,R,0.2549248570441926,0
7,98,1.0343709693708592,1,Fastball,L,S,S,0.6144059759955505,1
2,126,3.497719752037348,0,Cutter,L,L,S,0.5147329041862074,0
4,115,5.591461014762105,2,Curveball,R,S,L,0.7305134840436671,1
1,59,3.2561298800492784,2,Fastball,R,S,L,0.4484563157307513,0
9,126,0.46825391420301354,6,Fastball,L,R,L,0.505125893944258,1
3,36,5.640898090682751,2,Slider,L,L,S,0.5317541909411789,0
3,34,4.025586621479865,3,Changeup,R,L,S,0.7249081751965833,1
9,35,0.09046949344080435,4,Slider,L,R,L,0.6797884334799085,0
3,32,4.901247161826984,0,Curveball,R,S,S,0.3680658270769879,0
8,55,7.359048180230292,5,Changeup,L,L,S,0.7731534979974486,1
2,62,0.8882075856935119,2,Cutter,L,L,L,0.6518421798949869,1
3,133,4.725369880073352,6,Curveball,R,L,S,0.20722669023109241,1
2,93,5.829351054101043,1,Curveball,R,R,S,0.31024737344271386,1
1,100,0.5661893611224436,3,Slider,R,R,R,0.7134836935841486,1
2,113,0.18092366531349047,4,Changeup,R,L,R,0.5875180069113084,1
8,49,3.713566933159578,2,Curveball,L,S,R,0.35487740193219397,0
9,49,6.3294934978749104,5,Changeup,L,S,S,0.3028532880102693,1
2,29,1.2857552807946266,0,Sinker,L,R,S,0.2880511567133708,0
7,118,6.693098177719383,1,Cutter,L,S,R,0.3908632682713711,1
5,113,5.252618043388769,5,Changeup,L,R,R,0.7391180222962774,1
3,58,2.657386302307885,3,Slider,R,L,R,0.4112278004913366,0
9,56,4.126606387939596,0,Slider,R,L,L,0.5964203387563304,1
6,108,7.724599837813908,6,Curveball,L,L,R,0.26693939074457773,1
1,33,1.7314957650587104,0,Changeup,L,R,R,0.5188397408038856,0
5,58,3.9962831819523217,3,Slider,R,S,R,0.40572465605274444,1
7,149,4.995892448860966,6,Fastball,L,L,L,0.2963126178151243,0
4,62,1.10411684380533,0,Slider,R,S,L,0.6786672434084261,1
8,27,0.3481767089864771,7,Cutter,L,S,S,0.6893237239928784,1
5,115,0.10767962345177029,6,Fastball,L,R,R,0.3837626618601153,1
9,84,2.59754285280013,6,Changeup,L,R,R,0.5922595977177922,0
9,98,0.5915783558789229,1,Sinker,R,S,S,0.4364433535727315,0
9,87,6.430159620328917,1,Curveball,R,S,R,0.2266857026858185,0
1,111,7.978556217293968,7,Fastball,L,L,S,0.456666517886732,1
2,29,0.4904305738757122,6,Slider,L,L,R,0.5455164354672248,1
3,94,3.4618102074675168,0,Curveball,R,L,R,0.37942204760431775,1
4,80,0.20585698386059814,2,Sinker,R,S,R,0.7693374287125874,1
9,66,1.0719271260581058,7,Sinker,L,R,S,0.5348259310045644,1
6,22,2.5833804872853925,0,Curveball,R,S,S,0.42288184326523304,0
1,122,3.149585704461199,2,Curveball,L,L,S,0.6410120509445965,0
9,36,7.518263571429121,0,Curveball,L,L,S,0.40455214609781465,1
6,41,3.166694470055167,5,Changeup,L,R,S,0.21482369511280705,1
4,135,3.9702212724592174,4,Changeup,R,S,L,0.20495644666651103,1
4,110,1.9646669461909312,1,Changeup,R,L,S,0.3811817735949284,0
3,123,0.0010011100526039485,0,Slider,L,R,R,0.2935904291254175,1
7,22,7.194675653865081,1,Changeup,L,L,L,0.4114779489099853,1
3,71,0.6537180562904386,3,Curveball,L,R,L,0.6617963944204369,0
2,130,7.713990728289833,4,Fastball,L,S,L,0.3854303332239932,1
8,61,1.046752832802082,2,Fastball,R,R,L,0.5357884135144382,0
4,149,4.839027846003522,7,Sinker,L,S,S,0.7517873930590582,0
8,58,7.995284702853096,3,Fastball,R,S,R,0.6189757158616633,0
1,65,1.107716768557407,4,Fastball,L,L,S,0.5370548881345736,0
5,67,3.391544679518594,3,Fastball,L,S,S,0.7202334403547892,1
9,46,6.243389351771812,1,Sinker,R,L,L,0.39838636135111777,0
1,34,0.2575211987997461,5,Cutter,R,L,S,0.31870684833137525,0
4,26,5.518262009120356,4,Fastball,R,S,L,0.648301698232832,0
6,128,0.6429867031263958,3,Fastball,R,R,S,0.23527631612046424,0
8,61,1.892161138185811,2,Fastball,R,S,L,0.45450944273612187,1
3,28,1.2806092999468834,4,Sinker,R,S,L,0.37224589944343023,0
5,124,7.25869145317549,4,Slider,L,R,L,0.7827950015697125,1
7,95,1.4436537342534468,3,Cutter,R,L,L,0.4262573783314465,0
1,49,0.3234727641212576,5,Fastball,L,L,S,0.5980574763222841,0
7,103,4.701005427582097,7,Sinker,R,S,S,0.3610907584792826,1
8,145,2.769447403277616,6,Sinker,R,R,R,0.7899035364875819,1
8,103,3.2456497651309313,6,Changeup,R,R,R,0.3082350220292922,1
9,73,0.9525019589003758,6,Slider,L,R,L,0.7440216713627461,1
6,129,5.985875931465556,6,Sinker,L,R,R,0.4672229729038742,1
6,46,4.812429197148144,0,Sinker,R,S,R,0.4563653265430117,0
2,103,2.91373635798624,2,Cutter,R,S,L,0.6207783387823781,0
3,26,1.3725995501050878,2,Changeup,L,L,L,0.255990504866996,0
4,123,4.747613913364483,6,Changeup,R,R,L,0.5280153611373299,1
4,91,6.228778236059019,3,Slider,L,S,R,0.33198239413386743,1
8,21,2.499178270937559,5,Sinker,R,S,L,0.2942730131770096,0
1,69,0.20688306830877679,1,Changeup,L,R,R,0.726484711440124,0
4,37,1.714751878023872,1,Curveball,L,R,L,0.7983720718333753,0
4,35,5.459182551142634,6,Slider,R,L,L,0.7827181145198256,0
1,71,7.9127710196553815,7,Slider,R,R,S,0.6926967920309735,1
3,103,0.1070099152702122,0,Curveball,L,L,S,0.751982380528118,0
5,115,2.449228497056806,7,Slider,R,L,L,0.7545275256008279,1
6,61,0.4961669635907109,0,Changeup,R,R,S,0.30581687582359357,0
9,132,2.5307943021042574,3,Changeup,R,R,S,0.25141908034348454,1
9,143,3.24731474501937,5,Changeup,R,S,S,0.2760713571931116,1
9,34,7.36689673557004,1,Curveball,L,R,S,0.2975626312262112,1
1,109,0.6444863952398299,2,Changeup,L,R,R,0.6934681915339751,0
9,61,6.21707242452616,5,Curveball,L,L,S,0.7647649148127786,1
8,64,3.164275168503707,1,Curveball,L,R,L,0.41110328824993386,1
2,113,6.490102797335422,5,Curveball,L,S,S,0.22061819620370934,1
1,126,4.1072174826049705,3,Slider,R,S,L,0.3844881182828952,1
1,41,0.31425631074728066,1,Cutter,L,R,R,0.6236831287246436,0
6,147,7.56964707771871,4,Sinker,L,R,L,0.7657429070276289,1
9,57,0.6618725074761747,6,Curveball,R,L,L,0.46981639903254124,1
7,116,4.781468020270049,3,Changeup,L,R,S,0.4016403683809562,1
5,120,7.021342103468126,4,Curveball,R,L,L,0.5919340244331682,0
2,26,0.6381583820015511,7,Sinker,L,R,L,0.3266760374454958,0
1,63,4.431147107328103,5,Fastball,R,L,R,0.6594884031306754,1
2,95,6.594319004195618,3,Slider,L,S,R,0.4484200859468732,1
1,26,7.890597669166366,7,Changeup,L,R,S,0.7863628369930313,1
3,79,5.79461920651217,2,Slider,L,R,R,0.7604712763763504,0
6,20,2.226675003706349,3,Slider,R,L,R,0.5992212660124545,1
8,81,5.596562638763276,3,Fastball,R,L,L,0.5887888320112414,0
3,106,5.646134154461115,6,Curveball,L,R,S,0.273890216582425,1
9,108,5.599728096836939,3,Changeup,L,L,S,0.3685671842171436,1
5,37,6.834083496744846,3,Cutter,R,R,L,0.7171576049976045,1
7,127,0.6990405001559274,0,Slider,R,S,R,0.4177903732491176,1
8,134,0.867358763323467,4,Sinker,L,L,R,0.45447561700215333,1
3,73,5.124936993804464,3,Cutter,R,R,R,0.703893842545309,0
2,86,7.631048768785503,3,Cutter,R,S,S,0.45615548061825895,1
2,112,3.7267091113539674,5,Curveball,R,R,L,0.7100070016912976,1
5,78,7.684501613005401,0,Cutter,R,R,L,0.24165741176227115,1
1,88,7.504682076129232,1,Changeup,R,S,R,0.614645153048573,1
2,117,7.223277905874556,7,Curveball,R,L,S,0.23780558110128702,1
9,27,7.278807798912682,5,Sinker,R,S,L,0.6740074880397784,1
7,74,7.186550346623888,5,Cutter,R,R,R,0.5313308157793959,0
6,148,6.559115068313457,6,Curveball,L,S,R,0.5335235133096343,1
9,75,5.559831668842643,6,Changeup,R,R,L,0.4260129988937446,1
7,123,0.19526542874086594,7,Slider,R,S,L,0.7420017857376819,0
5,133,1.0580287372484198,0,Fastball,R,L,L,0.5054569698840623,0
9,107,1.073856436251737,7,Curveball,R,S,S,0.3562622845366623,0
6,127,0.188322274236719,0,Sinker,L,S,R,0.6944779222405757,1
6,42,0.9336141473890933,6,Fastball,L,L,L,0.7688800483389298,1
4,120,7.35797146853685,0,Slider,L,R,S,0.3453746873222755,1
1,75,5.310434295286288,5,Sinker,R,S,S,0.5631586665431405,1
5,127,2.4965841463633796,5,Changeup,L,R,L,0.5531430736327136,1
9,114,6.34688009789344,6,Sinker,L,S,L,0.5657720877160697,1
8,25,3.9069558956388075,3,Slider,L,L,L,0.5385402521876055,0
8,49,1.1370162953270126,0,Fastball,R,S,L,0.26010639933197366,1
5,148,7.076016649811941,7,Changeup,R,R,S,0.44749195887226434,1
9,70,2.70929556989178,0,Sinker,L,R,L,0.7914294038859369,0
3,125,5.5908738442391535,6,Cutter,L,L,R,0.2529222297054635,0
3,108,2.324753283996859,5,Cutter,R,R,R,0.6017809087945076,1
1,146,4.0005700053904,5,Curveball,R,L,L,0.736579581549484,1
9,65,6.530021692243324,0,Cutter,L,L,L,0.32039462994399903,1
6,140,1.2542187713949415,3,Sinker,R,R,S,0.6814517540493443,1
2,118,7.818011161914227,2,Fastball,L,R,R,0.3450648163772865,0
8,88,0.5617273828858096,2,Cutter,R,L,R,0.21822735032158558,1
9,82,4.272071277924033,7,Curveball,L,R,S,0.5126793055771444,1
9,69,7.328204154815584,1,Changeup,L,L,L,0.6265242198321987,1
2,31,7.565551079060203,3,Cutter,L,S,S,0.31816455925255716,1
2,88,1.856871703038208,5,Curveball,L,R,S,0.2422578552079895,1
7,92,1.151879849718469,0,Cutter,L,R,R,0.5320749043119493,0
4,63,5.795224002543128,6,Cutter,L,L,S,0.2886328512293129,1
1,71,0.33578854620989684,0,Sinker,R,S,R,0.3105891297919498,0
8,28,3.881911752242514,7,Fastball,R,S,R,0.6220736180348325,1
2,137,6.3708418143454555,7,Curveball,L,R,S,0.567264199902721,1
3,29,4.482037796134671,0,Curveball,R,L,S,0.768183792256564,1
5,65,1.50410612619204,7,Slider,R,L,L,0.39404948297704234,0
3,122,3.8963543957597055,7,Slider,R,R,R,0.3286342697062311,1
7,56,7.370197731591143,7,Curveball,L,S,S,0.5934438941487018,0
7,71,4.937703824354214,2,Sinker,L,L,R,0.7831985047680954,1
2,118,5.771925020552159,6,Fastball,R,L,S,0.5320873716032022,0
7,100,2.6901110373001194,5,Cutter,R,R,S,0.37628988669097857,1
6,32,1.5078702013409417,6,Changeup,L,R,L,0.7462818482654983,0
9,120,2.045137839196829,0,Sinker,L,S,L,0.5662375041104747,1
9,147,4.2654207500823595,0,Cutter,R,S,L,0.3276370830361459,1
2,67,2.24176122888563,2,Changeup,R,L,S,0.7697693170378568,0
7,30,4.335718299408809,0,Fastball,R,R,L,0.3638062359236328,1
5,100,5.662335419009415,7,Slider,R,R,R,0.7390902447555412,1
6,24,5.8751670093624115,6,Curveball,R,R,R,0.5687518216058571,0
1,25,1.3174795172887475,1,Fastball,R,S,S,0.5015884271209288,0
7,136,6.003446790670905,5,Changeup,R,S,L,0.3995403009927688,1
6,61,5.3815051167388726,6,Sinker,R,L,S,0.27131114551504293,0
4,100,0.09604106694965342,4,Curveball,R,R,S,0.3468875047718902,1
1,22,0.47097740071800676,6,Changeup,L,S,R,0.39860513150341037,1
9,79,5.169996014883043,6,Cutter,L,R,L,0.3732423048903023,1
4,112,3.069631196509677,1,Cutter,L,S,R,0.24399620282931184,0
2,68,1.168831996605327,7,Sinker,R,R,L,0.5478688820250417,1
8,53,0.35517247335706603,3,Cutter,R,L,L,0.4851077645179769,1
2,56,1.2751867253794469,6,Curveball,L,S,S,0.26387772345155774,1
5,61,7.660111714572933,1,Slider,R,S,L,0.47831237455120257,0
6,20,5.820525132567758,1,Slider,R,L,L,0.24737873213695158,0
8,122,4.221643367474351,6,Changeup,L,L,S,0.7589175990718542,1
1,129,7.532324000436734,6,Slider,L,R,R,0.3554472489055115,1
1,53,4.952883501452831,2,Slider,L,S,R,0.634894608781926,0
4,20,5.805161506245338,3,Changeup,R,R,R,0.35074957018225716,1
5,72,2.2612145480469765,6,Changeup,L,R,L,0.4847077661579757,1
9,41,4.7118547487135665,5,Changeup,L,R,L,0.75995975180731,0
7,35,1.147817954382722,6,Curveball,R,S,S,0.7230122807649793,0
7,138,3.235865161582203,5,Changeup,L,L,S,0.6673284214640215,1
8,105,0.2659225998928809,1,Curveball,R,R,S,0.6741147204017977,1
5,61,1.7330247006614439,4,Curveball,R,S,R,0.6940772444098758,1
5,90,0.5989490353813975,1,Curveball,R,R,L,0.6455815286408901,0
1,136,3.102230556057851,0,Changeup,R,L,S,0.7381133906510837,1
9,39,6.744281317107921,2,Slider,R,L,L,0.4101411617501044,1
6,127,3.0234728507604247,0,Sinker,L,S,S,0.5156765954962255,1
9,149,6.653117007957147,7,Sinker,L,S,S,0.5878485502140454,1
3,26,5.251986500631099,3,Slider,R,L,R,0.3186775346269757,1
5,28,4.076235573046622,3,Changeup,R,S,R,0.5019579069876025,0
2,46,1.8951335460906442,2,Slider,L,L,L,0.2744476078482387,0
5,149,7.377248742753219,1,Changeup,L,R,L,0.5669844076926639,1
8,104,0.4336064707362661,3,Curveball,R,L,S,0.25857277267987844,1
2,79,5.511304141590522,4,Cutter,L,R,R,0.5020118034529539,1
8,131,4.969919142474951,6,Fastball,R,S,L,0.47698789798586677,1
4,105,3.5283321780522146,2,Sinker,R,R,R,0.26707456844199373,0
1,149,1.9225676423408427,0,Changeup,L,L,L,0.4636014528264905,0
5,102,3.445567494762135,4,Curveball,R,S,L,0.6066840879731599,1
1,123,6.982181804427365,6,Cutter,R,S,R,0.5568284864551266,1
7,107,6.694128882039633,6,Curveball,L,L,L,0.4748282489107562,0
8,39,7.531049999816234,5,Fastball,L,S,L,0.4189670556640404,0
3,145,2.462345653001984,2,Sinker,L,L,R,0.23443298364754644,1
3,117,3.0968332669509833,4,Slider,R,R,R,0.7735385235519139,1
7,70,0.1498092212789066,6,Slider,L,R,L,0.4416246376251741,1
4,107,7.543599957760065,2,Curveball,R,S,L,0.44988631535279855,1
3,82,2.635120734538151,0,Fastball,R,L,R,0.27700569156953253,1
8,108,3.233310572263946,1,Curveball,R,L,L,0.5196009283575798,0
3,108,7.262436891579156,2,Slider,R,R,L,0.7875325982768706,1
7,111,4.2127874413345054,3,Curveball,L,R,L,0.3518152873895108,1
2,95,4.529396334043824,7,Cutter,R,S,S,0.3880017331982231,0
1,45,1.4098627052073347,0,Fastball,L,L,R,0.3417287076082477,1
6,127,3.9892801665492357,0,Slider,L,S,S,0.7199513508011892,1
8,27,7.345668807270194,4,Sinker,L,S,S,0.48512596038262235,0
1,61,4.469744704863408,3,Sinker,L,S,S,0.694114093055242,0
9,138,2.0409309171180645,4,Curveball,L,L,S,0.7100521062291831,1
3,127,0.24944691307810274,7,Fastball,L,R,L,0.649453802679327,1
3,139,2.690414187632544,5,Curveball,L,L,S,0.3566265033567572,1
4,65,4.580727312515664,0,Slider,L,L,S,0.22115822082855363,0
1,111,0.3409063069666409,2,Fastball,L,L,R,0.28597363129207387,1
9,93,4.87834061832925,5,Slider,R,S,L,0.6181697886117432,1
3,115,4.187310616944902,3,Cutter,L,S,L,0.6443300822653049,0
4,37,6.267483753332567,0,Cutter,R,L,R,0.6598260238864968,0
1,134,0.23110537817569465,6,Sinker,R,S,L,0.3463815744708232,1
4,91,6.246778758549899,3,Changeup,R,S,L,0.291821607161775,0
1,65,4.167016366064855,5,Fastball,L,R,R,0.7538368988368753,1
5,57,2.9642346622376916,2,Cutter,L,L,L,0.5985269551185397,1
5,149,7.723063810870593,1,Changeup,R,L,S,0.6451776809995509,0
7,28,1.2809563778884243,4,Sinker,L,S,S,0.25634294291040044,0
8,127,4.330600952728852,6,Fastball,R,L,S,0.4474752997983349,1
4,117,2.5678517887398273,4,Slider,L,L,R,0.23798473805341602,1
7,38,4.219891030362686,7,Curveball,L,L,L,0.5946510357847954,0
4,90,4.418203620643297,7,Curveball,R,L,L,0.4936149676004474,1
3,58,0.7155859873987662,5,Slider,L,S,L,0.4708783518906728,1
6,61,5.289081175346798,0,Cutter,L,R,L,0.7417444012408219,0
4,109,5.0758519673520945,0,Curveball,R,S,R,0.6440711625594615,1
3,126,6.155738197075712,2,Slider,R,R,L,0.778551936820773,1
9,115,0.725267949273368,7,Changeup,L,L,R,0.22776161359248703,1
5,51,2.3780683752295024,0,Changeup,L,L,S,0.5694065316128861,0
7,145,5.20088479782481,0,Slider,R,L,R,0.5781303142734653,0
6,43,1.0938466073248678,0,Fastball,R,L,L,0.21592588151371178,0
5,43,5.420785686307538,3,Cutter,R,L,R,0.6722486226211402,1
7,139,0.4722136865633839,3,Cutter,R,L,L,0.29216893093074403,1
6,37,2.679452423677022,7,Slider,L,L,R,0.6207632184429056,1
2,60,6.773688978660153,1,Curveball,R,R,L,0.22269436477891646,1
3,106,6.194330323049281,7,Sinker,R,S,S,0.5682124673031108,1
2,101,5.158085721816703,3,Cutter,R,L,S,0.5124684780340372,0
3,52,6.963667333000809,7,Cutter,L,L,R,0.4899661696438484,0
1,43,5.674156353377604,6,Changeup,R,L,S,0.419999219416311,1
8,80,4.155000841686424,6,Changeup,L,R,L,0.4521427636311482,1
6,74,7.837740003086293,4,Changeup,R,L,S,0.4861365665760559,1
2,103,5.558848638314556,6,Sinker,L,S,S,0.3786137062501963,1
8,138,4.810937414504025,5,Cutter,R,R,S,0.7611733165517989,1
6,91,3.2709644876285173,1,Cutter,L,R,S,0.7790009426577065,0
7,93,7.219299988632403,0,Sinker,L,L,L,0.37994168737433187,0
1,148,2.3656727648399425,4,Cutter,R,R,S,0.6672150434557194,0
7,104,0.07375675368722145,1,Curveball,R,L,S,0.6509712904868399,0
3,115,1.5739241794588796,5,Curveball,L,S,R,0.7253494423840947,0
8,72,0.8761399355388733,1,Curveball,R,S,L,0.20230746416285642,1
6,129,2.5519501933845765,4,Fastball,R,R,R,0.40287079685055055,0
4,79,6.60702941966764,1,Cutter,L,R,R,0.28699268560800867,1
8,70,5.2122374829200595,4,Sinker,R,L,R,0.43451495171790633,1
9,140,1.3518447138697,1,Cutter,R,R,S,0.5453768618953767,1
2,92,6.310573768738708,1,Sinker,R,S,S,0.7453093495716328,1
6,26,4.033758928795222,6,Slider,R,R,R,0.7037684238565745,0
5,94,4.1017169929463755,1,Slider,L,S,L,0.4994134226057817,1
5,38,2.896897447846986,4,Fastball,L,L,L,0.21410127448925678,1
3,89,6.916930918576187,1,Slider,L,S,R,0.38053617215945207,0
8,75,2.5466184308463413,7,Curveball,L,R,L,0.26396605081139113,0
8,99,0.7531180853575092,6,Fastball,R,S,R,0.5903798399895852,1
5,128,2.4218319517755607,5,Fastball,L,S,S,0.617256907490291,1
8,54,5.722828370143086,5,Fastball,R,R,S,0.5892814686324869,1
8,91,5.260655094426631,3,Changeup,R,L,S,0.3648301810063881,0
3,111,1.5041372284286227,3,Slider,L,S,L,0.7517052316913231,0
2,22,0.8942743928395362,3,Cutter,R,R,R,0.5531037479201083,0
9,85,5.286926067213971,3,Changeup,L,S,L,0.55834920491063,0
2,71,5.411014685239298,7,Sinker,R,S,L,0.689334389018655,1
9,112,2.9291970976845656,3,Curveball,R,S,S,0.24154679704208648,0
4,66,6.742411068232638,5,Changeup,L,L,L,0.3257646841863282,1
2,22,7.825641630399335,0,Curveball,R,S,R,0.5537488755985303,1
1,103,1.6451617875951632,1,Cutter,R,R,L,0.5662596819668072,1
4,53,4.616549725648227,5,Cutter,L,R,S,0.4800592672843844,1
9,69,0.04277063203151332,5,Slider,L,S,L,0.6679630500267264,1
9,52,5.704435168210299,2,Sinker,R,L,R,0.4073740702028475,1
4,92,3.3142569085065423,0,Changeup,L,R,L,0.20674034095169908,1
9,22,1.5461538152253187,4,Cutter,R,L,R,0.40397556713539656,1
6,21,6.0177753741150095,6,Curveball,L,L,R,0.7795282724988237,1
1,35,6.485190380448645,0,Cutter,L,R,S,0.6674213668233242,0
6,52,0.8893320094074983,2,Slider,R,R,S,0.39095092172765156,0
9,28,0.32796609470427196,5,Curveball,L,L,S,0.3334696276404798,1
2,76,2.672627533352938,0,Fastball,R,S,S,0.6861608113346562,1
6,59,5.0079237260882845,1,Sinker,L,L,S,0.3199386252338798,1
2,71,6.3473562175090645,3,Slider,R,R,R,0.5481189622741692,1
4,35,4.3684999730436616,1,Slider,R,L,R,0.5047763187461907,0
8,106,4.645990210455845,0,Fastball,L,R,R,0.45360147305926857,0
7,79,6.398865774023129,5,Sinker,L,S,R,0.45557681857465543,1
9,22,4.230746993750075,5,Cutter,R,S,L,0.6214164898872812,1
7,34,4.889235921810404,2,Slider,L,S,R,0.2617021966326759,0
1,121,4.129738719812474,4,Fastball,R,S,S,0.4371355005605021,0
2,42,7.043665866941632,1,Sinker,R,S,R,0.7810287935139253,0
6,36,1.884132948680711,2,Fastball,R,R,L,0.6668956641977555,1
7,133,2.111948676324075,4,Sinker,L,L,L,0.21261984139215456,1
3,77,1.023691692814606,3,Slider,L,S,S,0.46823384896345616,0
9,129,6.555734011955374,1,Changeup,R,R,L,0.2703165071002335,1
7,97,3.2942183244988588,5,Slider,L,L,L,0.4908273608169857,1
6,63,2.7831515270499505,1,Sinker,L,L,S,0.2621498556048658,0
6,31,7.85078973669725,5,Changeup,L,S,R,0.4335286621637715,0
1,27,7.414426931518284,5,Cutter,R,S,L,0.5269974888310054,1
5,99,7.775901456998091,3,Fastball,R,L,L,0.4203852229420425,1
3,60,1.1383919740695427,3,Curveball,L,L,R,0.5471455717763123,0
7,65,7.13001450518533,0,Slider,R,R,S,0.791028909562036,0
3,48,2.629676795099612,4,Curveball,R,S,L,0.3474719812393331,0
5,35,0.10125416169490009,2,Cutter,R,L,L,0.5387047636759548,0
7,24,3.13038668786455,6,Slider,L,L,S,0.4827949962369215,1
3,49,4.073570825104477,6,Curveball,R,S,L,0.6855586243256377,0
2,136,0.8657633885392428,3,Cutter,R,R,R,0.38892931032040456,0
6,24,4.30142093499405,0,Changeup,L,R,L,0.5828086642051455,1
8,68,6.555708673413852,4,Cutter,L,S,L,0.615775086760429,1
4,108,3.021207606713552,7,Slider,R,R,L,0.7853960229564674,1
9,69,2.8211584522744175,4,Sinker,L,R,R,0.29075883839445604,1
8,33,2.7104833618454194,1,Sinker,R,R,R,0.7989744474271294,1
7,127,7.3847555670695355,0,Sinker,L,L,L,0.6327258007761964,0
7,65,0.3900647903215928,0,Slider,R,L,R,0.47380281244642575,0
3,101,3.5606091359436425,1,Slider,L,R,L,0.35813794088044804,0
6,145,2.116795633197735,6,Cutter,R,S,S,0.5772211712073223,0
5,103,7.150456203099954,2,Slider,R,S,S,0.2850757949182912,1
1,53,0.7684181086704314,6,Cutter,R,S,L,0.7680668089145257,0
3,90,3.2915421334432864,3,Sinker,R,R,S,0.3106550828560231,0
1,79,3.2545292162486854,5,Fastball,L,S,R,0.6645820502028479,1
4,93,7.107155340376181,1,Fastball,R,L,L,0.40708787439936633,0
3,100,1.7239475603277556,3,Fastball,R,S,L,0.3295073445192337,1
4,117,5.159163282412889,5,Curveball,L,S,L,0.6851991315909394,1
9,110,1.0752490151023126,0,Fastball,L,L,L,0.7327023270461026,0
3,114,7.631805712644342,6,Fastball,R,L,L,0.20337267149979135,0
6,79,4.744119674178287,1,Cutter,L,R,S,0.784490898049695,1
6,132,5.0100538425653625,5,Cutter,R,R,R,0.45315150758371087,1
7,100,3.4701872132837774,2,Sinker,L,R,S,0.2576459171555625,0
9,103,2.738261701330578,3,Slider,L,R,R,0.4719471593656137,1
7,44,1.7014114359590105,6,Slider,R,R,R,0.2711408428196054,0
1,52,4.831902030658071,3,Slider,R,L,R,0.35526888848245475,0
8,38,7.636493962785904,3,Sinker,R,L,R,0.5345063733183171,1
5,76,2.878327632739224,0,Cutter,R,L,R,0.4155184765850187,0
9,34,7.065255109296434,6,Cutter,R,S,L,0.3367064628669285,1
5,60,1.1902105027779974,5,Fastball,L,S,L,0.3178894986574477,0
5,79,7.489008167054406,3,Changeup,L,S,L,0.5819535629331665,1
2,128,2.8038902711846125,4,Cutter,L,R,L,0.7458134694965037,1
3,115,3.0378176927467653,6,Sinker,L,S,S,0.23385505688165603,1
9,41,3.702738056274626,3,Changeup,R,R,S,0.3465351479077714,1
7,45,5.745954159581202,0,Cutter,L,R,L,0.599245422515719,1
1,144,5.757227469512282,1,Sinker,L,R,L,0.7924088152766586,1
3,116,3.836708677757322,3,Cutter,L,R,R,0.6088096917004345,1
2,90,4.1852231945114875,3,Curveball,L,S,R,0.23157427301559788,1
1,37,0.24008390219312936,1,Changeup,R,L,R,0.30731803307487404,0
9,114,2.4343736124666053,5,Curveball,R,R,L,0.4085999855599587,1
8,85,2.7681365938448756,5,Fastball,L,S,L,0.2944416646098872,1
5,146,4.469818149806075,7,Curveball,L,R,S,0.3093658407760548,1
2,61,4.466398138970436,4,Curveball,L,R,R,0.3641925143533117,1
1,136,5.679198381822985,0,Sinker,L,L,R,0.42366559000704324,1
7,30,5.736218369744647,1,Fastball,R,R,S,0.43510667896298566,1
2,45,1.881685793696664,0,Changeup,L,L,R,0.4996262778583119,1
1,75,6.161497208838598,5,Slider,R,S,R,0.7569414927475997,1
2,137,0.1568285443702564,1,Cutter,L,R,L,0.7960095395368549,1
7,76,5.729295076853764,2,Sinker,R,L,S,0.21182860139327453,1
7,24,0.8164888281553848,4,Changeup,L,R,S,0.4962610864298499,0
6,33,5.837185667369752,7,Fastball,R,R,R,0.6512483923022513,0
5,43,4.2169447245472345,2,Curveball,R,R,S,0.2439769074202822,1
3,87,3.498036005464737,5,Slider,R,L,R,0.764713033454764,1
3,67,5.525331118091432,6,Curveball,L,S,R,0.7626267183790474,1
9,79,0.2909666699778617,1,Cutter,L,L,L,0.3250357356763641,0
4,22,1.7877626054046267,5,Fastball,R,S,L,0.6714472099793846,1
9,138,4.931521139741232,1,Slider,R,L,R,0.5488795225440577,1
4,119,6.777723253046544,0,Changeup,L,L,S,0.22034001315119636,1
2,102,3.0488610955609357,1,Changeup,L,S,S,0.378381392512097,0
4,43,2.0700917810684567,5,Fastball,R,S,L,0.35802552687947037,1
6,20,4.1498914863119545,0,Fastball,L,S,R,0.7278309255078099,1
6,135,4.978522019094731,0,Sinker,R,L,R,0.7385004758075429,0
5,29,3.3608242512459716,1,Curveball,L,S,L,0.22068018218588525,1
1,148,7.01368546127804,0,Slider,L,R,R,0.6448470236135648,0
3,98,4.187509670880107,7,Cutter,R,R,L,0.2719119690042814,1
5,118,0.2865887005646801,7,Fastball,L,R,R,0.6745543014480984,1
6,64,1.784431637649523,5,Slider,L,R,S,0.7073662949870796,1
1,137,3.6051762473425164,6,Sinker,L,S,L,0.23554987703342206,1
9,71,5.581804152135467,4,Fastball,R,S,R,0.39575623368795965,0
3,131,1.7580179503407107,2,Fastball,R,R,R,0.4278166170701896,0
3,131,7.810059517739369,7,Changeup,L,S,L,0.7730891743463357,1
2,32,2.548466065504668,1,Slider,R,R,R,0.4225513423236963,0
8,36,4.259841654884707,7,Changeup,L,L,R,0.3535981313844322,1
3,63,0.1517310778483294,0,Sinker,R,S,R,0.571818535159937,0
6,92,7.079125771446435,0,Changeup,R,L,L,0.2953360332626247,1
2,24,6.310677228201468,5,Sinker,L,S,S,0.5750512313180008,1
7,52,1.5636640343647414,0,Slider,L,S,R,0.4751447308253926,1
4,87,7.465893529918743,0,Sinker,L,S,L,0.6388633426662931,1
9,35,2.526718110379237,4,Sinker,R,L,L,0.5472921986372685,1
9,55,5.537490307040937,6,Changeup,L,L,R,0.3059494840351497,1
7,121,6.551810544132799,1,Curveball,L,R,L,0.7624260927599456,1
8,44,5.927315689897447,1,Cutter,L,L,R,0.46926857080613804,1
3,91,7.340662272238729,5,Cutter,R,L,L,0.6467371455178694,1
5,100,6.914198082725668,4,Curveball,R,R,S,0.5191649639342637,0
2,80,7.956892112732881,4,Fastball,R,L,S,0.7191628853870091,1
7,37,1.4608913006091644,4,Changeup,L,L,S,0.40221521340370114,0
8,77,2.4380944098136004,1,Cutter,L,R,S,0.5833182262762298,1
9,95,5.08980693945304,6,Slider,R,L,S,0.24763175029650403,0
7,140,5.8643774871326695,3,Sinker,L,R,S,0.246643958324815,1
8,76,4.276840436445673,5,Sinker,R,S,S,0.706122653516785,0
9,116,0.5914269190929193,5,Fastball,R,S,R,0.6910262760654848,0
6,82,6.732761814403056,2,Cutter,R,L,R,0.4155760344402202,0
2,31,7.686994848170176,7,Changeup,R,S,R,0.6056082441391155,0
2,30,3.244134750611158,7,Cutter,R,L,L,0.6973909185921976,0
4,46,1.7984998535907684,4,Changeup,L,R,L,0.28631251924271073,1
9,123,0.1545100396967003,7,Fastball,L,R,S,0.7908420444615518,1
7,86,1.8983922887486822,4,Sinker,R,R,S,0.7315109648389146,1
2,108,5.599350198707378,1,Curveball,L,S,L,0.6145495856295683,0
8,64,7.292715101381844,6,Sinker,R,R,S,0.5259371754824357,1
7,100,0.7481045314541266,5,Changeup,L,R,L,0.7369557055798182,0
9,86,4.426073497295439,7,Changeup,R,L,S,0.6435991611128462,1
8,121,5.564249988094659,1,Fastball,L,L,S,0.5508297309080945,1
3,110,2.211046568850149,6,Fastball,R,L,S,0.7349533498410195,1
1,61,4.559176313362416,2,Slider,R,L,L,0.32637170532156,1
2,39,5.721987408046183,0,Sinker,R,R,S,0.3466247093763514,1
2,67,6.701753945083015,1,Sinker,R,L,L,0.7580674035367088,0
4,37,3.619998806559847,6,Fastball,R,S,S,0.24025788696390227,1
6,147,5.982857751351685,6,Cutter,L,S,R,0.2276952994185205,1
4,96,2.4142637739187975,2,Changeup,R,S,R,0.6751652885596604,0
9,25,1.704373974177269,6,Curveball,L,L,L,0.4483980485717416,0
4,58,1.4985099687253394,7,Fastball,R,R,R,0.7497534445083229,0
6,30,2.8709818546058097,1,Changeup,R,L,R,0.3804138242902205,1
6,131,0.2870374543107923,1,Curveball,L,S,S,0.37233909880788957,0
1,127,2.2639347013219977,1,Slider,R,L,S,0.7743301390715787,0
8,113,5.217782595545826,3,Cutter,R,S,S,0.5322606617230742,1
3,74,5.183352377281094,7,Slider,R,R,L,0.5682252284383746,0
6,103,0.5884304519319299,6,Fastball,R,R,S,0.7388464193296174,1
3,77,2.299324936644961,3,Cutter,R,R,S,0.42849181008155784,1
2,56,4.5564613174233735,4,Slider,R,R,L,0.3487168331107105,0
5,35,2.548417100024823,3,Changeup,L,R,S,0.5426432868077122,0
1,89,3.343904193510988,2,Fastball,R,L,R,0.44601304646740514,1
9,112,5.702486056926112,1,Sinker,L,R,S,0.29815416121297966,1
7,37,0.07413463565304035,3,Slider,R,L,L,0.27116063252140277,0
3,149,2.2111483527074443,5,Cutter,R,S,L,0.635275243043228,1
4,65,1.1389779502801334,1,Cutter,L,S,R,0.22052237511658757,0
6,38,1.0208734621159339,0,Sinker,L,R,S,0.5165257975815436,0
3,57,7.672321731577976,4,Curveball,R,L,R,0.39778910928426525,0
7,56,3.012482652499342,3,Cutter,L,R,S,0.2905453852987701,0
6,131,4.216708679277119,5,Cutter,R,S,L,0.7344001069604711,0
9,64,5.870575096557061,6,Fastball,R,L,L,0.6443246857029461,0
5,136,0.3795797988804015,5,Cutter,R,S,R,0.6638593121261527,0
4,149,1.9281811084615867,1,Curveball,L,L,L,0.4615327030836531,1
3,63,6.6571822987497,0,Cutter,L,S,L,0.5890084175876451,0
1,116,6.8959249054230485,4,Curveball,L,R,S,0.25432592785240227,1
3,102,2.9836073651264163,4,Changeup,L,R,R,0.28356585630901465,1
3,143,2.998892797214146,0,Curveball,R,R,R,0.3935413332885194,1
7,143,6.055175016871055,3,Fastball,L,S,S,0.4746656284265207,0
7,46,2.3605618139989533,3,Slider,L,S,S,0.25629128407674356,0
1,67,0.9367526491199847,1,Sinker,L,S,R,0.5389844964399174,1
3,113,2.0602836019246675,7,Slider,R,R,L,0.34388154065088117,0
8,26,3.098757853086199,2,Changeup,R,S,R,0.6647348021361151,0
9,104,0.4176376767607861,1,Fastball,R,S,S,0.20028151387851087,0
7,131,3.8294420336013983,1,Changeup,L,R,R,0.7196470839255598,1
7,108,5.9200601021822274,6,Changeup,R,S,L,0.6395474991814363,1
8,147,4.109961155843693,1,Cutter,R,L,R,0.5277034634135039,1
6,37,0.5751627241160557,6,Cutter,R,S,R,0.642520161178273,0
3,52,3.521197050767668,0,Fastball,L,R,L,0.41874790640538934,1
1,115,5.671236864342662,4,Slider,L,L,L,0.2975517345615996,1
7,141,0.4647732319215194,4,Curveball,R,R,L,0.2054668198465044,1
1,44,0.47877751781510813,2,Cutter,R,R,L,0.5291331321680661,1
1,23,2.9648112254478614,7,Fastball,R,R,S,0.3751654673877727,0
9,127,1.5597117129896727,3,Fastball,R,L,R,0.32761351474780775,1
7,101,7.478246330467363,1,Slider,R,L,R,0.7202058358033074,0
4,29,4.650748829917945,0,Fastball,L,R,R,0.6351006759579123,0
6,54,2.2986031952471695,0,Sinker,R,S,R,0.7941053296151483,1
1,118,5.6382138329196065,1,Fastball,R,L,R,0.5969388199053226,1
7,123,2.999432410874631,0,Slider,R,R,S,0.7372197103735416,1
6,42,1.0569251550320802,0,Cutter,L,S,S,0.2710016638430694,1
4,84,1.8978578387486431,6,Slider,L,R,R,0.6336576869623256,0
7,101,5.141978275675005,1,Changeup,R,L,R,0.2517346745388607,1
3,36,0.4150088479759333,2,Cutter,L,L,R,0.25674228300412627,0
1,147,2.1815123203845097,0,Changeup,L,S,S,0.7147012893168725,0
4,50,1.666491821137397,4,Fastball,L,L,R,0.41605115986925334,1
3,84,1.609080885412256,5,Changeup,R,R,L,0.3898595027057076,0
1,99,5.462099295807769,4,Slider,R,R,S,0.31026983876617026,1
2,111,6.606535334034916,7,Slider,R,S,L,0.4909655127163181,1
5,49,5.72693286451407,6,Curveball,R,S,L,0.3221495738723744,1
8,142,5.165822526404098,6,Sinker,R,S,L,0.5227085361314526,1
1,89,7.331614174542912,7,Fastball,L,S,S,0.5962628423859837,1
4,48,0.46713904339437473,5,Slider,L,R,L,0.5929467212733928,0
4,22,1.3398646878099258,5,Cutter,L,R,R,0.41878976724241257,1
5,94,3.315254845364257,4,Slider,R,R,R,0.62242268807353,0
7,64,2.979613148030942,1,Cutter,L,R,L,0.3596504059930423,0
8,88,3.3444128237041797,7,Fastball,R,S,S,0.6846087046205979,1
6,130,1.6516392403416482,5,Sinker,R,L,R,0.20006906555426007,0
1,103,1.1960265246418267,4,Curveball,L,R,S,0.7799390675908053,1
7,71,4.073545979663424,3,Curveball,L,L,R,0.46014392329873255,0
3,135,7.4244201925503495,0,Changeup,R,S,S,0.40039752248407334,0
6,122,3.1357556987993362,6,Slider,L,S,R,0.5746894247118847,1
8,99,0.34682571295622466,2,Fastball,L,L,L,0.7274582988875753,1
7,48,5.649338743116196,5,Changeup,L,S,L,0.4115427781345108,0
6,121,2.3288392442173995,7,Fastball,R,L,L,0.2420255235367908,1
9,78,1.9607600584391367,7,Fastball,R,R,S,0.4123001192479361,1
9,31,2.5940640055836965,7,Changeup,L,S,L,0.20305200157398695,0
1,29,5.79052419126301,4,Fastball,L,S,S,0.31102529174194526,1
1,50,6.550555094962433,7,Changeup,R,L,R,0.23120453380060932,1
1,110,4.704448538711709,1,Sinker,R,L,R,0.4325511948852745,0
8,22,2.5798300297564127,6,Slider,R,L,S,0.2358495015379742,1
7,123,2.4838258649382254,5,Changeup,R,L,L,0.7903556501441809,0
3,145,0.9944667992437042,2,Slider,L,L,S,0.6691496917826028,0
2,20,7.466408385881556,6,Curveball,R,S,S,0.4517199996850513,0
4,34,5.105115191750556,1,Changeup,R,L,S,0.6742532190753584,1
3,108,0.2157969588469122,2,Sinker,L,R,R,0.45041708025469757,0
7,141,5.2989367614934455,2,Curveball,L,L,R,0.5882489143189162,1
8,135,3.577227393548063,0,Changeup,L,S,R,0.6929096698372118,0
6,55,7.7804637043753555,5,Fastball,R,R,L,0.6106414932524121,1
3,86,6.552550598451256,5,Curveball,R,S,R,0.25070650558289914,1
6,44,1.3705260306623854,5,Cutter,L,L,R,0.22609134250488847,0
2,30,5.760888950998932,2,Cutter,R,S,S,0.5419429588586275,1
7,85,3.884528030682107,3,Cutter,R,S,L,0.3178571433271608,0
7,79,1.4963613093594255,3,Curveball,R,L,S,0.7904558181205938,1
4,69,5.5899192586395925,6,Slider,L,S,S,0.2097765171959565,0
8,82,4.379100629553963,3,Changeup,L,S,S,0.6491156153380548,1
4,111,0.24299103017256396,7,Fastball,R,S,S,0.2254660309499735,1
7,57,5.172703604230607,6,Fastball,R,R,R,0.5665235095412353,1
4,139,5.079896718899525,1,Curveball,R,S,L,0.45202620179743924,1
5,52,1.152681288411701,0,Cutter,R,L,R,0.5796939246606261,0
7,94,2.791901815973543,1,Sinker,R,L,S,0.6571750345627128,0
3,64,4.687191766008319,5,Fastball,L,S,R,0.21992024970524615,1
5,148,1.110264112853839,5,Sinker,L,L,L,0.5127563422991485,1
3,72,6.821787022678052,4,Sinker,R,R,R,0.7654038651785524,1
5,86,0.21988837030163033,5,Fastball,L,L,R,0.33066994610773864,0
3,124,0.8226993197548396,3,Slider,R,L,L,0.24648100680730983,0
7,33,0.9288553588390727,0,Fastball,R,S,S,0.6625790050550975,0
1,143,4.224857007800441,3,Fastball,R,R,S,0.6448650743507855,1
9,139,4.960912097349002,0,Changeup,L,R,S,0.43409270210279643,0
9,55,3.2299263720118923,7,Fastball,L,L,L,0.698148324407956,1
5,147,2.3093346213453296,1,Changeup,L,L,R,0.5263406543275965,1
9,116,6.474539005004459,5,Cutter,L,S,S,0.48521617883431517,1
6,100,0.5462878698113611,1,Slider,L,S,L,0.6931131582799512,1
5,92,2.2423348890623336,7,Sinker,L,R,L,0.25888395407891607,1
3,90,0.3129246304317661,3,Fastball,R,S,L,0.33433991623282966,0
8,65,0.11112107973014407,2,Slider,R,R,S,0.46648138078386486,0
4,79,2.82703909545761,7,Sinker,R,R,L,0.25125984560809717,1
3,79,1.558589299559456,0,Slider,R,L,S,0.797522955608233,1
6,24,2.14692683870597,5,Sinker,L,R,R,0.38811860046925234,0
8,78,6.567577259639745,4,Sinker,L,R,L,0.7686467314899403,1
9,28,1.303840769993771,6,Slider,R,R,L,0.48467096569943063,0
6,64,6.241866937214407,2,Curveball,L,R,S,0.7547111350800972,0
5,99,5.400404985170908,7,Changeup,L,L,S,0.4639909565696901,1
2,32,2.6115642011266615,1,Sinker,L,S,S,0.6888347699915367,0
2,102,4.3724491614103025,0,Sinker,L,S,R,0.6506591638878967,1
9,31,3.55548487819631,2,Sinker,L,R,S,0.7681371693397816,0
2,29,1.027162523981323,6,Sinker,L,S,L,0.5824709243343216,1
2,35,7.257482573873405,4,Slider,R,S,R,0.3362510230509158,0
3,111,4.556943740686081,2,Sinker,L,R,S,0.52514097367877,1
3,38,7.041920366363639,4,Cutter,L,R,S,0.2875248315445038,1
4,123,6.590612094506322,1,Fastball,R,S,L,0.40092204174061447,0
7,122,0.6382074024753859,7,Sinker,R,L,L,0.6735127624713315,1
9,114,1.6581653281476196,0,Slider,R,S,S,0.20838075547358126,0
2,46,1.1620889149986464,1,Sinker,R,R,R,0.572518497973961,0
4,56,6.64623626229535,0,Slider,R,S,S,0.6157918034484626,1
9,80,6.8995730116416185,2,Sinker,R,S,R,0.7398745143758447,0
2,54,4.2237720784669275,1,Fastball,R,L,L,0.6538796071637203,1
1,125,0.8334245800640554,0,Sinker,R,S,L,0.4416935065183246,1
8,66,1.0849329483441297,5,Cutter,R,S,R,0.6593468027611323,1
9,74,6.508390499506139,4,Sinker,L,R,R,0.5752872495259407,1
7,107,7.433521092234642,0,Sinker,L,L,L,0.5520505057515256,1
8,114,1.5958054808852538,5,Slider,R,S,R,0.24424565769719908,0
4,25,0.08910061177738449,1,Slider,R,S,L,0.5238094419481296,0
4,140,2.6476232412062233,1,Sinker,R,R,S,0.7202581460129946,1
2,69,0.24399511718305078,2,Cutter,L,R,R,0.46211056642082093,1
8,32,6.623799328624304,7,Slider,R,L,R,0.6224948041922198,0
2,44,3.9320980578100126,4,Cutter,L,L,L,0.7422427290018114,1
9,142,5.134886230104159,0,Slider,L,L,R,0.5205014005058155,1
4,148,3.2918790090923373,1,Fastball,L,R,R,0.2528746416495404,1
1,68,2.764060376099855,0,Cutter,L,R,S,0.2325494897077669,0
4,141,1.7776033046086788,3,Fastball,R,R,L,0.6786225293678947,1
3,54,6.164260376305165,7,Fastball,R,R,R,0.21962188068926977,1
6,102,5.564380675324235,4,Slider,R,L,S,0.7993504890347805,0
7,72,2.885831875968689,4,Cutter,R,L,S,0.2765053324448442,0
8,95,2.5689290743934636,5,Curveball,R,L,S,0.6650827613259174,1
2,123,0.009943029189432018,3,Fastball,L,R,R,0.7206299699330214,0
6,66,0.5084170403637795,4,Fastball,L,R,L,0.3838571431363977,0
6,62,4.986044199141078,3,Fastball,R,R,S,0.5249739228934608,0
5,112,4.1168584818836935,0,Slider,L,R,R,0.7714252784942353,1
7,97,3.47842563588018,6,Slider,L,S,L,0.7730929414228767,1
3,26,6.620017926413268,3,Fastball,R,L,L,0.758067160606912,1
4,89,4.031185635222773,2,Sinker,L,L,S,0.36494401247419955,1
9,55,3.0759486512585594,5,Slider,L,S,R,0.23572599797916627,0
4,123,1.2900507801998797,3,Slider,R,L,S,0.26167401120411177,1
3,73,6.565504065716953,0,Slider,L,R,L,0.2851259925181271,1
2,44,4.609986000969502,4,Changeup,R,L,R,0.6030068964294069,1
5,86,0.7396797273820583,2,Cutter,L,R,S,0.6814623883649786,0
4,128,5.191187183976607,3,Slider,L,R,L,0.23019543202274637,1
8,67,3.4005659639072796,7,Changeup,R,R,R,0.7342431809088441,1
7,110,6.491089788703967,7,Changeup,L,S,R,0.6483822213138044,0
6,21,7.35131677596797,5,Slider,L,L,S,0.5181714658031271,1
2,146,4.803726505409968,7,Sinker,R,R,S,0.7939761915677714,0
3,65,5.852902554506931,5,Changeup,L,L,L,0.35911168768853585,1
9,125,0.45272678081732565,0,Curveball,L,S,S,0.33080470099393694,1
9,59,4.482043640009258,2,Changeup,R,L,R,0.4008817131828303,1
5,77,6.0427198268437925,2,Cutter,R,L,S,0.5159124383931151,1
3,97,3.9740971958248297,7,Changeup,L,L,R,0.43210233848198726,1
2,52,4.7484007160346975,2,Slider,L,L,L,0.6977006589295001,0
8,81,7.191585484648354,3,Sinker,R,S,S,0.7366942582621929,0
6,31,1.5847965762495955,0,Fastball,L,L,R,0.7800006048616006,0
7,145,0.7859720604152951,0,Curveball,R,R,L,0.6909506874730668,0
1,68,5.525148905116008,0,Changeup,L,S,R,0.5648674724446205,0
1,107,6.582791244179552,6,Sinker,R,L,L,0.5681691192027956,1
2,97,6.803921508660508,7,Curveball,R,L,S,0.31189486033571673,0
3,24,5.133155976729762,1,Cutter,R,R,L,0.35792735557951216,0
1,88,6.665707345366427,4,Changeup,R,S,R,0.7983556714288824,0
5,130,5.605313645786322,0,Changeup,L,S,R,0.35677903637092756,1
3,79,0.699015327254326,1,Curveball,L,R,L,0.4801241229652938,0
1,65,6.096348063079905,1,Changeup,R,L,S,0.4311860406986877,1
8,32,1.4348775164026373,2,Changeup,R,L,R,0.612955070741679,0
6,127,1.8928747407277822,4,Fastball,R,S,S,0.40129800278024974,1
9,131,3.1572050159893186,2,Curveball,L,S,L,0.6097699755055777,1
3,119,2.5165365306106953,4,Slider,R,L,L,0.7764811778833505,0
9,132,2.5732139064232964,6,Slider,L,R,R,0.35143200422601195,0
9,116,1.3540761936323662,2,Cutter,L,R,R,0.42240626070993675,0
1,70,2.350968376876355,5,Fastball,R,L,S,0.40530507877883476,1
3,137,0.15730071980705418,7,Curveball,L,R,L,0.3802143655923409,0
6,55,3.783287573506608,7,Curveball,L,S,S,0.3621709207983237,1
8,100,6.148727670158454,3,Fastball,R,L,S,0.5780256088735916,0
4,122,6.8979789537987175,4,Fastball,L,R,S,0.5288659421311281,0
5,53,6.563428471675508,5,Cutter,R,R,L,0.5051999942227816,0
9,67,3.3316617519609055,1,Slider,L,S,L,0.6803524882279497,0
6,123,5.84341184931085,1,Sinker,R,S,S,0.28791813172425107,1
7,110,2.3031261927616997,4,Curveball,L,L,S,0.30183520512645606,1
7,143,0.4444997817409435,2,Sinker,L,S,S,0.5078366390998927,1
4,59,5.407772203130133,6,Fastball,L,S,L,0.41223629225634156,1
4,45,5.190369317891248,3,Curveball,R,L,L,0.30427334181250276,0
4,115,6.413035163703005,3,Slider,L,R,L,0.6143795971643895,1
5,99,4.928849653623039,0,Curveball,L,S,S,0.4976450210235091,0
5,76,1.2551329997913312,4,Sinker,L,L,L,0.32134293957007476,0
8,130,6.825299136401585,3,Curveball,R,S,S,0.35864317201327256,0
9,95,5.018022304149606,2,Fastball,R,S,R,0.6338315958936833,1
2,48,6.460877592280032,2,Fastball,R,R,S,0.39648393333081233,0
7,149,6.192856963008326,1,Fastball,L,S,L,0.32271109436096906,1
1,21,2.3829158978007072,3,Slider,L,S,R,0.779360635467401,1
1,22,0.5964237988164189,3,Changeup,R,S,R,0.2528268125447872,0
4,91,1.412035272716679,2,Slider,R,R,R,0.2881484203326009,0
7,30,0.742898674506006,1,Fastball,L,S,R,0.6303671287934899,1
2,23,1.9472994566410913,3,Cutter,L,L,S,0.4554267709617205,1
2,107,3.676258184207944,6,Curveball,L,L,S,0.6517587821626716,1
1,132,7.254484839850263,6,Curveball,R,R,L,0.5316668391887449,1
2,35,6.976150047365077,2,Sinker,L,R,L,0.22412929582887653,0
7,105,5.748798520765824,1,Curveball,R,R,L,0.6104887618654782,1
9,29,0.19289887638260783,1,Sinker,R,S,L,0.6834580187722303,0
6,43,2.731113610564428,2,Curveball,R,R,R,0.5316049223341268,1
2,83,5.458787411876158,1,Cutter,R,L,L,0.3845355756930535,0
9,75,1.032231174712547,5,Sinker,L,L,L,0.20931310740226827,1
7,108,6.408702800127269,5,Fastball,R,S,S,0.744009454357881,0
1,41,7.316589439900749,1,Changeup,L,S,R,0.6241878398309542,1
9,69,2.832835573102604,0,Curveball,R,S,L,0.22687812824708364,1
2,66,5.646744494910667,7,Sinker,R,S,R,0.7043550896352322,0
4,42,1.1856330613497068,7,Changeup,R,L,L,0.2318366908692119,1
9,102,5.526531592904216,1,Sinker,R,L,R,0.6268856701591248,1
4,38,0.17164329829634628,6,Slider,L,R,R,0.6164403125697326,0
3,48,1.2061720544888077,3,Slider,L,S,S,0.7496888667425239,0
1,80,5.67905157286936,1,Curveball,L,L,L,0.2992578161910162,0
7,104,5.694801783010449,3,Fastball,L,L,L,0.5403627500302406,0
6,54,5.129301646761417,2,Cutter,R,R,R,0.5268223199164059,1
4,24,3.818912195073626,1,Sinker,L,L,L,0.2209875310425632,1
6,95,5.3992647293755605,2,Curveball,L,L,S,0.5829846608987558,1
6,26,6.190406386310306,7,Slider,R,S,R,0.3524176083265982,1
4,149,7.73185327229395,4,Slider,R,R,R,0.3994949401881521,0
6,121,7.10912825238884,6,Sinker,R,S,S,0.3448123533784766,1
8,63,6.356273620528997,5,Sinker,L,S,L,0.2335539164692752,1
3,89,5.558060133714983,1,Sinker,L,R,R,0.29997688013103363,0
4,110,4.593244363458938,2,Changeup,R,R,R,0.32438483117592765,1
1,81,0.96487058681533,4,Cutter,L,S,L,0.546395339062016,1
4,39,1.3244547367871435,3,Sinker,R,S,L,0.2809737661366821,0
9,91,6.562236485367196,7,Sinker,R,S,S,0.7524283370372562,1
8,139,6.4265032976577645,7,Curveball,L,S,R,0.33907194557377385,1
4,114,4.9156714077869035,3,Fastball,R,R,S,0.5910467971832212,0
7,146,3.5107210617292273,7,Changeup,L,L,L,0.29454885991442553,1
3,132,0.20826119858884518,5,Cutter,R,R,L,0.6770796184281247,0
9,126,2.617415540228351,5,Changeup,R,L,L,0.24290763395864598,1
4,99,3.365117260522543,6,Sinker,R,R,S,0.6425559909101939,1
2,47,3.8865302893873643,6,Fastball,R,S,S,0.435899261567371,1
5,49,7.4345967884896735,3,Sinker,L,L,L,0.4793115827826211,1
2,28,0.8696751984011426,3,Slider,R,R,S,0.41979150710009316,1
6,78,4.150935358238163,3,Sinker,R,R,R,0.44122846849498276,1
1,98,2.9433783756662377,0,Curveball,L,R,S,0.20319512368773815,1
6,122,7.920784953728413,6,Curveball,R,S,S,0.21568960711217208,0
4,133,6.894912130263243,5,Fastball,L,R,R,0.676361738656193,1
3,66,3.5102868339113673,7,Sinker,L,R,S,0.32809100999514085,1
2,117,7.997564874838083,2,Curveball,L,S,S,0.5643784216438169,1
7,61,4.112505971771971,4,Curveball,R,L,R,0.5919952496506775,1
9,66,1.3369423727312055,4,Sinker,L,L,S,0.6187887136388579,1
3,93,4.4469975346137165,7,Changeup,R,S,S,0.5584050225404065,1
6,70,1.8096461264291728,1,Fastball,L,L,S,0.5772720929366968,0
9,113,5.090502720610016,2,Changeup,L,R,S,0.5489028322444399,1
2,139,7.499521399071405,5,Curveball,L,R,R,0.7569071973921073,1
7,94,6.289588614680226,7,Sinker,R,L,R,0.5987511290422551,1
5,142,2.1853095233524416,7,Cutter,L,L,S,0.4117609771863979,1
5,141,2.374868999728057,0,Sinker,L,L,S,0.41398182933921346,0
7,40,0.5543056247224962,0,Cutter,R,S,R,0.247764060240024,1
9,20,2.286942685170219,2,Changeup,L,L,R,0.7950711669285877,1
4,88,0.7409983974225378,3,Slider,L,S,L,0.7344593726110618,0
9,105,3.9955897546051427,3,Sinker,L,L,R,0.22584133966885722,1
9,90,5.666776635986061,2,Slider,R,S,S,0.7170673714620031,1
4,32,6.009449291993268,5,Fastball,L,S,R,0.28305448303685626,1
3,42,0.4762338579854326,4,Cutter,R,R,S,0.3434293658141122,0
2,25,2.7196471859056164,3,Cutter,R,L,R,0.6084713334996101,0
9,95,2.3053741323794696,7,Changeup,R,R,R,0.6381286764074434,1
2,28,0.8344025838986768,1,Sinker,L,R,R,0.5034498429965288,0
6,47,2.8997704874560455,5,Curveball,L,S,S,0.7806461176779103,1
5,135,2.394560873113889,5,Fastball,R,S,R,0.49376898863242275,0
5,115,5.075993834714214,0,Changeup,R,S,R,0.35501616915909795,0
4,94,7.066421309869703,6,Slider,R,S,L,0.20543593543358618,0
6,107,3.6387337669857267,3,Sinker,L,R,L,0.7203804791153581,1
5,75,5.973321382134548,4,Curveball,L,S,R,0.4371857321285134,1
4,124,1.1680829368853942,5,Fastball,L,R,R,0.6695225929856079,1
9,54,7.159731029150917,3,Sinker,R,R,S,0.664312251003125,1
6,44,1.2207579057207383,3,Curveball,R,L,S,0.2261400316411323,0
3,132,1.5368094447951144,0,Slider,R,L,L,0.6929443716844208,1
6,118,0.8517104287014119,1,Changeup,L,S,S,0.37348868535321644,0
1,50,2.4774360121642918,5,Changeup,L,R,R,0.7047385037837228,0
5,100,4.419283573724209,6,Cutter,L,R,L,0.49530316068474717,0
6,69,7.903952891250614,1,Sinker,R,R,S,0.5549545690132156,0
8,106,6.346944277260351,4,Changeup,L,L,S,0.26082234577717756,1
9,66,3.043486423135856,6,Cutter,L,R,R,0.42757338259989935,1
3,20,4.606768463228564,2,Changeup,R,R,S,0.7825365406027953,0
2,144,4.986464247513662,2,Fastball,L,R,S,0.755534280757445,1
4,125,6.581817769978777,6,Sinker,L,L,L,0.7965207987795084,1
8,144,5.891614283358404,2,Slider,L,S,S,0.5061293835253905,1
8,38,4.554329015769123,4,Sinker,L,S,R,0.6909645429122375,0
3,91,5.353464216317254,7,Sinker,R,S,S,0.4730294266494919,1
4,148,5.967340887703197,5,Curveball,R,L,R,0.7648407769582704,1
3,43,1.0651524730672346,3,Slider,R,L,R,0.7915943003552317,0
2,103,1.6036436904430396,7,Slider,R,S,L,0.7266757194311799,1
4,139,5.508674311260134,1,Cutter,L,S,S,0.5726979587291627,1
6,88,6.803404495901057,1,Cutter,R,L,R,0.7933723614704877,0
5,125,3.2740982615981427,3,Fastball,R,S,R,0.7902456315081969,1
3,88,7.839122579769648,5,Curveball,R,R,R,0.4850474402865149,1
2,30,1.728573861386983,6,Changeup,R,L,R,0.38226284809699246,0
9,122,3.333594256347511,1,Changeup,L,S,L,0.31245244678310724,1
1,32,3.0281843477060253,5,Slider,R,S,R,0.6062074498461445,1
9,20,7.442367525811433,6,Sinker,L,L,R,0.22087859017206246,0
1,21,2.283028140580316,6,Fastball,L,L,L,0.6582966970612982,1
7,128,3.7663262243377247,6,Sinker,L,R,L,0.23079226139163564,1
6,23,1.4978707169226357,1,Curveball,R,L,L,0.3592231659194394,0
7,76,4.1701299084995505,2,Changeup,L,L,R,0.49879837245424175,0
3,132,6.859233355708729,2,Slider,R,R,R,0.2584597587731364,1
3,42,2.4323156951245135,0,Fastball,R,S,S,0.22177860158549395,1
1,143,6.486336577302626,0,Curveball,L,L,S,0.48788141455079603,1
4,136,7.290492657405008,1,Sinker,L,S,S,0.7320537417642397,1
2,149,0.583663117716509,2,Slider,L,R,L,0.4449886552413199,1
8,106,6.051396290554008,5,Slider,L,L,S,0.320167606511362,1
3,144,2.0427474892039266,0,Sinker,L,R,S,0.44501040868199226,0
7,130,1.402621300293033,0,Fastball,L,S,L,0.6335806859331267,0
7,26,4.808979136200288,2,Fastball,R,R,R,0.22481758314006575,1
9,63,5.6448209298295975,5,Fastball,R,L,L,0.21844726933637315,0
6,132,3.1580878858817103,0,Fastball,L,L,S,0.4776691763457113,1
1,23,0.3133896566575247,3,Curveball,R,S,S,0.606016540432279,0
8,137,7.269636193574345,6,Fastball,R,S,L,0.568254299908046,1
1,42,5.84597533477996,5,Fastball,R,S,L,0.5826927638099315,1
3,109,2.1733344534641175,3,Fastball,R,S,S,0.2994307533171313,0
5,111,3.974910845957919,2,Curveball,R,L,L,0.5232411847845199,1
8,70,0.2223423197366241,2,Changeup,L,L,S,0.4267536410727338,0
9,134,2.7142622544475348,0,Slider,L,L,S,0.2662972217403079,1
7,100,4.180281884680946,1,Cutter,R,R,S,0.2768375977460766,1
9,122,4.137788920930001,4,Sinker,R,R,R,0.5872060489462503,0
3,99,1.665479024068329,7,Slider,L,S,L,0.774332382349431,1
5,122,6.213978929471126,3,Curveball,L,S,L,0.26377984783477737,1
8,28,2.3908972682131475,3,Sinker,R,S,S,0.49693425985753864,0
1,52,4.643280185423781,7,Fastball,L,L,R,0.34875585664004793,1
8,54,2.1721778043037983,7,Curveball,L,R,L,0.3689649387913276,1
7,69,3.4013429838941613,5,Changeup,R,S,L,0.3346725599989823,0
1,43,1.6601170020018419,5,Cutter,R,S,R,0.5274148880325292,1
6,58,5.0640623402563065,2,Changeup,L,L,L,0.23402778619667527,0
1,44,3.4046748811308056,6,Fastball,R,R,L,0.6454984344722967,1
2,51,0.12893843590211418,1,Curveball,R,S,L,0.5640379720853754,0
5,127,0.2253199521341287,2,Curveball,R,S,R,0.4308985889078933,0
2,52,3.7690745477713774,0,Fastball,R,S,R,0.33071016303196,1
1,126,1.465806935242835,1,Fastball,L,S,S,0.5217915927591708,1
6,130,4.680336385157939,0,Cutter,R,R,S,0.7730916597610287,1
8,140,3.2655342541761705,3,Changeup,L,R,S,0.6248636860465362,1
8,35,5.235358684317782,7,Fastball,R,S,L,0.36761338267844984,0
8,30,7.619161392511613,2,Fastball,R,L,S,0.6457507039986552,0
6,117,4.229889078362029,5,Changeup,R,S,S,0.5024245419412618,0
3,135,6.299028828720797,7,Fastball,R,L,S,0.22881058349318067,1
1,44,6.024327970527497,2,Sinker,R,S,S,0.5705216664349402,0
2,112,7.374328834590922,4,Cutter,R,S,S,0.3403367900717199,0
5,130,1.7121429379040496,1,Cutter,R,L,L,0.4457953169075742,0
5,115,6.618615766279527,6,Changeup,R,S,R,0.4870805569738205,1
1,31,7.2441630280374945,3,Slider,L,R,L,0.679584727328286,1
1,40,3.1421038475806213,4,Cutter,L,L,R,0.5480410538984534,1
9,146,2.510529556791745,4,Curveball,L,R,S,0.404057848868116,1
2,48,7.616287277426302,2,Curveball,L,L,L,0.59434915893369,0
7,140,5.021062577110944,1,Slider,L,R,S,0.3152570476299993,1
4,143,3.045411881931747,2,Cutter,R,S,L,0.6936756233698484,1
7,52,6.334621767453042,7,Fastball,R,S,L,0.3208581743997158,0
8,96,2.4357912129257207,1,Sinker,R,L,S,0.5351190971900428,0
5,60,1.4112606885588965,7,Slider,R,R,S,0.3230768863350457,1
1,93,4.351757086381644,4,Fastball,L,S,R,0.39533781618761066,1
4,82,4.529696359284827,0,Sinker,L,R,S,0.4534930811957638,1
3,33,6.605971858138704,3,Curveball,L,R,R,0.42045172238490625,1
5,94,3.65621884016344,7,Sinker,L,L,S,0.7603199278475694,1
6,86,6.516692316042732,4,Slider,R,S,R,0.334094447894722,1
2,112,2.4905814347867077,2,Cutter,R,L,L,0.3080899015952283,0
7,72,4.6029456174223355,6,Curveball,R,L,L,0.5105218045201341,1
3,113,1.6677822312057264,6,Cutter,L,S,S,0.7693495958140033,1
1,132,3.083567607332771,3,Fastball,L,R,L,0.5019972838621776,0
3,30,6.860317582662809,7,Cutter,R,L,S,0.7756246862068361,0
9,44,1.7279055474860403,4,Sinker,R,S,S,0.3142132422784338,1
6,102,6.481915703194142,1,Slider,R,R,S,0.20615382782915292,1
6,112,2.2629732627792496,6,Fastball,L,R,R,0.38176712281774605,1
4,74,0.2759177574356295,2,Slider,L,R,R,0.582919108031614,0
8,38,0.8794765604547701,6,Sinker,R,L,S,0.5552300059343547,1
5,111,5.967036362566305,4,Fastball,L,L,L,0.3450346788699711,1
7,109,2.096567412017186,1,Slider,R,S,L,0.5969444908183221,1
9,30,5.233164737930178,1,Curveball,R,R,L,0.6981483904507217,1
5,79,5.5935912220578645,1,Slider,R,R,R,0.6123178218571752,1
5,60,2.760947715477479,6,Curveball,L,S,R,0.6367145329328437,0
4,149,3.799351897689122,3,Sinker,L,R,R,0.3845640720866693,1
6,126,3.230136723646485,2,Changeup,L,R,L,0.5175249861246058,1
2,79,7.578791970836272,1,Cutter,L,S,L,0.22562318820510063,0
3,41,2.559590898812699,4,Fastball,L,S,L,0.415448803226589,0
1,147,1.466584337799686,1,Cutter,R,L,L,0.6894336510487618,0
2,145,2.924742743004626,2,Sinker,R,L,R,0.6740657546700336,1
2,122,5.356125660816097,7,Curveball,L,L,S,0.7644800237819831,1
8,129,5.578901522891722,5,Curveball,L,S,L,0.7812579334534402,0
8,77,7.392458522880055,7,Curveball,R,L,L,0.7836035103045329,1
2,84,7.054035879006474,5,Slider,L,R,R,0.2944287812574248,1
6,77,2.306564163338204,7,Cutter,L,L,R,0.27238015676697747,1
5,95,3.6413059917407713,3,Curveball,L,L,L,0.7250493626819958,0
3,38,5.978151905467472,1,Changeup,L,L,S,0.4298825071569826,0
5,147,7.332298244816201,4,Sinker,R,S,R,0.41431002017661145,1
5,123,2.6973201028551346,2,Curveball,L,R,R,0.5202033466304059,1
5,126,3.555531473415967,6,Cutter,R,S,R,0.47084747289354106,0
3,137,7.195826163628871,1,Curveball,L,R,R,0.33382429713453865,0
3,98,2.8678709852673814,7,Curveball,L,L,L,0.7067674538571944,0
4,103,3.844103889533886,6,Fastball,R,L,L,0.7455566201133523,1
7,137,7.236033129744631,3,Curveball,R,R,L,0.6485038204045714,1
2,29,6.417945743918786,0,Cutter,L,S,S,0.22884327062489088,1
4,49,1.9474474000784223,5,Sinker,R,S,R,0.2707499183217121,0
4,43,2.598360523295467,4,Fastball,R,L,R,0.40760666001368623,1
1,74,2.8236698196747128,7,Fastball,R,R,R,0.5340261544936595,0
8,123,7.301907787448478,7,Curveball,L,R,L,0.5657087534628806,1
1,146,7.991469896836313,5,Curveball,L,R,R,0.2599971501948465,1
8,144,6.192034417243519,7,Changeup,L,R,L,0.7761447524868625,1
7,112,3.874610419948053,1,Cutter,L,L,L,0.5177422315218813,1
9,27,0.08139054453983174,1,Sinker,R,S,S,0.45904823932343763,1
8,94,5.579904452783659,0,Cutter,L,L,R,0.31467070376040535,1
5,59,3.1148893159822775,2,Slider,L,R,L,0.7705060901988598,1
8,104,5.0638917618288435,6,Sinker,L,S,R,0.46843750084249985,1
3,35,4.85355170769943,7,Slider,R,L,L,0.2706712763258228,0
7,97,3.8466564525950986,6,Cutter,R,R,L,0.5686189398349691,1
4,67,7.555099181810584,7,Curveball,L,L,L,0.41009147150105835,1
5,110,0.18517076284273326,6,Fastball,R,R,L,0.6847978213995668,0
9,148,5.697059875780706,0,Changeup,R,L,S,0.5272794296183636,1
7,41,3.278718946396368,6,Curveball,L,L,R,0.26341952197518176,1
4,33,5.71032360393289,7,Sinker,R,L,R,0.650363295459099,0
6,92,5.401757180317055,7,Sinker,R,R,L,0.3827999661024124,1
7,38,0.08190402060796309,2,Fastball,L,S,R,0.444946403378294,1
9,59,2.28270796139737,1,Sinker,L,S,R,0.6653865716040841,0
4,117,1.5127321640302434,0,Cutter,R,R,R,0.2638719131561626,1
3,23,1.3358908235399385,5,Sinker,L,S,S,0.7866675115999555,0
8,52,5.827813472969062,6,Curveball,R,S,L,0.6212517911591364,0
1,62,1.9164107927449967,5,Sinker,R,L,S,0.31555625565034107,0
9,46,3.7979009198984066,6,Changeup,L,L,R,0.23487512596397847,1
1,100,1.9759119622854362,7,Sinker,R,R,R,0.5267213034265802,0
2,132,4.641870587482639,1,Slider,R,R,S,0.42755477101120565,1
8,136,5.764590144479744,0,Fastball,R,L,L,0.217702913148019,0
9,143,2.648597909585412,1,Curveball,L,R,R,0.5655312512794413,0
7,114,4.824166786296976,7,Changeup,R,R,S,0.3852490268529136,1
3,82,6.598838195309912,7,Curveball,R,S,S,0.39318958072309496,1
7,143,0.7537942813159333,7,Cutter,R,R,L,0.2973030820026169,0
6,135,5.685364792330169,5,Fastball,L,R,S,0.2842269544834686,1
2,114,2.5851595554830418,7,Cutter,L,L,S,0.28660521169348807,1
3,86,0.9811996521995541,7,Sinker,L,R,S,0.7316360011078165,1
5,116,4.36523366091479,5,Cutter,R,L,R,0.5198467343280946,0
4,135,1.8100985541418542,1,Sinker,L,R,R,0.48165562314838956,1
2,32,6.570894341353261,6,Slider,L,S,L,0.6226806570874883,1
4,83,0.3431672762486091,1,Cutter,R,L,S,0.3918606368961936,0
8,104,0.7892231701671797,3,Changeup,L,R,S,0.6933346766540314,0
5,75,4.167969007886535,0,Fastball,R,R,R,0.31831732913155963,1
5,131,4.711534272615654,7,Slider,R,S,R,0.681598117177906,1
3,52,5.839093316181975,3,Curveball,R,R,R,0.23362837349277749,1
8,72,2.0740858260175505,7,Cutter,R,S,L,0.294103658338536,1
6,120,6.734083265706334,1,Curveball,R,L,R,0.7355927249274148,1
2,108,7.625138718190265,4,Slider,L,L,S,0.2654050248626218,1
2,48,3.9923144287589087,7,Curveball,R,R,S,0.34733443450412593,1
9,70,6.08425091975841,5,Changeup,R,L,S,0.22561820019804957,0
7,69,4.198786836350342,2,Slider,R,S,L,0.5591987213896088,0
9,130,0.5557362352976849,0,Fastball,R,S,S,0.3966264626568913,1
6,55,2.6088921027409686,0,Fastball,R,R,S,0.580091941282924,1
5,128,0.69989351701612,5,Fastball,R,S,S,0.2514683368434951,1
1,79,7.911032954040108,2,Fastball,R,S,R,0.4370632229258244,0
6,39,1.8322072965870175,3,Slider,L,S,S,0.4230063577364346,1
6,143,5.08720335532575,2,Slider,L,R,R,0.5220991731771288,1
3,20,2.2747608155594987,4,Sinker,L,L,R,0.37701989627042476,1
3,38,5.225969722847407,1,Slider,R,S,L,0.7908534713983171,0
3,106,1.6832135269638595,2,Cutter,L,L,L,0.38961827776802727,1
3,48,6.282160527280596,7,Sinker,L,L,S,0.6178227373043073,0
7,78,0.8864928226930839,6,Slider,R,R,L,0.4197802060040732,1
2,82,7.161203200722242,2,Slider,L,R,R,0.520180397657303,1
2,117,6.723373540326356,1,Slider,R,L,R,0.33600078917215837,0
3,67,5.430458749107085,5,Fastball,R,R,S,0.3036747229107242,0
7,81,0.5393170171427828,0,Changeup,R,L,S,0.7834350247964246,0
3,37,1.6685522266314265,5,Fastball,R,S,S,0.5245635617217697,0
7,46,6.874892765528608,6,Sinker,L,L,R,0.4764869191856988,1
9,25,0.9757954744207611,7,Changeup,R,L,R,0.5849439908198295,0
4,25,1.2474567704641606,4,Changeup,L,S,S,0.33407159772237105,0
7,50,4.352026590044166,5,Changeup,L,R,S,0.6931836600596067,1
9,124,2.1934195173947497,2,Sinker,R,L,R,0.34894153005307765,1
8,113,1.776605599551436,2,Sinker,L,R,L,0.5255178124389626,1
8,75,4.6065074547854445,0,Fastball,R,S,R,0.2763082559126067,0
9,37,2.9806134116642324,4,Cutter,R,L,L,0.5447395938893241,0
5,106,1.1244791741573499,1,Curveball,R,L,S,0.48977379712143754,0
5,42,4.2788301403637155,1,Cutter,L,L,R,0.3683879926558876,0
3,44,3.096099226228982,3,Fastball,R,L,S,0.38451554393738296,1
5,26,5.876134194190155,4,Changeup,L,R,S,0.20588688773174932,1
8,37,0.8220435385647136,4,Curveball,L,R,S,0.21638997612440858,0
5,125,4.964905951567791,2,Cutter,R,S,R,0.5605145132788287,1
4,52,3.4919466155459817,3,Sinker,R,R,R,0.6310255288272142,0
8,98,3.248495000419233,1,Sinker,L,L,L,0.5281411329680866,0
7,54,1.8583015040667297,7,Slider,L,S,R,0.2491467344674731,1
6,129,0.24340822562168896,7,Sinker,R,L,L,0.7645221257658792,1
5,84,6.781513554917164,6,Cutter,R,L,L,0.6280592987817983,1
5,82,2.611280688275407,4,Fastball,R,S,R,0.3424248611392736,0
2,91,5.448728317838777,4,Curveball,R,L,R,0.6028924535486161,1
4,60,7.580699198213659,0,Slider,R,L,S,0.2668746197518378,1
8,147,4.519922384657053,1,Sinker,L,S,S,0.6676330878663619,1
8,127,3.1771752201589303,0,Sinker,L,R,R,0.48855451962822855,1
1,123,2.1461885307896296,7,Curveball,L,S,L,0.4456210761583147,1
2,57,7.472350341179947,3,Curveball,R,S,R,0.20548778934502293,1
5,54,5.456614544409143,4,Cutter,R,S,S,0.5914855067962794,0
9,121,5.322251146052476,3,Sinker,R,R,L,0.6974007497291494,1
7,87,3.4092666011622157,5,Changeup,R,S,S,0.3729782630716176,1
5,56,6.760389702939445,0,Sinker,L,R,R,0.20706120345187579,0
1,104,5.709377496075897,1,Cutter,L,L,R,0.6651899305910216,1
6,48,2.265466174248129,4,Slider,L,S,R,0.5813987653044925,1
8,60,4.796629280200384,5,Fastball,L,L,S,0.6661332233393458,1
7,75,3.441551636810125,5,Sinker,R,L,R,0.5229899625929266,1
2,35,0.05272130263770425,1,Cutter,L,R,R,0.4765671363994391,1
5,85,6.460987452014379,3,Changeup,R,L,R,0.3316155599849372,1
4,88,0.9826427913576063,5,Changeup,L,L,S,0.2473028739943206,1
9,42,4.079636048020913,2,Cutter,L,S,S,0.48286737839112703,0
1,72,2.689809544678525,1,Slider,R,L,R,0.7210385788965248,0
6,139,2.73671232960542,5,Changeup,R,S,S,0.23560788525376983,1
3,147,3.818919067310464,1,Changeup,R,L,L,0.7934569667446529,1
9,68,7.97618483215796,1,Sinker,R,R,L,0.768195074341171,0
5,32,3.2670374450518063,4,Sinker,L,L,L,0.5844428904212489,0
6,127,1.4586338385325792,3,Slider,R,R,L,0.7485264757292542,1
9,104,4.908850704394951,7,Slider,L,S,R,0.5321167561981696,1
9,64,1.89030166431617,3,Slider,L,S,L,0.4427504508745362,0
8,101,0.8443930937036033,4,Slider,L,L,R,0.5430142843310499,1
9,87,0.4013933765274329,1,Cutter,L,L,R,0.7259335527485964,0
4,116,0.18305019215747098,1,Cutter,R,S,S,0.7745124781869437,1
6,96,3.4493171864885097,7,Curveball,R,S,L,0.7028524381326828,1
5,54,3.4138062389871493,2,Curveball,L,S,R,0.30780901872882216,1
5,71,1.4843632006236236,5,Curveball,L,R,S,0.5550424527725472,1
4,59,6.272152430169674,1,Changeup,R,L,R,0.46685328824379496,1
2,140,1.03416502335903,5,Slider,R,S,R,0.48875879719251714,0
6,132,7.32253754111442,0,Cutter,L,S,S,0.45694305447130035,1
9,130,4.700607821146179,5,Cutter,L,L,R,0.2405342512813597,1
1,55,0.22093100883943695,7,Slider,L,L,S,0.7075410386314187,1
7,89,7.703781005941733,1,Curveball,R,R,L,0.7870201089372866,1
6,92,2.463530076366829,7,Sinker,R,S,R,0.3258395163609983,0
3,35,3.599799676622827,2,Changeup,L,L,R,0.5731733611902808,1
1,57,2.274149543956417,0,Cutter,L,R,L,0.5219418400564477,0
4,37,5.82737038427022,2,Fastball,L,S,R,0.7378970900555015,1
9,31,3.885441765756309,5,Changeup,L,R,S,0.622461057760434,0
2,73,1.0589836752200208,2,Changeup,L,L,S,0.6497971226697643,1
3,20,0.8336316188756303,5,Curveball,L,R,S,0.7711425232891791,0
2,130,5.803003306596598,3,Slider,R,S,R,0.5980859548380155,1
2,40,1.896651239450172,5,Fastball,R,L,L,0.4721345532217276,0
8,148,1.1023469971077802,4,Curveball,R,S,R,0.2311436425216836,0
3,112,3.9954207759827423,2,Slider,R,R,L,0.7438185184433121,1
7,143,6.422122300290432,1,Fastball,R,R,L,0.5538364175300077,1
8,58,2.2302619669850436,3,Sinker,L,R,R,0.6093898278936815,0
3,79,2.211452893606462,6,Sinker,R,L,L,0.5031782233373452,1
2,116,6.671050082083015,0,Cutter,L,R,R,0.4361739351108683,1
8,123,1.1826703565502612,5,Fastball,R,L,R,0.5023324785118242,1
3,129,4.933820734292378,4,Curveball,L,R,R,0.22910237146760262,1
7,48,7.640107863860684,3,Fastball,L,R,R,0.6787474399434499,0
1,108,6.7304251966184605,2,Fastball,L,L,S,0.29478238974231996,0
6,138,0.49452187023783356,6,Fastball,L,L,R,0.39959737261469175,1
9,70,2.5592870124930034,6,Cutter,R,L,S,0.2521967883888568,1
3,127,1.1389957247409308,3,Sinker,R,S,R,0.6919678086077903,1
7,77,7.593925101497118,1,Sinker,R,R,L,0.3010062701112487,1
6,55,7.887532529776649,1,Slider,L,S,S,0.43935165905180973,0
8,47,1.8799441643203032,1,Fastball,L,R,R,0.44928647701031676,0
3,120,5.35759235863002,4,Changeup,R,R,R,0.3898557587723801,1
3,126,6.733053856376947,7,Curveball,L,R,L,0.7160752053777266,1
4,108,1.8694422753158122,6,Changeup,R,R,L,0.6630690679382776,0
3,54,1.5014450745678198,3,Slider,L,S,R,0.6462066551252788,1
9,112,0.08968818597824235,7,Curveball,L,R,L,0.33507022095134736,1
4,124,3.295699655532207,3,Slider,L,S,L,0.3137118640145136,0
6,95,7.195499699157732,6,Curveball,L,L,S,0.3479564311534533,1
8,103,7.223837192450791,2,Sinker,R,S,L,0.4316973519325804,1
8,95,1.0219450200721303,0,Sinker,L,R,L,0.4872539512696516,0
5,69,1.6348198442271595,7,Changeup,R,S,S,0.3501041390394726,0
5,119,3.264378647476269,1,Changeup,L,S,R,0.4746572407626554,1
6,91,6.2449963613096156,0,Cutter,R,L,S,0.31062889345345795,0
7,134,4.894811868253829,6,Slider,R,L,L,0.3613707603608828,0
7,96,4.110797948161731,6,Changeup,R,L,S,0.3564457318341865,1
4,140,4.735455073780825,0,Curveball,L,R,L,0.6362714838903882,0
6,73,0.7695975504183732,1,Fastball,R,S,S,0.4750971307175312,0
7,90,3.821309138039256,7,Fastball,R,S,S,0.5691301570823695,1
5,104,7.936506316313027,7,Fastball,L,L,R,0.6015838976048857,0
5,121,0.7075691755127025,1,Cutter,R,R,L,0.24110848442556093,1
2,126,4.153973421079091,7,Changeup,L,R,S,0.6769030912717321,1
7,47,2.3651940932589968,2,Slider,R,R,S,0.37038319604164116,1
6,127,4.319306374895672,4,Slider,R,L,L,0.5058515042016614,0
1,40,4.590550080269973,1,Cutter,R,R,S,0.40303216430398503,1
4,46,4.619783184955807,0,Curveball,L,R,R,0.6641531472702384,1
3,96,6.817670282487093,7,Sinker,R,R,L,0.33695382998974366,1
3,69,3.1179793173892874,7,Changeup,R,L,R,0.7782590907538305,0
7,76,4.130833301331967,6,Changeup,L,L,L,0.4400737674778226,1
4,138,0.08742719174198843,2,Curveball,L,S,R,0.6269808371376251,0
8,83,6.316404812638134,7,Curveball,L,S,L,0.5848686611157917,0
9,67,2.0759016590068233,3,Changeup,L,S,S,0.6455522530473421,0
3,23,6.532440192324131,6,Changeup,L,L,L,0.5306416115926849,0
5,80,2.1251093310425375,2,Fastball,L,S,S,0.43027691005267005,1
4,115,0.08630797009993785,1,Slider,L,R,R,0.30775600388673285,0
6,23,1.238650545547574,6,Fastball,R,L,S,0.5116656256034409,0
4,84,7.885463220577344,5,Fastball,R,L,R,0.2365143356714936,0
8,143,2.5584099675839083,1,Slider,R,S,S,0.235294658636704,1
3,112,0.8705912161019773,4,Cutter,L,R,R,0.5680351359921931,1
5,50,0.9500704290060042,2,Sinker,R,R,L,0.48829366505651284,1
1,90,2.4827417124577904,1,Cutter,L,L,L,0.5036628885648251,0
6,21,0.30116032893410427,0,Cutter,R,L,S,0.39121636484119027,0
5,69,4.09190870497563,0,Cutter,R,S,L,0.6743394427763254,0
8,27,1.7099273239145614,2,Curveball,L,R,S,0.32071093735313355,0
9,74,4.154485131174978,6,Fastball,R,L,R,0.55167759548283,1
8,62,1.1261137495937614,4,Curveball,L,R,R,0.7162868653075602,1
8,49,3.438857832139939,5,Curveball,R,L,L,0.7004427099300259,1
3,78,4.783334867209956,2,Slider,L,S,L,0.2171768051538895,0
4,28,0.49599950670486415,4,Cutter,L,L,S,0.36739170878538874,0
4,87,3.1899944740084685,0,Changeup,L,L,S,0.6288398750122292,1
5,100,2.420190567917502,1,Cutter,L,L,R,0.6444469398015504,1
9,142,1.9228785319090722,3,Fastball,R,S,R,0.48964715786002944,0
9,149,4.836277008675972,1,Curveball,L,S,S,0.3214868530187855,1
1,42,4.708335886123258,0,Fastball,R,S,L,0.36740027484534843,0
8,41,5.045598453421548,5,Curveball,R,L,L,0.6805744338160546,0
1,28,1.2710613634601708,6,Curveball,R,L,S,0.3152961513099446,0
2,109,2.285673958898622,0,Curveball,L,R,S,0.7653878579072724,0
7,52,1.6774302239606298,1,Changeup,L,S,L,0.5005210766200763,1
8,108,4.324028839982735,1,Cutter,L,S,L,0.37005225253912155,1
1,114,3.6885255136769306,5,Curveball,L,L,L,0.4337688381712028,1
3,88,2.6423499007420004,5,Slider,R,S,L,0.3539075367583321,0
7,57,6.288118470947465,0,Sinker,L,R,S,0.43060097099946565,0
9,83,0.7517899552670624,1,Sinker,L,S,R,0.2784777594339222,0
8,91,7.799173510045137,6,Curveball,R,S,L,0.6938971208145218,1
8,39,0.9323526225225498,3,Cutter,R,S,R,0.7781939542198726,0
9,53,6.184566500546955,7,Cutter,L,R,R,0.5954837851233868,1
3,130,2.9458415132866547,3,Changeup,R,R,L,0.6851485340136733,1
8,61,6.922097833054445,2,Curveball,L,S,S,0.3368476403228935,0
1,85,0.5933595902732964,3,Slider,L,R,R,0.23765229652958308,1
8,40,2.9977736815387024,0,Changeup,R,L,R,0.5762672822788734,0
7,98,2.6835472520018904,0,Changeup,L,S,S,0.6905473778789357,1
8,89,7.945256305804283,2,Curveball,R,R,L,0.7006056819930375,1
1,24,7.884391959117004,6,Curveball,R,R,L,0.5196580967220931,1
6,86,1.518431669331104,4,Changeup,R,R,S,0.5732604327618451,1
7,35,5.039575685586711,6,Changeup,L,L,S,0.4209508958595227,1
5,118,4.284155359287522,2,Changeup,L,R,R,0.6984013753987512,0
5,92,1.2349879299259099,4,Fastball,L,L,L,0.6185633520745297,1
7,54,1.3422376488353844,4,Changeup,R,L,L,0.31152264472353164,0
3,102,7.914013827836437,1,Cutter,L,R,S,0.3676630550166285,1
6,129,3.6218399489674615,5,Sinker,L,L,S,0.2911136546213444,1
7,58,1.006410336000588,3,Slider,R,R,L,0.5034343167343946,1
1,29,1.7183203099140343,6,Slider,R,R,L,0.3213432266117634,1
2,20,2.146784537988397,4,Sinker,R,R,L,0.29526081521508324,1
4,25,4.0873381065489545,7,Curveball,L,S,R,0.29626012358532466,1
8,85,2.6843850360504744,1,Changeup,R,L,R,0.35952290099984496,1
6,57,3.6400942871193678,2,Slider,R,L,R,0.6854175425060398,1
1,86,1.3319964088109018,7,Slider,R,R,L,0.7629747771037889,0
5,119,2.6138295247000496,2,Cutter,L,L,L,0.7975151957265203,1
7,96,0.5625327417420323,7,Cutter,L,R,L,0.22416861358761964,0
6,54,7.11768218780679,6,Fastball,R,L,L,0.5413438260291512,1
9,64,1.590019817348626,6,Sinker,R,L,L,0.35986642524322154,1
8,87,6.05520108342991,4,Fastball,L,R,S,0.7933452927842015,0
4,36,2.796414305626768,6,Slider,L,R,R,0.7905970814360326,1
5,24,3.7951785515183465,1,Curveball,L,R,L,0.7604639136061773,0
7,76,2.3300883156898147,0,Slider,R,L,S,0.20853448020844545,0
8,114,5.571530168858959,6,Curveball,L,S,R,0.2927128243831053,1
5,49,6.756371354197659,5,Slider,R,S,S,0.5314703446598561,0
9,26,2.2901614779167048,5,Cutter,L,L,L,0.31237299686271414,1
4,143,1.9377411493087395,3,Changeup,L,L,S,0.7129110450275193,1
4,110,5.451522123711175,4,Slider,R,R,S,0.6198425702105275,1
8,71,1.5612244845417669,0,Fastball,L,R,S,0.31044963548239846,1
1,25,5.118718124878178,7,Curveball,R,R,R,0.6910467931709493,1
8,128,0.7554246375490843,3,Curveball,L,L,S,0.49896429726767294,0
5,114,4.9610972796854975,7,Slider,R,R,R,0.6258270270068087,1
1,85,4.107253872083465,0,Curveball,L,R,L,0.2838972264578647,0
4,29,0.9112457246104668,5,Fastball,R,L,L,0.5107115940292832,0
2,45,5.192829078916798,1,Cutter,R,S,R,0.6658028345040101,1
4,87,3.5724572562726067,6,Changeup,R,R,L,0.4073523503399029,1
8,117,1.7369204065366857,4,Changeup,R,S,R,0.31209413200016384,0
5,90,2.8270732456174184,0,Curveball,R,R,R,0.5836807919926065,1
1,69,3.936816845111437,7,Slider,R,R,S,0.5864424752407991,1
7,36,0.732433818115056,0,Curveball,L,R,R,0.3226085679535214,1
1,30,7.660875865026834,0,Fastball,L,L,L,0.241610026182355,1
9,72,5.32449724969697,5,Sinker,R,L,R,0.29987069233698826,1
3,69,0.820279850301568,4,Slider,R,R,R,0.3653163775316539,0
3,143,6.582897474627676,1,Cutter,L,R,R,0.22176687200341372,1
6,81,2.580439447569163,1,Fastball,R,L,S,0.7536389555822793,1
6,95,4.774396293705471,0,Cutter,L,L,R,0.3383019562086871,1
6,142,2.217142732636586,1,Slider,L,S,L,0.6433515259928742,1
1,109,5.867247559316858,3,Cutter,R,L,S,0.4487945073203629,0
5,48,5.784071800000818,1,Fastball,R,R,L,0.5011902938283774,1
6,121,4.416347654979344,0,Fastball,R,L,S,0.5221656661790034,0
8,120,1.9274047397726246,3,Curveball,R,S,S,0.6636774819421687,1
1,129,2.029630460097164,7,Sinker,L,S,L,0.672747825967214,1
5,128,3.0629023735595435,4,Slider,L,R,L,0.2847637635576511,1
3,48,1.1600973391702825,2,Changeup,R,L,S,0.38200606373958296,0
2,78,2.7012457055273886,5,Sinker,R,S,S,0.543823290257216,1
8,89,5.4748368099865,1,Changeup,L,S,L,0.39824364541302804,0
7,115,6.64676224047537,6,Cutter,R,S,S,0.2796795824738603,1
7,63,2.6606583239468913,3,Changeup,L,R,S,0.4450605427388009,1
5,103,1.8687220660349118,2,Changeup,R,S,S,0.33105436013241507,1
9,140,6.661140626681075,4,Fastball,L,L,S,0.2860843138798801,1
5,76,7.12563221908737,2,Fastball,L,R,S,0.38241699961971304,1
2,136,3.2801721864965145,7,Fastball,L,L,R,0.37981293397745997,1
3,83,0.2152332307970708,4,Changeup,L,L,R,0.258318408883281,1
4,118,5.559692967153215,0,Cutter,R,S,S,0.550470498779073,1
5,57,6.272265889465036,0,Slider,R,R,R,0.38860623905877545,1
3,46,0.14419402531552183,5,Curveball,L,R,S,0.303972285053549,0
7,36,4.760246826732105,5,Cutter,L,L,S,0.6911582855280746,0
5,82,4.7069500659534,4,Fastball,L,R,S,0.20154539799423718,0
5,30,3.0296632699833124,2,Cutter,R,R,R,0.47257486609792143,1
6,83,5.998138606806702,5,Slider,R,R,S,0.4609675973819124,1
7,58,3.425432304914885,7,Sinker,R,R,R,0.6026895181912242,1
8,149,5.414207614330913,1,Fastball,R,S,S,0.43363994540355294,0
9,134,4.1369384370812154,2,Slider,R,L,R,0.5076297684980814,0
4,64,1.9877168376227514,5,Sinker,L,L,R,0.7450707161422641,1
5,107,4.852006904081054,2,Curveball,R,R,L,0.300969426143945,1
5,99,5.895267958766733,6,Cutter,R,R,S,0.2633046286451687,0
8,28,7.791245387496029,1,Curveball,R,L,R,0.6480549960816135,0
9,124,3.0408715744193078,2,Changeup,R,L,L,0.6457409601966424,0
7,144,0.5157803573308088,2,Cutter,L,S,S,0.7517873055709541,1
5,97,7.903769769770815,3,Sinker,L,R,R,0.7898942399197686,1
3,64,4.99045327540429,4,Changeup,L,L,L,0.4306314272207215,0
1,127,7.571603665286154,0,Slider,R,S,L,0.42645632215757,1
9,118,0.8306166880889547,5,Changeup,L,S,L,0.7427945590210916,1
5,46,2.7362707189636613,6,Sinker,L,R,R,0.7164269071878282,1
9,59,1.0714935909817944,5,Sinker,R,S,S,0.42526442694269856,1
4,45,6.684081236656476,5,Slider,L,S,S,0.2457778826503828,0
5,102,7.042741931434529,4,Curveball,R,S,L,0.5487344250989536,1
4,45,4.010493599000164,2,Fastball,L,S,S,0.3612199682213211,1
2,89,1.4928497412962436,1,Curveball,R,S,L,0.7451569247235008,0
1,86,1.0169517523176683,1,Changeup,L,R,R,0.6836703458095514,1
8,25,4.705312880641654,0,Slider,L,R,R,0.7405841617106859,0
4,47,4.051010596682405,0,Changeup,R,R,S,0.24854840048458463,0
5,32,5.55831281894134,0,Sinker,L,R,L,0.7187676949384671,1
6,82,2.4416581009599296,1,Fastball,R,L,R,0.5558515301319311,0
8,32,3.218943960194898,2,Cutter,L,R,S,0.32925585373123456,0
8,148,0.170888590809259,0,Cutter,R,R,L,0.38075727788475533,1
7,59,4.881144360604232,0,Cutter,L,R,R,0.47398107662338823,1
4,50,3.3851481707718225,6,Changeup,L,S,S,0.5765863971442485,1
6,36,7.358117070507583,1,Cutter,L,S,L,0.33963652788774557,1
4,128,5.134290381638439,5,Slider,R,S,L,0.32422560118802074,0
7,83,3.1895559315975506,2,Fastball,R,R,R,0.7352964248607938,1
1,76,2.108713446986803,0,Sinker,R,L,S,0.7071332332784523,0
5,44,7.2422795408611105,7,Curveball,L,L,S,0.6600661007037203,1
4,141,0.13012059293954614,2,Sinker,R,R,L,0.6565344386218354,1
7,97,2.6152997380191376,3,Slider,R,L,R,0.6595843183454433,1
9,76,7.54804467030428,5,Fastball,L,L,R,0.7544598884842078,0
5,90,5.232264055852593,5,Curveball,R,R,S,0.7062322369511458,1
4,107,4.261752570266393,7,Cutter,R,S,L,0.4331445269340274,1
9,132,1.6282777433634195,0,Curveball,R,L,S,0.48278148832103523,1
5,119,6.666998194035097,7,Changeup,L,S,S,0.5627379618182187,1
9,66,1.6335925007422087,0,Changeup,R,R,L,0.4853598227237004,0
8,135,1.9860282521699997,6,Cutter,R,S,R,0.37816223648364145,1
4,109,1.5348091429748418,1,Cutter,R,L,S,0.7166900471094861,1
7,130,1.2651956845561756,5,Slider,L,S,L,0.6820695316230532,1
5,109,7.626499967830423,7,Slider,R,S,R,0.43391564016642536,1
4,148,4.816252769130467,6,Sinker,L,S,L,0.2687999607831337,1
5,31,5.102697056080752,3,Changeup,R,R,L,0.2029217386658531,1
5,125,7.634603725430268,3,Fastball,L,R,L,0.25546767723923197,1
9,141,1.8446004410045012,3,Slider,R,R,R,0.2928459093746683,1
9,72,0.0473403087815365,4,Fastball,R,R,R,0.5946745275893712,1
6,119,4.791069196562329,1,Sinker,L,S,R,0.33176725388304634,1
4,56,4.062758825793269,1,Changeup,L,L,S,0.5808952850493758,0
2,138,3.8212030191863526,7,Slider,R,S,S,0.39699349501163106,1
3,78,0.4950416899695931,0,Fastball,R,S,R,0.7370315990606573,0
2,73,3.635478932598276,1,Sinker,R,S,S,0.48144594263780593,1
5,20,2.3004765207255913,0,Fastball,R,L,L,0.6037101685820145,0
6,47,2.196517417794505,6,Slider,R,L,L,0.4765681205482859,1
5,131,1.7790526414327426,0,Cutter,R,L,L,0.7475232808356798,0
2,35,2.660226878036566,4,Sinker,L,S,S,0.6124464090464585,1
5,47,2.8250646011472993,6,Sinker,L,R,R,0.5852950642982787,1
9,131,2.47020621089598,1,Curveball,L,R,S,0.5553805320924905,1
4,148,7.830021725756072,1,Cutter,L,S,S,0.7931669120218974,1
2,135,7.461848684075897,4,Sinker,R,R,R,0.610854610708396,1
3,117,4.596080796198898,4,Curveball,L,R,L,0.6524841097606757,0
3,89,7.848438707282479,6,Fastball,L,S,R,0.24902720678441398,1
9,111,7.929584082553521,6,Slider,L,S,L,0.6885335063533816,1
4,22,2.84751768013842,1,Sinker,L,R,R,0.5580300116417487,0
1,100,3.561500365917956,1,Changeup,R,S,S,0.4019971583393067,0
1,63,7.672494215877324,6,Slider,L,R,R,0.5490142703693899,0
7,43,4.869009594389492,0,Cutter,L,L,R,0.5753300788490878,0
7,118,1.7034326626981802,2,Curveball,R,L,L,0.35611367245228953,0
2,131,5.515045346692003,5,Slider,R,S,R,0.4622388028553467,0
9,142,1.6459694563687002,0,Curveball,L,R,R,0.6328084442993329,0
9,131,2.7148619493747663,3,Cutter,L,L,R,0.3355088333122165,1
5,149,1.8204813047628123,3,Cutter,L,S,R,0.7016752027625732,0
3,87,1.9598417274707378,2,Slider,R,L,S,0.24651590613522412,1
3,110,0.037244652534258016,5,Sinker,L,L,R,0.5487306665583318,1
3,79,7.045670657595615,4,Changeup,R,S,R,0.42781207060514426,1
6,143,2.3679239622063504,3,Sinker,R,L,L,0.2319880406607242,1
4,115,0.6909950361823558,4,Changeup,L,S,R,0.6646921283070962,1
8,148,0.6958992454487083,4,Curveball,L,S,S,0.5279251045373217,1
5,52,4.448146211687617,0,Slider,R,L,L,0.6291954950433143,0
1,49,7.943364404271497,4,Fastball,R,L,L,0.4280739145565655,1
9,24,1.160179738161533,2,Cutter,R,R,R,0.7157722172579788,0
1,137,0.7969742475972756,0,Sinker,R,L,L,0.2502239057355565,1
6,57,3.5064310432167254,7,Curveball,R,R,L,0.34001206338280854,1
1,36,4.506650030726363,7,Cutter,R,S,R,0.6767618898041479,1
3,128,2.3550428710235236,2,Curveball,L,L,S,0.7728075533458383,1
5,59,2.4201767401109313,7,Slider,L,L,S,0.7078674318343228,1
7,130,3.395812014791596,4,Curveball,L,S,R,0.33851623742189585,1
8,147,2.513164921204848,3,Curveball,L,L,L,0.4091231208739113,1
9,114,7.322652668548134,5,Fastball,R,R,R,0.659297700377967,1
6,48,0.3356365703250317,4,Curveball,R,L,R,0.7677631732895829,1
9,92,1.876561278962197,2,Changeup,L,R,L,0.3735483881545827,0
8,40,6.46842236981937,1,Curveball,L,L,L,0.4318052634369697,1
9,79,6.671664997319654,7,Curveball,L,L,R,0.21372350170269877,1
4,117,0.8924406317136091,1,Slider,L,S,L,0.5026411196791998,0
9,94,7.7901076001017335,7,Curveball,L,R,L,0.25289704223806386,0
7,138,5.546838799192871,3,Fastball,R,S,S,0.2513557605470742,1
5,132,2.180744447868765,7,Slider,R,S,S,0.6567896817710077,1
5,133,3.648302918515636,6,Cutter,L,S,R,0.40635194112978196,0
1,122,2.3771089565437373,5,Changeup,L,R,R,0.7613838521913794,0
2,99,1.200177998835355,2,Changeup,L,S,R,0.6296501430927572,1
3,82,2.3294245179913213,3,Cutter,L,R,S,0.37685734365960555,0
8,76,4.640735499916947,0,Curveball,L,R,L,0.6091292122848434,1
6,48,6.607757558683749,4,Fastball,L,L,R,0.7193599023105275,1
5,148,2.9082325991166176,6,Fastball,L,R,S,0.4616222768302506,1
1,143,2.783212324382734,0,Fastball,L,R,R,0.5370630088603758,0
9,78,3.744005608650581,1,Fastball,R,L,S,0.3304930350060141,0
3,105,5.15644479971477,4,Curveball,L,S,S,0.44132522113211475,1
3,90,6.012930099458474,0,Cutter,L,L,L,0.547429609467845,0
2,108,2.6143960383957907,7,Cutter,L,L,S,0.5692869792393992,1
4,117,4.690819742601112,1,Changeup,R,L,L,0.6320206365117769,1
2,63,3.1148867302470595,5,Cutter,L,R,R,0.774411913624008,1
9,135,5.7311988029070875,0,Fastball,R,L,L,0.7031224215005465,0
7,94,1.3173993641361665,7,Curveball,L,R,R,0.7109523393662007,0
8,42,2.0553989204103686,4,Slider,R,R,R,0.5345072163178595,0
3,64,3.4084833587419983,0,Slider,R,R,L,0.28650410251383773,1
6,111,7.1153183193709415,6,Fastball,L,R,R,0.5812952127488278,0
6,32,4.586606314805522,7,Sinker,L,S,R,0.4437549840173414,0
1,53,7.723168951851293,6,Changeup,L,R,R,0.21910448616293557,1
6,89,0.8262214822486706,4,Slider,R,R,R,0.3169122304006107,0
3,127,3.6814033092074787,0,Sinker,R,L,S,0.6554446317701824,1
3,145,3.3526282403630736,3,Fastball,L,L,S,0.5786031125835389,1
3,40,4.801649411247747,5,Curveball,R,R,L,0.7870589226524705,0
8,42,6.495716869660626,0,Slider,L,S,S,0.7540673827683084,1
5,38,6.731584204664482,0,Fastball,R,S,S,0.5565556395009748,1
4,69,5.361556869644066,6,Slider,L,L,S,0.2929648721171283,1
9,39,5.132290913964429,6,Curveball,L,S,S,0.401807465432722,1
9,135,7.59223633635846,3,Cutter,R,L,S,0.33980641621019,1
1,111,3.069499213107397,6,Cutter,R,S,S,0.48230977136813374,0
2,112,6.662266513507906,1,Curveball,R,S,L,0.6803440620901199,1
8,102,7.372029816738353,4,Curveball,R,S,L,0.6931090393319949,1
5,72,3.9323139541215753,2,Cutter,R,L,L,0.3068394311136299,1
7,142,5.832820628826402,1,Curveball,L,L,S,0.5294526055791189,1
1,104,3.0161588533672488,4,Curveball,L,R,S,0.6060395852489099,0
5,101,1.2710321135632325,0,Curveball,R,R,S,0.43797896768062244,0
3,28,4.692031051779402,1,Cutter,R,S,R,0.7432619661103581,1
2,23,1.571773206796255,0,Cutter,R,S,S,0.4154114479181866,1
2,44,3.6607930464309524,1,Sinker,L,S,L,0.49408087854682686,1
9,53,6.983034506626666,1,Slider,L,L,R,0.5521014933005355,1
4,92,0.6881455005094441,2,Cutter,L,S,R,0.4564115094387997,0
4,101,0.24342828531719718,3,Slider,L,R,S,0.7781810734980104,0
7,23,4.851822779055101,1,Cutter,L,S,S,0.6562792107126625,0
2,26,2.6484906127591605,6,Changeup,L,R,L,0.697450141707566,0
3,34,3.343501655407322,0,Slider,L,S,L,0.6515781548035962,1
3,57,3.2456847092666523,2,Curveball,R,S,S,0.5528640417303377,0
6,110,0.6929618320765085,1,Changeup,L,S,L,0.21689845899613625,1
3,71,0.028531461436756445,6,Sinker,L,R,L,0.6588460271282188,1
5,100,7.187385942914115,3,Cutter,L,R,S,0.5676165197394072,1
4,119,1.742388487229971,0,Cutter,L,L,L,0.24843958574918384,1
3,26,3.4086319349143066,2,Sinker,R,R,R,0.2711490387812363,1
8,126,7.775406373368629,4,Changeup,R,S,R,0.4887159360880524,1
3,64,6.614100655869218,5,Fastball,R,R,L,0.711703075049632,1
6,78,0.8634468421016175,3,Curveball,R,S,R,0.5322489279099856,0
7,141,4.068152252900686,7,Slider,L,S,L,0.7517694596494271,1
7,40,5.840632211960128,6,Changeup,R,R,R,0.6893915566845684,1
2,22,5.587142279993699,4,Slider,L,L,L,0.578470178194932,1
3,21,6.086734819235762,4,Cutter,R,R,S,0.38801725755107186,1
4,48,3.659637239104282,2,Fastball,R,R,L,0.7116402468980418,1
7,56,1.4073834346422567,2,Sinker,R,S,S,0.5955159762759794,1
2,64,3.7189795513549813,2,Fastball,L,R,L,0.5316592061886025,1
3,139,5.183097993386336,6,Slider,R,L,L,0.5003740144409451,1
7,65,4.868736692841344,7,Sinker,R,S,S,0.3276872936232289,1
7,72,0.5641764303088594,6,Cutter,R,R,R,0.20944321187857096,0
3,64,0.519619472657534,4,Sinker,L,L,S,0.6299041944251781,1
1,51,7.722062649241695,5,Sinker,L,S,R,0.7517663544218873,0
3,37,1.2144436403181684,0,Fastball,L,L,L,0.3101973431724232,0
5,32,2.3556997120937755,2,Curveball,L,L,R,0.7608341921790012,0
7,42,6.141075857249324,3,Cutter,L,S,L,0.24314709553716723,1
4,81,3.2774166065853994,2,Changeup,R,R,S,0.5314790999446508,0
1,73,1.4517188260802616,5,Changeup,L,L,R,0.26933546575022366,0
6,88,3.737859058478252,2,Changeup,R,S,L,0.73346267455263,1
2,33,4.551599766106927,5,Curveball,L,R,R,0.2619441139309813,0
3,117,3.6221328742246053,2,Cutter,R,L,S,0.35063277238348795,1
4,47,7.351568603776872,7,Sinker,L,S,L,0.6835604162871081,1
6,114,2.2775943607960345,4,Slider,R,L,S,0.6130920397931943,1
6,90,5.2906572855973675,5,Slider,L,R,L,0.43287670426302477,0
7,86,0.8983577712791817,0,Cutter,L,R,R,0.7020614907040399,0
5,119,3.1382836613122125,2,Curveball,L,R,R,0.5814199664890344,1
7,80,5.927946012679789,4,Cutter,R,S,R,0.35586648787434827,1
2,122,1.7985355247157235,7,Slider,L,R,R,0.6441616198835857,0
1,138,4.718168365235301,3,Cutter,R,R,S,0.39983583139353707,0
8,36,1.2274962336724826,0,Changeup,R,S,L,0.6894430615951916,0
1,68,0.8216135308909687,4,Sinker,L,R,R,0.6689553142518119,0
2,97,4.185861991400341,7,Cutter,R,R,R,0.3851109317715688,1
6,65,5.400087968688229,5,Sinker,L,R,R,0.26219121506060844,0
1,112,0.9069365298758676,1,Fastball,R,S,R,0.692473127020266,0
3,140,7.34221001898332,3,Cutter,L,R,L,0.4186693051018222,0
7,32,1.806178101579735,3,Slider,R,L,R,0.39519343807699003,1
8,64,0.9598024652744002,1,Slider,R,S,L,0.21091593622340624,0
4,36,1.6215912668016843,4,Sinker,L,L,S,0.6355238480827852,1
3,66,1.3565796522547355,4,Slider,L,S,R,0.364440935195524,0
1,81,0.7253972049035919,6,Changeup,R,S,R,0.46152336885484524,0
9,62,6.3827138782296595,5,Slider,R,S,S,0.7398771567520641,1
6,87,3.964302197952888,3,Fastball,L,L,S,0.27518405020048453,1
6,143,3.1081555230294624,6,Cutter,R,R,R,0.2228234472156233,1
9,128,7.605023415873065,4,Curveball,R,R,R,0.5363048891880204,1
1,47,2.9680670965183262,1,Slider,R,R,S,0.6199121744975211,1
6,113,1.335781808377515,6,Cutter,R,R,L,0.5169022645815388,1
5,137,2.19234313541277,4,Changeup,R,S,L,0.4037465585551785,1
6,110,1.9117322687087714,3,Cutter,L,S,S,0.4168583810416439,0
8,103,3.9899302365064386,4,Slider,R,L,R,0.2897888408615431,1
5,52,2.3320409916365916,0,Slider,L,R,R,0.3870293407960521,1
2,44,4.128489377490895,1,Sinker,R,S,R,0.6553315157856483,0
2,38,5.354347399574311,7,Slider,L,R,S,0.49948463602334386,0
5,125,6.218390285706063,1,Fastball,L,R,S,0.734454577513471,1
3,52,5.681262250137847,7,Cutter,L,L,L,0.30080093325737484,1
3,86,1.6447257316508876,2,Sinker,R,S,S,0.4654535800436302,0
8,61,0.9271977539420302,4,Curveball,R,R,R,0.6209647757127819,0
7,114,4.3396012728100075,5,Fastball,L,L,S,0.36337262779095847,1
1,66,1.5912943296651614,7,Curveball,R,L,S,0.36010764307082066,1
5,54,0.6794697741721061,1,Slider,L,R,R,0.2633611691849568,0
9,136,4.216754743835337,4,Curveball,L,R,R,0.7357587096955454,0
4,95,2.6143534808623636,0,Curveball,R,L,S,0.30351726661973827,0
1,147,6.0491920955080305,6,Fastball,R,L,S,0.7820762320994721,1
8,74,2.5135330443873443,3,Fastball,R,R,R,0.46930270281530073,0
5,117,7.82973709644651,3,Cutter,R,R,R,0.7890713046738218,0
2,127,6.068185530085665,2,Curveball,L,L,S,0.22421204041860815,1
1,68,0.4615457719108971,2,Fastball,L,S,S,0.5402558516083533,0
3,132,4.070981922850209,7,Cutter,R,L,L,0.614503342228468,1
9,89,4.500964009712883,7,Curveball,L,L,R,0.5098094152640451,1
1,105,5.562421685452781,5,Curveball,R,S,S,0.5420616766793388,0
4,58,3.982374376270066,7,Sinker,L,R,R,0.5230401376410903,1
8,29,3.8675487873165855,1,Slider,R,L,R,0.28967429654892485,0
8,22,2.943508893420902,5,Fastball,R,R,R,0.5191445902121175,0
8,65,2.17169107119339,1,Changeup,L,S,R,0.5250378575787608,0
8,86,7.569601695813875,1,Sinker,R,L,S,0.4133489700258424,1
4,116,2.5407733570749755,0,Fastball,L,R,L,0.5644901033987366,1
8,38,0.5073705966426454,2,Sinker,L,R,L,0.4471424628761437,0
9,81,1.338277914347298,2,Slider,L,R,S,0.6530929248797717,1
7,117,6.858213088330317,3,Sinker,R,R,L,0.22292607264605424,1
2,76,4.6930676729870715,2,Sinker,L,R,R,0.20597054418620458,1
9,114,6.230244395016525,2,Cutter,L,R,S,0.5143525645714924,0
8,126,6.470252369117555,0,Fastball,R,L,S,0.7935338164037662,1
5,107,6.585891513688586,5,Curveball,R,L,S,0.46727669232096813,1
3,134,4.40490966195687,1,Changeup,R,S,R,0.207127507970103,0
7,138,1.416964765592839,5,Cutter,L,R,R,0.39026354841259525,1
2,71,1.185862017889134,6,Fastball,L,S,R,0.4803505375884324,1
3,60,4.5918753630008995,6,Cutter,L,L,S,0.7406775459328934,0
9,67,2.9321148294854114,7,Curveball,R,S,R,0.27276945418416126,0
4,110,4.464385929966139,0,Sinker,R,L,S,0.7546340867605337,1
4,58,3.9878227539029183,4,Changeup,L,L,R,0.7640919974846911,0
3,32,4.817584637580388,3,Curveball,R,S,R,0.5845743480338969,0
5,115,0.2568943258925227,3,Changeup,L,L,R,0.3351096525492937,0
3,128,0.2626934450409868,3,Cutter,R,L,R,0.5220249803835435,1
9,123,5.77276136678807,5,Sinker,R,S,L,0.6899902619741106,1
3,117,1.5450179505817587,1,Sinker,R,S,R,0.41482821350466836,0
2,62,5.217587697536451,1,Fastball,R,R,L,0.7431870303721928,1
5,107,4.372607286331636,1,Changeup,L,S,S,0.25215353260491014,0
6,112,7.854355771236987,3,Curveball,L,L,S,0.38431058178548244,0
1,145,6.683247031064498,7,Changeup,L,R,L,0.7959187469016753,1
6,128,3.3050761706507954,3,Cutter,L,L,S,0.5503245495880309,1
3,66,4.93130256074532,5,Sinker,L,S,R,0.5542050216779955,1
4,111,0.9383156578037761,5,Cutter,R,L,L,0.34392204705010726,0
6,60,3.091088343699048,6,Cutter,R,S,L,0.7145344220913699,0
8,22,5.8711019287189945,3,Fastball,R,S,S,0.4574490834360397,1
9,140,4.981372673029229,4,Cutter,R,S,S,0.6761228636412504,1
6,96,3.875770595018863,4,Fastball,L,R,L,0.6864104877960118,1
7,114,1.4122328324213527,6,Slider,L,S,S,0.30491435088488605,1
5,32,6.425167409260357,5,Changeup,R,L,L,0.5010727239805108,0
9,124,2.1853328352926153,3,Sinker,L,R,L,0.43039439368261434,0
4,37,6.563832653295276,1,Sinker,L,R,L,0.29290740647929087,1
6,56,4.892872502359948,1,Curveball,L,R,R,0.2740378617810608,0
5,74,2.9818514235902995,4,Sinker,R,L,R,0.227479712815669,0
1,71,0.324841775679932,4,Fastball,L,S,S,0.6211780871231636,0
5,55,1.859350754755015,3,Sinker,R,R,L,0.6692903912882193,0
5,133,7.112567403905311,3,Fastball,L,S,S,0.48283325830510665,1
9,71,6.5437947511657395,1,Sinker,R,S,R,0.5383516908961132,1
1,38,4.598826503472783,5,Curveball,R,L,S,0.35719746553437626,0
5,111,3.7305797116970156,2,Changeup,R,R,L,0.6288802566404321,1
7,67,5.177141434640873,5,Cutter,R,L,L,0.5503739843121911,1
6,120,3.729985022746412,6,Changeup,R,R,R,0.7293896059581864,1
6,118,5.154438725753122,1,Fastball,L,R,L,0.6476886134398661,1
7,66,2.4592327972812633,5,Cutter,R,S,S,0.21136125056758365,1
6,86,6.707977743291801,1,Slider,L,S,L,0.6859099114009943,0
5,50,5.615343147722133,3,Curveball,L,R,R,0.21627766196400888,1
5,95,2.6398050274215343,7,Changeup,R,R,L,0.6883073340388194,1
9,27,6.64532891858753,7,Cutter,L,S,R,0.792360605672513,0
8,63,3.8987402468254313,2,Curveball,L,R,L,0.48852712494054235,0
4,54,1.3971109178996919,2,Changeup,L,R,R,0.3361385782883499,1
4,33,0.6216996960282133,7,Fastball,R,R,R,0.20574273150039213,0
5,129,5.596845981097763,6,Fastball,L,L,L,0.2901758013749432,1
3,23,6.920966433664085,3,Fastball,L,R,S,0.5022692275522664,0
8,131,6.459535908756349,0,Slider,R,R,R,0.6839515066611705,1
7,88,5.245208241777215,3,Sinker,R,S,L,0.7228868514764557,1
5,68,1.1310004448381443,4,Fastball,L,S,S,0.6101365395074114,0
3,74,0.7523526078132283,5,Fastball,L,L,S,0.25209258024229997,0
5,100,2.760236984093803,2,Sinker,L,S,S,0.7948063767761797,0
3,134,6.83928712319015,6,Fastball,L,R,S,0.6482623918035195,1
5,94,7.693890162453314,3,Cutter,L,L,R,0.45587429813623226,0
1,117,1.93088683877657,1,Curveball,R,R,R,0.6882053264988002,1
6,146,6.09676536465376,1,Slider,R,R,R,0.5531437422151413,0
4,130,4.590953735257646,5,Changeup,L,R,S,0.5616695855282363,1
4,120,0.2544589366235419,1,Sinker,L,L,R,0.7827813428437493,1
8,133,4.343330799463518,6,Sinker,L,S,L,0.6806767964330143,0
2,48,6.447523223914842,7,Sinker,L,S,S,0.3572904241530823,1
4,81,2.208982266752212,3,Slider,R,S,L,0.3050947722916324,0
2,72,7.1788929917636874,0,Curveball,R,R,S,0.30338524642293346,0
1,136,1.8900832549970952,6,Fastball,L,L,L,0.47270226560815054,1
3,110,0.6117850611524345,4,Sinker,L,S,L,0.43313826431974295,0
8,125,1.2795144755165122,1,Fastball,R,L,L,0.4716571105553747,0
6,105,6.696022949767347,3,Changeup,R,L,R,0.2376185983653428,0
7,147,3.3384473523162264,0,Sinker,R,R,R,0.3212461688927498,1
2,119,6.3755645089732615,2,Slider,L,L,S,0.6785005492181193,1
6,113,4.249864487916761,7,Slider,L,S,R,0.6545607456225431,1
8,95,3.8444729983554513,6,Changeup,L,S,R,0.4359870498578273,1
8,22,6.455305211939723,7,Slider,R,L,R,0.4342781227177359,0
4,100,3.3879008936990074,6,Slider,L,L,S,0.7302939251402014,1
6,124,6.416261848530946,6,Slider,R,L,S,0.3091259233973287,1
5,51,0.8052973197075648,7,Sinker,R,L,R,0.41432871206064253,1
9,27,5.090486524314052,6,Changeup,L,S,S,0.6580856024078826,0
8,106,5.620696452415878,2,Sinker,R,S,S,0.5447519525432498,1
2,49,7.192779169133941,5,Changeup,R,R,S,0.236158687723926,0
7,93,1.7945913497295596,7,Curveball,L,L,R,0.20709434363983792,1
7,142,4.833759040742812,4,Slider,L,S,R,0.2114806645271284,0
1,140,3.4660525095137844,3,Curveball,R,L,L,0.5935894235845742,1
1,57,3.0621732443522323,3,Cutter,L,S,L,0.573493751429037,1
4,134,0.8537084416956597,1,Cutter,R,R,L,0.22670687988870608,1
5,128,1.073866644759538,0,Slider,R,S,S,0.27917768758887473,0
4,97,6.69590769158117,4,Fastball,L,S,L,0.6335351639321303,1
7,55,5.998027458604496,0,Cutter,R,R,L,0.38575389877424204,1
3,109,3.058729042328804,6,Fastball,R,L,S,0.7950112765141923,0
7,59,6.627892651117047,6,Curveball,R,S,S,0.3874907931394729,1
8,93,0.6461294785886276,6,Slider,R,R,R,0.40141219474608125,1
6,65,4.998191336265349,4,Curveball,L,R,L,0.4516827685470617,0
6,126,6.945408421714307,3,Sinker,R,R,R,0.6965937616131798,1
8,119,6.710913848249995,3,Curveball,L,S,S,0.5343748220718129,1
8,80,2.9822620795348787,4,Changeup,R,L,L,0.7143474428747338,1
7,22,5.961870824455913,0,Slider,L,S,L,0.4563243308112909,0
6,101,3.4197451641590204,5,Changeup,L,S,L,0.5649684628324785,0
6,26,6.721105315119595,2,Curveball,R,S,R,0.20277159071117115,1
6,50,4.246095601240184,2,Fastball,R,R,L,0.545328674759018,0
8,84,6.118856392840329,6,Slider,L,L,R,0.24831360064328423,1
1,114,0.6285726583333737,1,Slider,R,S,R,0.3158082524997114,0
5,83,4.720207772870903,1,Cutter,R,L,S,0.7985230194970723,1
3,96,4.402273419754709,5,Fastball,L,S,L,0.5823078551285551,1
8,22,4.879813773881281,0,Sinker,R,L,R,0.721553225819521,1
6,112,5.565132863324721,5,Fastball,L,R,L,0.2343951157512451,0
2,54,7.3448717602731355,3,Curveball,L,L,L,0.43073668174544183,1
7,34,6.285456654208248,0,Curveball,R,R,S,0.7174645569106095,0
7,40,1.7571039314792376,4,Curveball,R,R,R,0.44647069868342104,0
5,81,6.607170154336768,6,Cutter,R,L,R,0.3521781117930277,1
8,102,0.9766374209207651,2,Fastball,L,S,S,0.4885921529932283,0
5,23,4.977588685400557,1,Changeup,R,S,R,0.48256367591948385,0
1,86,7.0620304659675455,7,Fastball,L,S,R,0.7944115716925095,1
9,113,0.8089764337192316,0,Changeup,R,S,R,0.4127026123456498,0
4,77,6.7975412264820845,0,Slider,L,L,S,0.7744081995860665,1
2,149,6.388965873841965,4,Changeup,R,S,R,0.7472196168019767,1
4,44,4.030203470712566,6,Slider,R,S,L,0.46970664458455663,1
9,30,2.4711808183632327,6,Sinker,L,R,S,0.7669886669442838,1
2,20,3.2435058245723507,3,Sinker,R,L,S,0.6373272359369708,0
4,67,7.749265085601694,6,Curveball,L,R,S,0.7310066708429837,1
2,132,1.613580449214771,3,Fastball,R,R,R,0.735062686088291,1
5,100,4.636834302639162,6,Curveball,R,S,S,0.25127653561498153,1
3,49,0.6659259830294708,7,Fastball,R,S,R,0.7380949018129488,1
2,133,1.7431445135133776,6,Changeup,L,L,L,0.49374836624227936,1
9,38,6.106531104596165,2,Fastball,R,R,S,0.5822213937715142,0
5,129,2.4207923228842176,5,Changeup,R,S,S,0.3803104903832674,1
5,53,7.886128564501877,5,Fastball,R,R,S,0.587311520254569,0
1,51,4.00653634475072,1,Slider,R,S,L,0.21624707201565063,0
6,95,4.132314602461943,3,Changeup,L,S,R,0.422708096842968,0
7,145,0.29051791468588206,3,Curveball,R,S,S,0.5771533075035049,1
1,105,7.652213996618128,7,Curveball,L,S,L,0.31812382140181134,1
9,94,1.3938675270753436,3,Curveball,R,L,R,0.6035730064986029,1
8,64,4.306724790483541,5,Curveball,L,R,S,0.6973290797264107,0
8,84,3.165396879669853,0,Slider,L,R,R,0.2224023640555374,1
7,113,3.324677605956846,6,Slider,R,L,S,0.562369823400704,0
5,38,5.146401328288867,6,Cutter,L,L,L,0.548376124856203,0
3,138,5.296709416739819,3,Cutter,R,L,R,0.6692503906706145,0
9,66,1.234308918864775,5,Cutter,R,S,L,0.618505768286532,0
7,65,3.9966932249751377,4,Sinker,L,S,S,0.47277201801217617,0
8,48,6.323819593134855,5,Cutter,L,R,L,0.41271306155932264,0
6,119,3.5462918684178364,2,Fastball,L,L,R,0.7913893878398051,1
5,84,1.326435766612641,3,Sinker,R,R,R,0.5010665793708328,0
8,147,2.5057355452535255,7,Changeup,L,L,S,0.4447574035723197,1
3,70,1.6990365128405616,1,Curveball,L,R,R,0.7958007004433341,0
7,41,1.0065397433186964,7,Fastball,R,L,S,0.3083012435559548,0
2,129,3.02064901948283,0,Sinker,R,L,L,0.311679979626527,1
3,90,4.327489945584601,6,Slider,L,S,L,0.7858835149455801,1
2,52,0.582012202213054,4,Curveball,R,R,L,0.5946141924794488,1
5,146,4.830586977825467,5,Changeup,L,S,S,0.5118433917095406,0
7,128,7.9441955213568605,2,Changeup,R,S,L,0.24066555776980453,1
1,119,7.712999456160669,0,Slider,L,R,S,0.41351666074286136,1
9,63,6.633387855993271,4,Curveball,L,S,L,0.4600008521414397,1
1,26,2.130728902419224,0,Cutter,L,L,L,0.5068423675001603,1
1,147,0.17926077183493838,2,Curveball,L,L,R,0.4619400506148853,0
8,110,6.668333623062808,2,Curveball,L,L,L,0.4628653102980501,1
6,149,0.44576185582970584,3,Changeup,R,L,L,0.7969012668508053,1
6,36,1.645024651766163,1,Slider,L,S,S,0.7843945190192096,1
9,84,4.355625723574275,3,Curveball,L,R,R,0.25171873765552055,1
4,129,1.4270243131491487,5,Fastball,L,S,S,0.301173717084362,0
8,49,6.6703066503891355,6,Fastball,L,R,L,0.7649659003464568,1
4,111,6.2172775700786325,0,Slider,R,R,L,0.3913993311765066,1
2,94,6.046156045897998,3,Cutter,L,S,R,0.5669240472947032,1
8,124,6.529020927180612,2,Sinker,L,S,L,0.678718245484182,0
7,50,1.7576142421168965,2,Curveball,R,L,S,0.4825244174137719,1
4,116,5.831139009197995,2,Sinker,R,R,S,0.2099712728457408,0
9,70,2.8422520207341178,3,Curveball,L,R,R,0.6968455149313644,1
9,77,5.334758076547196,6,Changeup,L,R,L,0.6537440534395549,1
8,53,0.9761738290493982,5,Curveball,R,L,R,0.2248591946095273,1
1,40,5.644692640516119,5,Sinker,L,R,L,0.7384228569468518,1
7,56,7.776861823206237,4,Cutter,L,R,L,0.7142080066637446,0
5,83,0.34880292254973,3,Curveball,L,L,L,0.3650274211888458,0
7,143,0.750631209336678,3,Curveball,R,S,S,0.24808376628953172,1
9,120,0.989094138704111,7,Changeup,R,L,R,0.441904238670498,1
2,138,3.44451123953041,3,Fastball,L,L,S,0.7249415451660195,1
4,104,2.3262414794644295,3,Fastball,R,S,S,0.4894476721656377,0
4,97,6.4553612283255495,2,Cutter,R,R,S,0.3689459087017541,0
2,123,3.7902979136076924,6,Slider,R,S,R,0.3390593992424328,1
3,91,3.8762987415084194,1,Slider,L,R,S,0.41302097475716487,0
8,122,5.73630481060283,3,Changeup,R,L,S,0.7963695609097672,0
9,96,2.8957518602859658,7,Sinker,R,R,L,0.7270545722915469,1
6,129,2.825657979363708,3,Sinker,R,L,L,0.5282254938462317,0
2,38,6.0554111010198435,1,Curveball,L,R,S,0.685048528451307,0
2,149,6.240333966694118,7,Changeup,R,L,R,0.3897628843866346,0
7,81,0.11519018026255612,3,Sinker,L,R,S,0.5691265223912076,0
8,122,1.150323806725864,6,Fastball,R,R,R,0.7236505697484583,1
8,119,1.7047854491878383,1,Cutter,L,R,L,0.4206117990927218,1
6,71,2.8128037500630105,2,Slider,R,S,R,0.6802379990761678,0
8,68,2.3315846674556244,4,Curveball,R,L,S,0.5685937105317411,1
1,119,5.348160387106212,3,Slider,L,L,L,0.5692151536563071,1
9,145,6.625081870423665,4,Fastball,L,L,R,0.22465782833115633,1
1,137,1.5366958588481934,3,Curveball,R,S,S,0.7395563750918597,1
3,73,4.503840484815587,0,Fastball,L,S,S,0.6656864914642524,0
9,138,2.942530008648288,6,Slider,R,S,R,0.22188308585944272,0
5,117,4.046223000368495,5,Slider,L,S,R,0.5664477682976179,0
9,55,4.966062734267151,0,Fastball,R,R,R,0.6475411298030864,1
9,100,7.148798549456089,2,Curveball,L,L,S,0.6770733321588926,1
6,104,1.5383413426182457,4,Fastball,R,R,L,0.25312867066262684,0
1,102,0.6960526964484828,4,Curveball,R,S,L,0.5839644376186893,1
7,82,5.01769535236282,1,Changeup,L,S,S,0.33978555126337917,1
6,86,3.153046790181012,6,Changeup,L,R,R,0.4708626175507805,1
9,22,1.3032215463439085,1,Curveball,R,L,S,0.5158729050293506,1
7,61,0.9366973388387576,3,Fastball,R,S,S,0.21640658118780445,1
